context,trial_in_context,alpha,beta,phi,A,B,AB
0,0,0,0.7853981633974483,2.730984299740128,1,-1,-1
0,1,0,0.7853981633974483,-0.8765207358049976,1,-1,-1
0,2,0,0.7853981633974483,-0.7305619379531976,-1,1,-1
0,3,0,0.7853981633974483,1.5534446623044955,-1,1,-1
0,4,0,0.7853981633974483,2.1605869304833787,1,-1,-1
0,5,0,0.7853981633974483,-2.309379071561177,1,-1,-1
0,6,0,0.7853981633974483,-0.5314169562882287,1,-1,-1
0,7,0,0.7853981633974483,2.130049447393576,1,-1,-1
0,8,0,0.7853981633974483,-1.9434461829026564,-1,1,-1
0,9,0,0.7853981633974483,-0.20786357946846534,1,-1,-1
0,10,0,0.7853981633974483,-0.5382233843366464,1,-1,-1
0,11,0,0.7853981633974483,-0.10252426015961325,-1,1,-1
0,12,0,0.7853981633974483,-2.775737236017733,1,-1,-1
0,13,0,0.7853981633974483,0.931563175149785,1,-1,-1
0,14,0,0.7853981633974483,2.1481431066852013,1,-1,-1
0,15,0,0.7853981633974483,3.0989736241731087,-1,1,-1
0,16,0,0.7853981633974483,1.9264827961220634,-1,-1,1
0,17,0,0.7853981633974483,3.0378057264576457,-1,1,-1
0,18,0,0.7853981633974483,-0.9736404798165874,-1,1,-1
0,19,0,0.7853981633974483,-2.7278166498026675,1,-1,-1
0,20,0,0.7853981633974483,-1.7833077015188588,1,-1,-1
0,21,0,0.7853981633974483,-0.2655354976835387,-1,-1,1
0,22,0,0.7853981633974483,3.018232611070716,1,-1,-1
0,23,0,0.7853981633974483,-0.9446104636567512,1,-1,-1
0,24,0,0.7853981633974483,0.7291508791347918,1,1,1
0,25,0,0.7853981633974483,2.402557914201286,-1,-1,1
0,26,0,0.7853981633974483,0.9974065344304401,-1,1,-1
0,27,0,0.7853981633974483,0.033368503673345984,1,-1,-1
0,28,0,0.7853981633974483,-1.277677234252655,1,-1,-1
0,29,0,0.7853981633974483,2.843681809945042,-1,1,-1
0,30,0,0.7853981633974483,-2.898913378453848,-1,1,-1
0,31,0,0.7853981633974483,-2.5758343440852087,-1,1,-1
0,32,0,0.7853981633974483,2.848611035140329,1,-1,-1
0,33,0,0.7853981633974483,-2.0658057784203567,-1,-1,1
0,34,0,0.7853981633974483,-2.649753957054889,-1,1,-1
0,35,0,0.7853981633974483,-2.7848003700122566,1,-1,-1
0,36,0,0.7853981633974483,-2.6560640300435905,-1,1,-1
0,37,0,0.7853981633974483,1.5403162461259958,-1,1,-1
0,38,0,0.7853981633974483,2.976300748914131,1,-1,-1
0,39,0,0.7853981633974483,2.0441008933330185,1,-1,-1
0,40,0,0.7853981633974483,0.6077978974283167,1,-1,-1
0,41,0,0.7853981633974483,2.743300041017249,1,-1,-1
0,42,0,0.7853981633974483,0.9399918472373088,-1,-1,1
0,43,0,0.7853981633974483,2.168836104365247,1,-1,-1
0,44,0,0.7853981633974483,1.0902339966918042,1,1,1
0,45,0,0.7853981633974483,1.4057459107757628,-1,-1,1
0,46,0,0.7853981633974483,-2.9510005335077456,1,-1,-1
0,47,0,0.7853981633974483,-1.588202706623941,-1,1,-1
0,48,0,0.7853981633974483,-1.2858702549845384,1,-1,-1
0,49,0,0.7853981633974483,0.3921777707190168,-1,1,-1
0,50,0,0.7853981633974483,-2.1588718711232975,1,-1,-1
0,51,0,0.7853981633974483,-2.3833301027179505,-1,1,-1
0,52,0,0.7853981633974483,-0.029715304725550062,1,-1,-1
0,53,0,0.7853981633974483,2.3316317133307782,-1,1,-1
0,54,0,0.7853981633974483,2.1334880001517487,-1,1,-1
0,55,0,0.7853981633974483,-0.13940466240171157,1,-1,-1
0,56,0,0.7853981633974483,2.7013939379377856,-1,1,-1
0,57,0,0.7853981633974483,0.7267514754402451,-1,1,-1
0,58,0,0.7853981633974483,-2.385865655032424,1,-1,-1
0,59,0,0.7853981633974483,1.805878986107846,-1,1,-1
0,60,0,0.7853981633974483,-0.34452402620566946,1,1,1
0,61,0,0.7853981633974483,2.3927308468231114,-1,1,-1
0,62,0,0.7853981633974483,2.3427547098764325,-1,-1,1
0,63,0,0.7853981633974483,1.017634266342017,1,-1,-1
0,64,0,0.7853981633974483,-2.704823152863684,-1,1,-1
0,65,0,0.7853981633974483,-3.081098229634598,1,-1,-1
0,66,0,0.7853981633974483,0.7080473332690573,1,-1,-1
0,67,0,0.7853981633974483,-2.5452331902137013,1,-1,-1
0,68,0,0.7853981633974483,1.8758128611511973,1,1,1
0,69,0,0.7853981633974483,2.0149142119518393,-1,1,-1
0,70,0,0.7853981633974483,-1.0205343717767659,1,1,1
0,71,0,0.7853981633974483,0.270335671339073,1,-1,-1
0,72,0,0.7853981633974483,1.2484458140647918,-1,1,-1
0,73,0,0.7853981633974483,1.3373930596938077,1,-1,-1
0,74,0,0.7853981633974483,1.8880050942488946,-1,-1,1
0,75,0,0.7853981633974483,-0.05421012339130682,1,-1,-1
0,76,0,0.7853981633974483,3.1365989291760137,-1,1,-1
0,77,0,0.7853981633974483,2.0440861698990753,-1,1,-1
0,78,0,0.7853981633974483,2.565205145744863,-1,1,-1
0,79,0,0.7853981633974483,-1.6524064829184448,-1,1,-1
0,80,0,0.7853981633974483,2.2617372540455616,-1,1,-1
0,81,0,0.7853981633974483,0.34743928844984673,-1,1,-1
0,82,0,0.7853981633974483,1.1315897746906822,-1,1,-1
0,83,0,0.7853981633974483,2.3739661772849168,-1,-1,1
0,84,0,0.7853981633974483,-1.3395008949481886,1,-1,-1
0,85,0,0.7853981633974483,-1.092292367859737,1,-1,-1
0,86,0,0.7853981633974483,-0.4771166102461346,1,-1,-1
0,87,0,0.7853981633974483,2.916243332509186,-1,1,-1
0,88,0,0.7853981633974483,-1.6738721719168126,-1,-1,1
0,89,0,0.7853981633974483,2.7210174580007775,-1,1,-1
0,90,0,0.7853981633974483,1.855596464630107,-1,1,-1
0,91,0,0.7853981633974483,-2.3337320192209168,1,-1,-1
0,92,0,0.7853981633974483,-1.8221841362918914,-1,-1,1
0,93,0,0.7853981633974483,1.2834039452857864,1,-1,-1
0,94,0,0.7853981633974483,-0.8926143667125244,-1,1,-1
0,95,0,0.7853981633974483,-2.2026543458010415,1,-1,-1
0,96,0,0.7853981633974483,2.670462237971213,1,-1,-1
0,97,0,0.7853981633974483,0.24035342952871064,1,-1,-1
0,98,0,0.7853981633974483,1.9441958234515964,1,-1,-1
0,99,0,0.7853981633974483,-2.2842230919319113,1,1,1
0,100,0,0.7853981633974483,-2.493499648506117,1,-1,-1
0,101,0,0.7853981633974483,0.7626877881290293,1,-1,-1
0,102,0,0.7853981633974483,-0.8221532631982771,1,-1,-1
0,103,0,0.7853981633974483,-2.6098627993696266,-1,1,-1
0,104,0,0.7853981633974483,1.5588794009803406,-1,1,-1
0,105,0,0.7853981633974483,-1.9690808851667283,1,-1,-1
0,106,0,0.7853981633974483,-0.9195865665227942,-1,1,-1
0,107,0,0.7853981633974483,2.2130716337098413,1,-1,-1
0,108,0,0.7853981633974483,1.4335428480769936,1,-1,-1
0,109,0,0.7853981633974483,1.274858869569658,1,-1,-1
0,110,0,0.7853981633974483,-1.2968036809903802,-1,1,-1
0,111,0,0.7853981633974483,0.9783758360467587,-1,1,-1
0,112,0,0.7853981633974483,1.7296151848882495,1,-1,-1
0,113,0,0.7853981633974483,1.3038291600207579,-1,1,-1
0,114,0,0.7853981633974483,0.9447936075934606,1,-1,-1
0,115,0,0.7853981633974483,2.850692858879893,-1,1,-1
0,116,0,0.7853981633974483,-1.4544799638330594,1,-1,-1
0,117,0,0.7853981633974483,-2.261304285037429,-1,1,-1
0,118,0,0.7853981633974483,-2.7799509150844934,-1,1,-1
0,119,0,0.7853981633974483,2.959181379203616,1,-1,-1
0,120,0,0.7853981633974483,-0.062297965532224886,-1,-1,1
0,121,0,0.7853981633974483,-1.4135398033558475,-1,1,-1
0,122,0,0.7853981633974483,1.9700724539431516,-1,1,-1
0,123,0,0.7853981633974483,0.9509046878364913,-1,1,-1
0,124,0,0.7853981633974483,2.7649242768492153,1,1,1
0,125,0,0.7853981633974483,1.544517139815066,-1,-1,1
0,126,0,0.7853981633974483,-0.6514137666019462,1,1,1
0,127,0,0.7853981633974483,1.575028258124349,-1,-1,1
0,128,0,0.7853981633974483,-0.8549430411548173,1,-1,-1
0,129,0,0.7853981633974483,0.7320695675167106,-1,1,-1
0,130,0,0.7853981633974483,1.7049597221694306,1,1,1
0,131,0,0.7853981633974483,0.6119069841940186,-1,-1,1
0,132,0,0.7853981633974483,-1.6651831251710223,1,-1,-1
0,133,0,0.7853981633974483,1.1114730068226946,1,-1,-1
0,134,0,0.7853981633974483,1.6983457103552135,1,-1,-1
0,135,0,0.7853981633974483,-2.209533563306308,-1,1,-1
0,136,0,0.7853981633974483,-1.4260972286604439,1,-1,-1
0,137,0,0.7853981633974483,2.3103663227036515,-1,1,-1
0,138,0,0.7853981633974483,2.1478055227215025,-1,1,-1
0,139,0,0.7853981633974483,0.11649743242460664,-1,1,-1
0,140,0,0.7853981633974483,-0.1717358600035328,-1,1,-1
0,141,0,0.7853981633974483,-0.7715864067866329,-1,1,-1
0,142,0,0.7853981633974483,2.006090306403653,1,-1,-1
0,143,0,0.7853981633974483,2.980762995571653,1,-1,-1
0,144,0,0.7853981633974483,-1.3441275879723642,-1,1,-1
0,145,0,0.7853981633974483,0.06539204536143828,-1,1,-1
0,146,0,0.7853981633974483,-0.22869565485962662,1,1,1
0,147,0,0.7853981633974483,-2.3489138701864745,-1,-1,1
0,148,0,0.7853981633974483,1.2982464574616372,1,-1,-1
0,149,0,0.7853981633974483,-2.8124963756579846,1,-1,-1
0,150,0,0.7853981633974483,-0.6990812732268687,-1,1,-1
0,151,0,0.7853981633974483,-1.6687992981823079,-1,1,-1
0,152,0,0.7853981633974483,2.2240949576783233,1,-1,-1
0,153,0,0.7853981633974483,2.68962753109009,1,-1,-1
0,154,0,0.7853981633974483,-0.1687587086271698,-1,1,-1
0,155,0,0.7853981633974483,1.398064857478091,-1,1,-1
0,156,0,0.7853981633974483,-0.6321555923783215,1,1,1
0,157,0,0.7853981633974483,-0.32793788651860867,-1,-1,1
0,158,0,0.7853981633974483,-2.971186697889739,-1,1,-1
0,159,0,0.7853981633974483,1.0999391371354106,1,-1,-1
0,160,0,0.7853981633974483,-2.64421819584706,-1,-1,1
0,161,0,0.7853981633974483,-0.16662884637971276,1,-1,-1
0,162,0,0.7853981633974483,-1.7767710080153118,-1,-1,1
0,163,0,0.7853981633974483,2.5927649466656595,-1,-1,1
0,164,0,0.7853981633974483,-3.0202056251787583,-1,1,-1
0,165,0,0.7853981633974483,2.6461441129595293,1,-1,-1
0,166,0,0.7853981633974483,2.9564575798157424,-1,1,-1
0,167,0,0.7853981633974483,0.3134834447321402,-1,1,-1
0,168,0,0.7853981633974483,1.6665523710739283,-1,1,-1
0,169,0,0.7853981633974483,1.0040470509637256,1,-1,-1
0,170,0,0.7853981633974483,-2.116712701029296,1,1,1
0,171,0,0.7853981633974483,-1.6047786298495261,-1,1,-1
0,172,0,0.7853981633974483,0.2502658522600978,-1,1,-1
0,173,0,0.7853981633974483,-1.4542215272666033,-1,1,-1
0,174,0,0.7853981633974483,2.845653775322286,-1,1,-1
0,175,0,0.7853981633974483,2.119427936763338,-1,1,-1
0,176,0,0.7853981633974483,2.9534675378284074,1,-1,-1
0,177,0,0.7853981633974483,0.3126344018880367,-1,1,-1
0,178,0,0.7853981633974483,-1.5805310920879798,-1,1,-1
0,179,0,0.7853981633974483,2.8713807130781985,-1,1,-1
0,180,0,0.7853981633974483,-1.6382686809456124,1,-1,-1
0,181,0,0.7853981633974483,0.7182938818116744,-1,1,-1
0,182,0,0.7853981633974483,-2.675757199202383,-1,1,-1
0,183,0,0.7853981633974483,-1.5013400229312936,1,-1,-1
0,184,0,0.7853981633974483,-2.530189666232081,-1,1,-1
0,185,0,0.7853981633974483,0.08947128273422011,-1,1,-1
0,186,0,0.7853981633974483,-2.3185658224370203,-1,1,-1
0,187,0,0.7853981633974483,-1.9792883815125626,-1,1,-1
0,188,0,0.7853981633974483,2.025302454489359,-1,1,-1
0,189,0,0.7853981633974483,-0.7332999418550243,-1,1,-1
0,190,0,0.7853981633974483,0.7476988708771133,-1,-1,1
0,191,0,0.7853981633974483,-1.1979845310288155,-1,1,-1
0,192,0,0.7853981633974483,-2.4290021793291556,-1,1,-1
0,193,0,0.7853981633974483,-0.02416081529434244,-1,1,-1
0,194,0,0.7853981633974483,2.5446436838519837,1,-1,-1
0,195,0,0.7853981633974483,-1.4719318244799262,1,-1,-1
0,196,0,0.7853981633974483,2.95189008242487,1,-1,-1
0,197,0,0.7853981633974483,-2.65552593448065,1,-1,-1
0,198,0,0.7853981633974483,-1.747049824563799,-1,-1,1
0,199,0,0.7853981633974483,2.265520414847466,-1,1,-1
0,200,0,0.7853981633974483,0.618614153334589,1,-1,-1
0,201,0,0.7853981633974483,1.1285025717667283,1,1,1
0,202,0,0.7853981633974483,2.062088311536824,1,-1,-1
0,203,0,0.7853981633974483,-0.4956309881434122,-1,1,-1
0,204,0,0.7853981633974483,0.49339253208313316,-1,1,-1
0,205,0,0.7853981633974483,0.9097160752738676,-1,1,-1
0,206,0,0.7853981633974483,-2.9934139546936067,-1,1,-1
0,207,0,0.7853981633974483,-0.6929769109722157,-1,1,-1
0,208,0,0.7853981633974483,0.2165023107738957,-1,1,-1
0,209,0,0.7853981633974483,-1.3026480909480835,-1,1,-1
0,210,0,0.7853981633974483,-1.8875961650744488,-1,1,-1
0,211,0,0.7853981633974483,0.2331505785242105,1,-1,-1
0,212,0,0.7853981633974483,2.2514443143125256,-1,1,-1
0,213,0,0.7853981633974483,0.4726819215196807,-1,1,-1
0,214,0,0.7853981633974483,-0.07749925031546434,-1,1,-1
0,215,0,0.7853981633974483,1.1682807040000913,-1,1,-1
0,216,0,0.7853981633974483,1.146419504399506,1,-1,-1
0,217,0,0.7853981633974483,1.944569380805631,1,-1,-1
0,218,0,0.7853981633974483,-2.481913243621545,1,-1,-1
0,219,0,0.7853981633974483,2.9314053024785327,-1,1,-1
0,220,0,0.7853981633974483,2.6697021858832857,1,-1,-1
0,221,0,0.7853981633974483,-1.706545027911489,-1,-1,1
0,222,0,0.7853981633974483,0.0336346478778311,-1,-1,1
0,223,0,0.7853981633974483,-1.2881643748067357,-1,1,-1
0,224,0,0.7853981633974483,0.5844649311029038,1,-1,-1
0,225,0,0.7853981633974483,-2.584392264499502,1,-1,-1
0,226,0,0.7853981633974483,-1.9247143873402106,1,-1,-1
0,227,0,0.7853981633974483,2.948604714667513,1,-1,-1
0,228,0,0.7853981633974483,-2.2481948553457407,-1,1,-1
0,229,0,0.7853981633974483,-0.5472543556796019,1,1,1
0,230,0,0.7853981633974483,0.4057517786319398,1,-1,-1
0,231,0,0.7853981633974483,1.737780704036628,-1,1,-1
0,232,0,0.7853981633974483,-2.4814921155094227,-1,-1,1
0,233,0,0.7853981633974483,0.07983189994467299,-1,1,-1
0,234,0,0.7853981633974483,1.8909646106512437,-1,1,-1
0,235,0,0.7853981633974483,1.637283794192518,-1,1,-1
0,236,0,0.7853981633974483,2.891507794328372,-1,1,-1
0,237,0,0.7853981633974483,2.532489159607228,-1,1,-1
0,238,0,0.7853981633974483,0.2127078238739477,1,1,1
0,239,0,0.7853981633974483,2.9912378766849903,1,-1,-1
0,240,0,0.7853981633974483,-0.13316092943447,1,1,1
0,241,0,0.7853981633974483,2.1107347299617762,-1,-1,1
0,242,0,0.7853981633974483,1.467903046893043,-1,1,-1
0,243,0,0.7853981633974483,-1.505983246290581,1,-1,-1
0,244,0,0.7853981633974483,0.8738220565489572,1,-1,-1
0,245,0,0.7853981633974483,-2.1586320219994426,-1,1,-1
0,246,0,0.7853981633974483,3.1240096278118568,1,-1,-1
0,247,0,0.7853981633974483,-1.4269310746401578,1,-1,-1
0,248,0,0.7853981633974483,2.174407470389249,1,-1,-1
0,249,0,0.7853981633974483,-0.14446133532922856,-1,1,-1
0,250,0,0.7853981633974483,-2.252688867921517,-1,1,-1
0,251,0,0.7853981633974483,-3.0998644761484697,-1,1,-1
0,252,0,0.7853981633974483,-1.005275064437971,1,-1,-1
0,253,0,0.7853981633974483,0.9405300506902181,-1,1,-1
0,254,0,0.7853981633974483,0.2911490361912228,1,-1,-1
0,255,0,0.7853981633974483,1.6036614215446132,-1,1,-1
0,256,0,0.7853981633974483,1.1214874284587868,1,-1,-1
0,257,0,0.7853981633974483,1.8931343025805933,-1,1,-1
0,258,0,0.7853981633974483,-0.7109252375694113,-1,1,-1
0,259,0,0.7853981633974483,1.3972571091619317,1,-1,-1
0,260,0,0.7853981633974483,-2.118746813862466,1,-1,-1
0,261,0,0.7853981633974483,1.2603667420727405,-1,1,-1
0,262,0,0.7853981633974483,0.9231221533382836,1,-1,-1
0,263,0,0.7853981633974483,1.0064568252237,1,-1,-1
0,264,0,0.7853981633974483,-2.3481675691774995,1,-1,-1
0,265,0,0.7853981633974483,-2.174697815502344,1,-1,-1
0,266,0,0.7853981633974483,-1.6347190255419022,-1,1,-1
0,267,0,0.7853981633974483,-0.4193479502273725,-1,1,-1
0,268,0,0.7853981633974483,0.5285003422468306,-1,1,-1
0,269,0,0.7853981633974483,-0.22877648710738763,-1,-1,1
0,270,0,0.7853981633974483,-0.5387045248669011,1,-1,-1
0,271,0,0.7853981633974483,0.539362697866975,-1,1,-1
0,272,0,0.7853981633974483,-1.062779345972003,1,-1,-1
0,273,0,0.7853981633974483,-1.445931869571995,1,-1,-1
0,274,0,0.7853981633974483,0.3904424768447212,-1,1,-1
0,275,0,0.7853981633974483,-1.1352897050197295,1,-1,-1
0,276,0,0.7853981633974483,0.9325409504925117,-1,1,-1
0,277,0,0.7853981633974483,0.696723242858234,-1,1,-1
0,278,0,0.7853981633974483,0.6987422941459349,-1,1,-1
0,279,0,0.7853981633974483,-0.7687165547196826,-1,1,-1
0,280,0,0.7853981633974483,0.42680603810821927,1,-1,-1
0,281,0,0.7853981633974483,-1.4313272847031162,1,-1,-1
0,282,0,0.7853981633974483,3.0494802066757094,1,-1,-1
0,283,0,0.7853981633974483,0.17645024371849916,-1,-1,1
0,284,0,0.7853981633974483,-1.644292796360636,-1,1,-1
0,285,0,0.7853981633974483,0.40204186563731703,1,-1,-1
0,286,0,0.7853981633974483,-3.077251669909542,-1,1,-1
0,287,0,0.7853981633974483,1.0584069087255523,-1,1,-1
0,288,0,0.7853981633974483,-0.5968355560387941,-1,1,-1
0,289,0,0.7853981633974483,1.4205124156169013,-1,-1,1
0,290,0,0.7853981633974483,-0.5336231832427263,1,1,1
0,291,0,0.7853981633974483,-1.8680684708105406,1,-1,-1
0,292,0,0.7853981633974483,1.5086749393956458,-1,1,-1
0,293,0,0.7853981633974483,-1.20082557306668,-1,1,-1
0,294,0,0.7853981633974483,1.015822092226939,1,-1,-1
0,295,0,0.7853981633974483,-2.7968682035333936,1,-1,-1
0,296,0,0.7853981633974483,-2.281350811794184,-1,1,-1
0,297,0,0.7853981633974483,2.569331038103857,-1,1,-1
0,298,0,0.7853981633974483,-0.40405305607451947,1,-1,-1
0,299,0,0.7853981633974483,0.3403698933360757,1,-1,-1
0,300,0,0.7853981633974483,2.346494694149155,-1,1,-1
0,301,0,0.7853981633974483,-2.3398791911837065,-1,1,-1
0,302,0,0.7853981633974483,-2.159086847187532,-1,1,-1
0,303,0,0.7853981633974483,-0.7742153764174735,-1,1,-1
0,304,0,0.7853981633974483,1.7286006938026794,-1,-1,1
0,305,0,0.7853981633974483,-1.9101252345841113,-1,1,-1
0,306,0,0.7853981633974483,-0.7693454733296532,1,-1,-1
0,307,0,0.7853981633974483,-2.112696222617431,-1,1,-1
0,308,0,0.7853981633974483,2.0336361549194226,1,-1,-1
0,309,0,0.7853981633974483,2.1658934177774682,1,-1,-1
0,310,0,0.7853981633974483,1.141427718023059,1,-1,-1
0,311,0,0.7853981633974483,-2.2302079287325003,-1,1,-1
0,312,0,0.7853981633974483,-2.212686720832326,-1,-1,1
0,313,0,0.7853981633974483,0.7744767697007409,1,1,1
0,314,0,0.7853981633974483,1.7454730510687382,1,-1,-1
0,315,0,0.7853981633974483,-1.7917702055207052,1,1,1
0,316,0,0.7853981633974483,0.8831587635006883,1,-1,-1
0,317,0,0.7853981633974483,-0.8504012028123862,-1,1,-1
0,318,0,0.7853981633974483,2.6568173665150345,1,-1,-1
0,319,0,0.7853981633974483,-0.7223018898815674,1,-1,-1
0,320,0,0.7853981633974483,-2.2479668575920924,1,-1,-1
0,321,0,0.7853981633974483,-2.4891916703856136,-1,1,-1
0,322,0,0.7853981633974483,-1.9273378017533647,1,-1,-1
0,323,0,0.7853981633974483,-0.9882933189697143,1,-1,-1
0,324,0,0.7853981633974483,-0.5513335428533677,-1,1,-1
0,325,0,0.7853981633974483,-0.04064612077565766,-1,1,-1
0,326,0,0.7853981633974483,2.87007855396205,1,-1,-1
0,327,0,0.7853981633974483,3.0888056741847896,-1,1,-1
0,328,0,0.7853981633974483,-1.321270948658846,-1,1,-1
0,329,0,0.7853981633974483,-2.411793711648899,1,-1,-1
0,330,0,0.7853981633974483,-1.4584699928282834,1,-1,-1
0,331,0,0.7853981633974483,2.8112478690754923,1,-1,-1
0,332,0,0.7853981633974483,-1.1522348332464831,-1,1,-1
0,333,0,0.7853981633974483,0.5690722520429592,1,1,1
0,334,0,0.7853981633974483,2.699123819997996,1,-1,-1
0,335,0,0.7853981633974483,-2.7272493636688946,-1,1,-1
0,336,0,0.7853981633974483,1.768620835032988,1,-1,-1
0,337,0,0.7853981633974483,1.5136761516884008,1,-1,-1
0,338,0,0.7853981633974483,3.024731900806241,-1,1,-1
0,339,0,0.7853981633974483,-2.6044969867604033,-1,1,-1
0,340,0,0.7853981633974483,-1.1072976039975488,1,-1,-1
0,341,0,0.7853981633974483,1.6063004920070885,-1,1,-1
0,342,0,0.7853981633974483,0.13630983726728818,1,-1,-1
0,343,0,0.7853981633974483,3.02871324023479,1,-1,-1
0,344,0,0.7853981633974483,1.4171877392082477,-1,1,-1
0,345,0,0.7853981633974483,-0.5374265396296316,-1,1,-1
0,346,0,0.7853981633974483,-0.852064866668063,1,-1,-1
0,347,0,0.7853981633974483,-0.7463766505468823,-1,1,-1
0,348,0,0.7853981633974483,-0.21375718690005652,-1,1,-1
0,349,0,0.7853981633974483,0.8680358646396851,1,1,1
0,350,0,0.7853981633974483,-1.4781170614548913,1,-1,-1
0,351,0,0.7853981633974483,-0.7922070977962772,1,-1,-1
0,352,0,0.7853981633974483,0.18478663161978703,-1,1,-1
0,353,0,0.7853981633974483,-0.47312988228299613,1,-1,-1
0,354,0,0.7853981633974483,-0.2549251481379038,-1,1,-1
0,355,0,0.7853981633974483,-2.6085258685711294,1,-1,-1
0,356,0,0.7853981633974483,-2.343340680755028,1,-1,-1
0,357,0,0.7853981633974483,2.630364703951547,-1,1,-1
0,358,0,0.7853981633974483,-2.881014635495611,-1,1,-1
0,359,0,0.7853981633974483,1.9619693819567363,1,-1,-1
0,360,0,0.7853981633974483,-1.4092442934281681,1,-1,-1
0,361,0,0.7853981633974483,-1.9960698593040158,-1,1,-1
0,362,0,0.7853981633974483,-2.4581059429799983,-1,1,-1
0,363,0,0.7853981633974483,2.2960324550140987,-1,-1,1
0,364,0,0.7853981633974483,0.6959051762687332,-1,1,-1
0,365,0,0.7853981633974483,-0.028390106267507598,1,-1,-1
0,366,0,0.7853981633974483,0.5904071570893965,-1,1,-1
0,367,0,0.7853981633974483,2.5393012638565144,-1,1,-1
0,368,0,0.7853981633974483,-2.2281602867557915,-1,1,-1
0,369,0,0.7853981633974483,0.7750934287118096,1,-1,-1
0,370,0,0.7853981633974483,-1.6538910240263267,-1,1,-1
0,371,0,0.7853981633974483,0.9681240383558309,-1,1,-1
0,372,0,0.7853981633974483,-0.04988290810029028,1,1,1
0,373,0,0.7853981633974483,-0.04752960017179664,-1,1,-1
0,374,0,0.7853981633974483,1.1315613339455988,-1,1,-1
0,375,0,0.7853981633974483,-2.2345373045065173,1,-1,-1
0,376,0,0.7853981633974483,1.7601026894503216,-1,1,-1
0,377,0,0.7853981633974483,-1.2765131953036377,1,-1,-1
0,378,0,0.7853981633974483,-1.704931771440888,1,-1,-1
0,379,0,0.7853981633974483,0.9998588970595197,-1,1,-1
0,380,0,0.7853981633974483,1.6418081434920575,1,-1,-1
0,381,0,0.7853981633974483,2.9676433500204284,-1,1,-1
0,382,0,0.7853981633974483,-1.9790688075162255,1,-1,-1
0,383,0,0.7853981633974483,0.9708195046076646,1,-1,-1
0,384,0,0.7853981633974483,-0.7943756168535363,-1,1,-1
0,385,0,0.7853981633974483,1.1388167720086138,-1,1,-1
0,386,0,0.7853981633974483,-0.6163236704869268,-1,1,-1
0,387,0,0.7853981633974483,0.14895373250543065,1,-1,-1
0,388,0,0.7853981633974483,1.767601306008861,1,-1,-1
0,389,0,0.7853981633974483,1.4426078102535014,1,-1,-1
0,390,0,0.7853981633974483,-3.0410314617705163,-1,-1,1
0,391,0,0.7853981633974483,-2.2324767174635585,-1,-1,1
0,392,0,0.7853981633974483,1.7564589643499238,-1,1,-1
0,393,0,0.7853981633974483,0.516801968752433,-1,1,-1
0,394,0,0.7853981633974483,0.9919584226440854,-1,1,-1
0,395,0,0.7853981633974483,0.749446479964825,1,-1,-1
0,396,0,0.7853981633974483,0.9435610615243082,-1,1,-1
0,397,0,0.7853981633974483,0.88559716949836,-1,1,-1
0,398,0,0.7853981633974483,-1.857720948725327,-1,1,-1
0,399,0,0.7853981633974483,-0.32332057617130694,1,-1,-1
0,400,0,0.7853981633974483,0.9879364676539328,1,-1,-1
0,401,0,0.7853981633974483,0.1650729509711759,1,-1,-1
0,402,0,0.7853981633974483,-2.084792202337302,1,-1,-1
0,403,0,0.7853981633974483,2.4199079379477118,1,-1,-1
0,404,0,0.7853981633974483,0.4997360938503519,1,-1,-1
0,405,0,0.7853981633974483,1.519633173393963,-1,1,-1
0,406,0,0.7853981633974483,2.713249247897463,-1,1,-1
0,407,0,0.7853981633974483,0.5282226711591314,-1,-1,1
0,408,0,0.7853981633974483,1.7146195670478717,1,-1,-1
0,409,0,0.7853981633974483,1.1586260976853584,1,-1,-1
0,410,0,0.7853981633974483,1.5201697858017393,1,-1,-1
0,411,0,0.7853981633974483,-1.0013434589179928,1,-1,-1
0,412,0,0.7853981633974483,-2.4278892285728633,1,-1,-1
0,413,0,0.7853981633974483,-1.7583448110419342,-1,1,-1
0,414,0,0.7853981633974483,3.0320431217463133,1,-1,-1
0,415,0,0.7853981633974483,-2.3772579883126017,-1,1,-1
0,416,0,0.7853981633974483,-0.5158930184461292,-1,1,-1
0,417,0,0.7853981633974483,2.813628095096716,-1,1,-1
0,418,0,0.7853981633974483,2.325047301827661,-1,1,-1
0,419,0,0.7853981633974483,-0.9880427883746297,1,-1,-1
0,420,0,0.7853981633974483,1.9191142196626174,-1,1,-1
0,421,0,0.7853981633974483,0.8040149986190221,1,-1,-1
0,422,0,0.7853981633974483,-1.5680344272353863,1,-1,-1
0,423,0,0.7853981633974483,1.619185665618443,-1,1,-1
0,424,0,0.7853981633974483,1.670444004188453,1,-1,-1
0,425,0,0.7853981633974483,2.2774166141950447,-1,1,-1
0,426,0,0.7853981633974483,1.0657920870420332,1,-1,-1
0,427,0,0.7853981633974483,-0.48035259715775425,-1,1,-1
0,428,0,0.7853981633974483,-2.0110007363397875,-1,1,-1
0,429,0,0.7853981633974483,0.6221983531408326,-1,1,-1
0,430,0,0.7853981633974483,1.796105564348446,-1,1,-1
0,431,0,0.7853981633974483,1.6487475271235192,1,-1,-1
0,432,0,0.7853981633974483,-2.7739439577510376,-1,-1,1
0,433,0,0.7853981633974483,2.6741591994849365,1,-1,-1
0,434,0,0.7853981633974483,0.7215862317839665,-1,1,-1
0,435,0,0.7853981633974483,-3.061344179587474,1,-1,-1
0,436,0,0.7853981633974483,2.8456380325775106,1,-1,-1
0,437,0,0.7853981633974483,0.2307461619712745,1,-1,-1
0,438,0,0.7853981633974483,-0.21124004645720484,-1,1,-1
0,439,0,0.7853981633974483,2.55012915934722,1,-1,-1
0,440,0,0.7853981633974483,2.1263559002489787,-1,1,-1
0,441,0,0.7853981633974483,-2.2872858724659513,1,-1,-1
0,442,0,0.7853981633974483,1.2267655548651382,-1,1,-1
0,443,0,0.7853981633974483,1.072981389350292,-1,1,-1
0,444,0,0.7853981633974483,2.039765330236415,-1,1,-1
0,445,0,0.7853981633974483,-0.4617783649773659,-1,-1,1
0,446,0,0.7853981633974483,-0.8013489938988814,1,1,1
0,447,0,0.7853981633974483,2.308187832130919,1,-1,-1
0,448,0,0.7853981633974483,-1.54320379855091,1,-1,-1
0,449,0,0.7853981633974483,-1.7054071399930744,1,1,1
0,450,0,0.7853981633974483,-0.09784645173939932,1,-1,-1
0,451,0,0.7853981633974483,-2.806820260845566,1,-1,-1
0,452,0,0.7853981633974483,2.596944486534219,1,-1,-1
0,453,0,0.7853981633974483,-0.43377538649311065,-1,1,-1
0,454,0,0.7853981633974483,0.6028737453124084,1,-1,-1
0,455,0,0.7853981633974483,1.9279487555958523,-1,1,-1
0,456,0,0.7853981633974483,-2.090341400015756,-1,1,-1
0,457,0,0.7853981633974483,-0.17505449885205637,1,-1,-1
0,458,0,0.7853981633974483,-2.0204980350838477,1,-1,-1
0,459,0,0.7853981633974483,-0.13482318452939124,1,1,1
0,460,0,0.7853981633974483,1.313816151162671,-1,1,-1
0,461,0,0.7853981633974483,-1.1203001336999843,-1,1,-1
0,462,0,0.7853981633974483,-0.19191614915276123,-1,1,-1
0,463,0,0.7853981633974483,-0.5531494137599458,-1,-1,1
0,464,0,0.7853981633974483,-2.9447309359608913,1,-1,-1
0,465,0,0.7853981633974483,-0.24647162091252417,1,-1,-1
0,466,0,0.7853981633974483,-0.6973221246342924,-1,1,-1
0,467,0,0.7853981633974483,-0.3453834228018602,1,1,1
0,468,0,0.7853981633974483,-2.912515016751939,-1,1,-1
0,469,0,0.7853981633974483,0.21087873374719868,-1,1,-1
0,470,0,0.7853981633974483,1.8776646607665448,-1,1,-1
0,471,0,0.7853981633974483,1.1509943288321844,1,-1,-1
0,472,0,0.7853981633974483,1.0969673425560282,1,1,1
0,473,0,0.7853981633974483,-0.5308816564061805,1,-1,-1
0,474,0,0.7853981633974483,1.757190002507837,-1,1,-1
0,475,0,0.7853981633974483,1.3226027808000351,1,-1,-1
0,476,0,0.7853981633974483,-1.7577458183103303,1,-1,-1
0,477,0,0.7853981633974483,1.1730730856048872,-1,1,-1
0,478,0,0.7853981633974483,-0.6396026428037871,-1,1,-1
0,479,0,0.7853981633974483,-2.5901338238943934,-1,-1,1
0,480,0,0.7853981633974483,-1.4313078638614174,-1,1,-1
0,481,0,0.7853981633974483,-2.5399550864491807,1,-1,-1
0,482,0,0.7853981633974483,-0.22963807467760278,1,-1,-1
0,483,0,0.7853981633974483,-2.4167768042728692,-1,1,-1
0,484,0,0.7853981633974483,-0.1781948712211574,-1,1,-1
0,485,0,0.7853981633974483,-3.1076493983512252,-1,1,-1
0,486,0,0.7853981633974483,-2.0813724419207174,-1,1,-1
0,487,0,0.7853981633974483,0.8358008523021669,-1,1,-1
0,488,0,0.7853981633974483,0.4096063347518175,1,-1,-1
0,489,0,0.7853981633974483,2.6118125898368643,1,-1,-1
0,490,0,0.7853981633974483,0.8257036894716276,1,-1,-1
0,491,0,0.7853981633974483,-0.2562196615849186,1,-1,-1
0,492,0,0.7853981633974483,-2.239083172775561,-1,-1,1
0,493,0,0.7853981633974483,-0.9334888663941907,1,-1,-1
0,494,0,0.7853981633974483,-0.6484189157847959,1,-1,-1
0,495,0,0.7853981633974483,-1.8477711210560561,-1,-1,1
0,496,0,0.7853981633974483,0.08754286814483692,-1,1,-1
0,497,0,0.7853981633974483,2.238968905416698,-1,1,-1
0,498,0,0.7853981633974483,-1.284536997271474,1,-1,-1
0,499,0,0.7853981633974483,-0.2684965645848414,-1,1,-1
0,500,0,0.7853981633974483,-1.5172220033050776,1,1,1
0,501,0,0.7853981633974483,-0.7047157350463431,-1,1,-1
0,502,0,0.7853981633974483,-0.49138961491065425,1,-1,-1
0,503,0,0.7853981633974483,-3.0216001982109297,1,-1,-1
0,504,0,0.7853981633974483,3.079171779946779,1,-1,-1
0,505,0,0.7853981633974483,1.0206554773045795,-1,1,-1
0,506,0,0.7853981633974483,3.128014368430012,-1,-1,1
0,507,0,0.7853981633974483,-0.5892278979561971,-1,1,-1
0,508,0,0.7853981633974483,-1.5065710084866732,1,-1,-1
0,509,0,0.7853981633974483,-1.3446819918487343,-1,1,-1
0,510,0,0.7853981633974483,-1.3713613490701448,1,-1,-1
0,511,0,0.7853981633974483,2.3440393452879764,1,1,1
0,512,0,0.7853981633974483,-1.625076516626375,-1,1,-1
0,513,0,0.7853981633974483,1.990365079491628,1,-1,-1
0,514,0,0.7853981633974483,-0.6501329485638925,1,-1,-1
0,515,0,0.7853981633974483,-2.6892018961439277,1,1,1
0,516,0,0.7853981633974483,0.6915450219899588,-1,1,-1
0,517,0,0.7853981633974483,2.6158372308824234,-1,1,-1
0,518,0,0.7853981633974483,1.4070310344475292,-1,1,-1
0,519,0,0.7853981633974483,-0.7921940749769725,1,-1,-1
0,520,0,0.7853981633974483,-1.6917350407364093,-1,1,-1
0,521,0,0.7853981633974483,1.8730707540981566,1,-1,-1
0,522,0,0.7853981633974483,-3.1043699067013955,1,-1,-1
0,523,0,0.7853981633974483,-2.648979248688536,1,-1,-1
0,524,0,0.7853981633974483,-0.726043478519256,-1,1,-1
0,525,0,0.7853981633974483,-0.7623141488586298,1,-1,-1
0,526,0,0.7853981633974483,-2.4435308177982806,1,-1,-1
0,527,0,0.7853981633974483,2.9253875472127424,-1,-1,1
0,528,0,0.7853981633974483,-2.4987061355926916,-1,1,-1
0,529,0,0.7853981633974483,-1.377139210545995,-1,1,-1
0,530,0,0.7853981633974483,2.8192163044759573,1,-1,-1
0,531,0,0.7853981633974483,1.0867290061908301,1,-1,-1
0,532,0,0.7853981633974483,0.5190873350296563,-1,1,-1
0,533,0,0.7853981633974483,-1.8003935399839976,-1,1,-1
0,534,0,0.7853981633974483,1.1494528637804748,1,-1,-1
0,535,0,0.7853981633974483,-2.4301120188870873,-1,-1,1
0,536,0,0.7853981633974483,-2.530592394477829,-1,1,-1
0,537,0,0.7853981633974483,1.6344435337333092,-1,1,-1
0,538,0,0.7853981633974483,1.111823906159728,1,1,1
0,539,0,0.7853981633974483,-2.1093151889067188,1,-1,-1
0,540,0,0.7853981633974483,3.12318325809077,-1,1,-1
0,541,0,0.7853981633974483,1.9418111388525094,1,-1,-1
0,542,0,0.7853981633974483,2.841099152654097,-1,1,-1
0,543,0,0.7853981633974483,0.11527843558975448,-1,1,-1
0,544,0,0.7853981633974483,1.8625420166476294,1,-1,-1
0,545,0,0.7853981633974483,-2.460750616647349,1,-1,-1
0,546,0,0.7853981633974483,-0.22579500536588704,1,-1,-1
0,547,0,0.7853981633974483,3.055134381129128,1,-1,-1
0,548,0,0.7853981633974483,2.0566086232890637,1,-1,-1
0,549,0,0.7853981633974483,2.974193745068562,1,-1,-1
0,550,0,0.7853981633974483,-2.1268386875874663,-1,1,-1
0,551,0,0.7853981633974483,-0.7945820934663117,1,-1,-1
0,552,0,0.7853981633974483,-0.6364371010674228,1,-1,-1
0,553,0,0.7853981633974483,-0.5535332773178494,-1,1,-1
0,554,0,0.7853981633974483,-2.6489231796790937,-1,1,-1
0,555,0,0.7853981633974483,1.025605739591053,-1,-1,1
0,556,0,0.7853981633974483,-2.6810017012500262,1,-1,-1
0,557,0,0.7853981633974483,0.32286832880267013,1,-1,-1
0,558,0,0.7853981633974483,-0.40806492539533945,1,-1,-1
0,559,0,0.7853981633974483,1.1114361016083087,-1,1,-1
0,560,0,0.7853981633974483,-1.6510827838257895,-1,1,-1
0,561,0,0.7853981633974483,-2.5345591148052127,-1,1,-1
0,562,0,0.7853981633974483,1.1312786971587423,1,-1,-1
0,563,0,0.7853981633974483,-2.3211306872628,1,-1,-1
0,564,0,0.7853981633974483,1.3880445514290631,-1,1,-1
0,565,0,0.7853981633974483,-1.1149416062087036,1,-1,-1
0,566,0,0.7853981633974483,0.7013378076770174,-1,1,-1
0,567,0,0.7853981633974483,2.440872129283407,1,-1,-1
0,568,0,0.7853981633974483,0.5808203858620966,-1,1,-1
0,569,0,0.7853981633974483,-2.7353796704455107,-1,1,-1
0,570,0,0.7853981633974483,-2.530935756613437,-1,1,-1
0,571,0,0.7853981633974483,2.62586205696385,1,-1,-1
0,572,0,0.7853981633974483,-1.9103377075069161,1,-1,-1
0,573,0,0.7853981633974483,-0.6075652587058755,-1,1,-1
0,574,0,0.7853981633974483,-1.9793406334219954,1,-1,-1
0,575,0,0.7853981633974483,1.1702622766846966,-1,1,-1
0,576,0,0.7853981633974483,-2.6769570243382654,-1,1,-1
0,577,0,0.7853981633974483,-0.08311172822753177,1,-1,-1
0,578,0,0.7853981633974483,2.8842255643031995,1,-1,-1
0,579,0,0.7853981633974483,-2.862825321146528,1,-1,-1
0,580,0,0.7853981633974483,1.7862630820775403,-1,1,-1
0,581,0,0.7853981633974483,0.2850673279494247,-1,1,-1
0,582,0,0.7853981633974483,-2.939201284263103,-1,-1,1
0,583,0,0.7853981633974483,0.4723151638621643,1,-1,-1
0,584,0,0.7853981633974483,-0.9905855281524034,-1,1,-1
0,585,0,0.7853981633974483,-0.9931928404038848,-1,-1,1
0,586,0,0.7853981633974483,0.7295152515835643,-1,1,-1
0,587,0,0.7853981633974483,-3.047907231267174,1,-1,-1
0,588,0,0.7853981633974483,-2.6874323387360635,-1,1,-1
0,589,0,0.7853981633974483,-2.136981380136732,-1,1,-1
0,590,0,0.7853981633974483,-1.1717407162238984,-1,1,-1
0,591,0,0.7853981633974483,-0.7118382370440131,1,-1,-1
0,592,0,0.7853981633974483,-0.7853820333402806,-1,1,-1
0,593,0,0.7853981633974483,-0.446142286889915,-1,1,-1
0,594,0,0.7853981633974483,-0.8440031852198291,1,-1,-1
0,595,0,0.7853981633974483,-2.5534355219201452,1,-1,-1
0,596,0,0.7853981633974483,1.574211900866401,-1,1,-1
0,597,0,0.7853981633974483,-0.5224779804163457,1,-1,-1
0,598,0,0.7853981633974483,-1.0171254922199346,-1,1,-1
0,599,0,0.7853981633974483,1.9187011082143357,-1,1,-1
0,600,0,0.7853981633974483,2.86346833354973,1,-1,-1
0,601,0,0.7853981633974483,-0.04462964353451282,1,-1,-1
0,602,0,0.7853981633974483,-1.8111841489516565,1,1,1
0,603,0,0.7853981633974483,3.069948800827502,-1,1,-1
0,604,0,0.7853981633974483,0.6972334495611143,1,1,1
0,605,0,0.7853981633974483,2.0827781243766177,1,1,1
0,606,0,0.7853981633974483,-2.1424219391217383,1,-1,-1
0,607,0,0.7853981633974483,-0.3778241658756305,1,-1,-1
0,608,0,0.7853981633974483,1.6213553173742739,-1,1,-1
0,609,0,0.7853981633974483,-0.6741129042910252,1,-1,-1
0,610,0,0.7853981633974483,1.231774284724331,-1,1,-1
0,611,0,0.7853981633974483,-2.1729640902507183,1,-1,-1
0,612,0,0.7853981633974483,-2.094041855156175,1,-1,-1
0,613,0,0.7853981633974483,-0.8793568914102221,1,1,1
0,614,0,0.7853981633974483,2.0369049848352887,-1,1,-1
0,615,0,0.7853981633974483,-0.5364312337128436,-1,1,-1
0,616,0,0.7853981633974483,1.7693191370874137,-1,1,-1
0,617,0,0.7853981633974483,-0.301232579350982,-1,1,-1
0,618,0,0.7853981633974483,2.4231340844524354,1,-1,-1
0,619,0,0.7853981633974483,1.4826888840490815,-1,1,-1
0,620,0,0.7853981633974483,-1.1538140458014374,-1,1,-1
0,621,0,0.7853981633974483,-0.022865349771315824,-1,1,-1
0,622,0,0.7853981633974483,-1.027662387967951,1,-1,-1
0,623,0,0.7853981633974483,-0.14375375318992845,1,-1,-1
0,624,0,0.7853981633974483,-0.8185938985842158,-1,1,-1
0,625,0,0.7853981633974483,2.004995935506673,-1,1,-1
0,626,0,0.7853981633974483,0.3293665256142799,-1,1,-1
0,627,0,0.7853981633974483,0.07141814078896713,-1,-1,1
0,628,0,0.7853981633974483,1.3780707423309337,1,-1,-1
0,629,0,0.7853981633974483,-0.28465299722917026,1,-1,-1
0,630,0,0.7853981633974483,2.6948276580682986,-1,-1,1
0,631,0,0.7853981633974483,1.6515049050283954,1,-1,-1
0,632,0,0.7853981633974483,0.4755584265916264,-1,-1,1
0,633,0,0.7853981633974483,0.3449121353602158,1,-1,-1
0,634,0,0.7853981633974483,2.5447130978909556,-1,1,-1
0,635,0,0.7853981633974483,1.360965444391768,1,-1,-1
0,636,0,0.7853981633974483,-0.30639401145410883,-1,-1,1
0,637,0,0.7853981633974483,-0.328719311659325,-1,1,-1
0,638,0,0.7853981633974483,0.09270401767313263,-1,1,-1
0,639,0,0.7853981633974483,2.7026264584888464,-1,-1,1
0,640,0,0.7853981633974483,-2.165405435458005,-1,1,-1
0,641,0,0.7853981633974483,1.7825324356794008,-1,1,-1
0,642,0,0.7853981633974483,1.4754016224656414,1,-1,-1
0,643,0,0.7853981633974483,-1.1576276207017886,1,-1,-1
0,644,0,0.7853981633974483,2.611801936344377,-1,1,-1
0,645,0,0.7853981633974483,0.25371931185729313,-1,1,-1
0,646,0,0.7853981633974483,3.0063172986501376,-1,1,-1
0,647,0,0.7853981633974483,-2.8551830918649563,1,-1,-1
0,648,0,0.7853981633974483,3.0583072359157146,1,-1,-1
0,649,0,0.7853981633974483,0.5673598006782794,-1,1,-1
0,650,0,0.7853981633974483,-1.7707178299851558,-1,1,-1
0,651,0,0.7853981633974483,-1.4673802002966214,1,1,1
0,652,0,0.7853981633974483,2.271812676091165,-1,1,-1
0,653,0,0.7853981633974483,1.0698282135840094,-1,-1,1
0,654,0,0.7853981633974483,-0.30907467080950246,1,-1,-1
0,655,0,0.7853981633974483,-0.2895146517946112,1,-1,-1
0,656,0,0.7853981633974483,-2.1784724790132075,-1,1,-1
0,657,0,0.7853981633974483,2.0041554789385065,1,-1,-1
0,658,0,0.7853981633974483,-1.3570611916719382,1,-1,-1
0,659,0,0.7853981633974483,-1.5790879041409231,1,-1,-1
0,660,0,0.7853981633974483,-1.2145177874555981,-1,1,-1
0,661,0,0.7853981633974483,2.887046052986123,-1,1,-1
0,662,0,0.7853981633974483,0.9783406243431392,1,-1,-1
0,663,0,0.7853981633974483,2.5144718691708965,1,-1,-1
0,664,0,0.7853981633974483,-2.170981720919274,-1,1,-1
0,665,0,0.7853981633974483,-2.097267388500603,-1,1,-1
0,666,0,0.7853981633974483,-2.3242410489979317,-1,1,-1
0,667,0,0.7853981633974483,0.2414468080108434,-1,1,-1
0,668,0,0.7853981633974483,-1.5729132043953984,-1,1,-1
0,669,0,0.7853981633974483,2.806255631456863,-1,1,-1
0,670,0,0.7853981633974483,-1.103113259067253,1,-1,-1
0,671,0,0.7853981633974483,-0.6126788953516171,-1,1,-1
0,672,0,0.7853981633974483,3.016269440520041,1,-1,-1
0,673,0,0.7853981633974483,2.623918557976287,1,-1,-1
0,674,0,0.7853981633974483,-0.33327168837229815,1,1,1
0,675,0,0.7853981633974483,2.148945898505632,-1,-1,1
0,676,0,0.7853981633974483,-2.38576468239488,1,-1,-1
0,677,0,0.7853981633974483,-1.7065690785362488,1,-1,-1
0,678,0,0.7853981633974483,-2.423362243007574,-1,1,-1
0,679,0,0.7853981633974483,0.7263614444600508,1,-1,-1
0,680,0,0.7853981633974483,3.0452472901833474,-1,-1,1
0,681,0,0.7853981633974483,1.4089830517740056,1,-1,-1
0,682,0,0.7853981633974483,2.494114684462489,1,-1,-1
0,683,0,0.7853981633974483,0.07186164855885036,1,-1,-1
0,684,0,0.7853981633974483,2.509555799914751,1,-1,-1
0,685,0,0.7853981633974483,0.49985014339288103,-1,1,-1
0,686,0,0.7853981633974483,-0.398931005884398,-1,1,-1
0,687,0,0.7853981633974483,1.8694907102659988,1,-1,-1
0,688,0,0.7853981633974483,1.476952148399409,1,-1,-1
0,689,0,0.7853981633974483,0.8134807553029284,1,-1,-1
0,690,0,0.7853981633974483,0.6470852632078472,1,-1,-1
0,691,0,0.7853981633974483,-0.9731698388632171,1,-1,-1
0,692,0,0.7853981633974483,2.883708188235821,1,-1,-1
0,693,0,0.7853981633974483,0.567188858458195,-1,1,-1
0,694,0,0.7853981633974483,2.8762964162628464,-1,1,-1
0,695,0,0.7853981633974483,0.6850288698061946,-1,1,-1
0,696,0,0.7853981633974483,1.5185435856773717,-1,1,-1
0,697,0,0.7853981633974483,2.5729383585131265,1,-1,-1
0,698,0,0.7853981633974483,-2.6398903629743904,1,1,1
0,699,0,0.7853981633974483,2.072950462370681,1,-1,-1
0,700,0,0.7853981633974483,-0.2618075198979075,1,-1,-1
0,701,0,0.7853981633974483,2.987657885443201,-1,1,-1
0,702,0,0.7853981633974483,-2.9034492115805475,-1,1,-1
0,703,0,0.7853981633974483,3.0673891201140098,-1,-1,1
0,704,0,0.7853981633974483,-2.746875111390491,1,-1,-1
0,705,0,0.7853981633974483,-2.3085725135779995,1,-1,-1
0,706,0,0.7853981633974483,0.7864720205777136,-1,1,-1
0,707,0,0.7853981633974483,-1.8577729657669975,1,-1,-1
0,708,0,0.7853981633974483,2.0075328210265733,1,1,1
0,709,0,0.7853981633974483,-0.7349753525922269,1,-1,-1
0,710,0,0.7853981633974483,-2.8418613002579742,-1,1,-1
0,711,0,0.7853981633974483,2.40319133273901,-1,-1,1
0,712,0,0.7853981633974483,2.1257759788183543,1,-1,-1
0,713,0,0.7853981633974483,2.8582760609185103,-1,1,-1
0,714,0,0.7853981633974483,2.885767908347554,-1,1,-1
0,715,0,0.7853981633974483,-1.886695563454038,-1,1,-1
0,716,0,0.7853981633974483,-1.3249823976802122,1,-1,-1
0,717,0,0.7853981633974483,0.2242477547756483,-1,1,-1
0,718,0,0.7853981633974483,-0.37171676031363043,-1,1,-1
0,719,0,0.7853981633974483,-0.12385740626137265,1,-1,-1
0,720,0,0.7853981633974483,-1.9481414300163729,-1,-1,1
0,721,0,0.7853981633974483,2.218870519648622,1,-1,-1
0,722,0,0.7853981633974483,1.3691123860454981,-1,1,-1
0,723,0,0.7853981633974483,-0.6163345299761329,-1,-1,1
0,724,0,0.7853981633974483,2.301399102979415,1,-1,-1
0,725,0,0.7853981633974483,0.5269308443995158,-1,1,-1
0,726,0,0.7853981633974483,-0.18494185840055888,-1,1,-1
0,727,0,0.7853981633974483,-0.7134838153438752,-1,1,-1
0,728,0,0.7853981633974483,-0.06125709138107771,-1,1,-1
0,729,0,0.7853981633974483,-1.2835639498405067,-1,-1,1
0,730,0,0.7853981633974483,1.3415887890174991,1,1,1
0,731,0,0.7853981633974483,-1.3337839590333251,-1,1,-1
0,732,0,0.7853981633974483,-0.4619362992742295,-1,1,-1
0,733,0,0.7853981633974483,-0.09237700661155834,-1,1,-1
0,734,0,0.7853981633974483,2.3100914949958353,-1,1,-1
0,735,0,0.7853981633974483,-1.5559789065221008,1,-1,-1
0,736,0,0.7853981633974483,-0.3428038001535638,-1,1,-1
0,737,0,0.7853981633974483,-1.8256965538232295,-1,1,-1
0,738,0,0.7853981633974483,-0.8035066837778184,-1,1,-1
0,739,0,0.7853981633974483,-2.673509456564202,1,-1,-1
0,740,0,0.7853981633974483,-1.4973670505910541,1,1,1
0,741,0,0.7853981633974483,0.7712919796642255,-1,1,-1
0,742,0,0.7853981633974483,0.024756294222874953,-1,-1,1
0,743,0,0.7853981633974483,-2.692632482123517,-1,1,-1
0,744,0,0.7853981633974483,-2.9706407032473625,1,-1,-1
0,745,0,0.7853981633974483,-2.6969294398938453,1,-1,-1
0,746,0,0.7853981633974483,0.7174561395960946,-1,1,-1
0,747,0,0.7853981633974483,2.1325368256433066,-1,1,-1
0,748,0,0.7853981633974483,1.9965673627174816,-1,1,-1
0,749,0,0.7853981633974483,2.0526665873461933,-1,1,-1
0,750,0,0.7853981633974483,1.0995989049510868,-1,1,-1
0,751,0,0.7853981633974483,0.060405051289406764,1,-1,-1
0,752,0,0.7853981633974483,-1.1596852714315864,1,-1,-1
0,753,0,0.7853981633974483,-0.5449125970212121,1,-1,-1
0,754,0,0.7853981633974483,-2.260929945853295,-1,1,-1
0,755,0,0.7853981633974483,-0.27694049186476777,1,-1,-1
0,756,0,0.7853981633974483,0.19213928356288035,1,-1,-1
0,757,0,0.7853981633974483,1.6765941501805965,-1,1,-1
0,758,0,0.7853981633974483,-0.12108282444220642,1,-1,-1
0,759,0,0.7853981633974483,-0.012347190238501504,-1,1,-1
0,760,0,0.7853981633974483,-1.6938782269453874,-1,1,-1
0,761,0,0.7853981633974483,-0.20575587191896139,1,-1,-1
0,762,0,0.7853981633974483,-2.65836133481008,1,-1,-1
0,763,0,0.7853981633974483,0.6512739824737532,-1,1,-1
0,764,0,0.7853981633974483,-1.7120859654808618,1,-1,-1
0,765,0,0.7853981633974483,-1.5878816281776458,1,-1,-1
0,766,0,0.7853981633974483,-1.0535775115999648,-1,1,-1
0,767,0,0.7853981633974483,2.630998334842916,1,1,1
0,768,0,0.7853981633974483,-1.266511460093322,1,-1,-1
0,769,0,0.7853981633974483,-0.3367037955850778,-1,-1,1
0,770,0,0.7853981633974483,1.7847069072998325,1,-1,-1
0,771,0,0.7853981633974483,2.4387948878195775,-1,1,-1
0,772,0,0.7853981633974483,2.558194376747961,-1,1,-1
0,773,0,0.7853981633974483,-1.9519205068490586,1,-1,-1
0,774,0,0.7853981633974483,-1.3178405825348996,1,-1,-1
0,775,0,0.7853981633974483,-1.2153265012144292,1,-1,-1
0,776,0,0.7853981633974483,-0.43946429367392037,1,1,1
0,777,0,0.7853981633974483,-1.2998613169730064,1,1,1
0,778,0,0.7853981633974483,2.0441389867425954,1,-1,-1
0,779,0,0.7853981633974483,1.4018002197577344,1,-1,-1
0,780,0,0.7853981633974483,2.5353815288564396,-1,1,-1
0,781,0,0.7853981633974483,-0.31193619258697725,1,-1,-1
0,782,0,0.7853981633974483,2.078009963383697,1,1,1
0,783,0,0.7853981633974483,-0.8729891326023473,1,-1,-1
0,784,0,0.7853981633974483,0.24210053491130035,-1,1,-1
0,785,0,0.7853981633974483,0.11579073895431424,1,-1,-1
0,786,0,0.7853981633974483,0.4715772086381005,1,1,1
0,787,0,0.7853981633974483,2.669677018273754,-1,1,-1
0,788,0,0.7853981633974483,-2.0417916001864382,-1,1,-1
0,789,0,0.7853981633974483,-2.7006137584386214,1,1,1
0,790,0,0.7853981633974483,0.6087076417101884,-1,1,-1
0,791,0,0.7853981633974483,-0.1018948917337803,-1,1,-1
0,792,0,0.7853981633974483,-0.7040545054934064,1,1,1
0,793,0,0.7853981633974483,2.809239850113019,-1,1,-1
0,794,0,0.7853981633974483,2.5626866790261467,1,-1,-1
0,795,0,0.7853981633974483,2.6256136037092093,-1,1,-1
0,796,0,0.7853981633974483,0.9407793774720785,1,-1,-1
0,797,0,0.7853981633974483,2.2259308637162913,-1,1,-1
0,798,0,0.7853981633974483,-2.1834763000438846,-1,1,-1
0,799,0,0.7853981633974483,-0.3320370186358179,1,-1,-1
0,800,0,0.7853981633974483,2.142603732712425,1,-1,-1
0,801,0,0.7853981633974483,-0.4771261545572978,1,-1,-1
0,802,0,0.7853981633974483,-3.0547813052163537,-1,1,-1
0,803,0,0.7853981633974483,1.2829234426364193,-1,1,-1
0,804,0,0.7853981633974483,1.9714501381853742,1,-1,-1
0,805,0,0.7853981633974483,-1.27731079893028,-1,1,-1
0,806,0,0.7853981633974483,-2.791667500157019,-1,1,-1
0,807,0,0.7853981633974483,-2.230965987217434,-1,1,-1
0,808,0,0.7853981633974483,0.18832496052657932,-1,1,-1
0,809,0,0.7853981633974483,-2.428630909523264,1,-1,-1
0,810,0,0.7853981633974483,-0.24278944292036053,1,-1,-1
0,811,0,0.7853981633974483,-1.3131273798416896,-1,1,-1
0,812,0,0.7853981633974483,1.285054092858462,-1,1,-1
0,813,0,0.7853981633974483,0.9093568593049781,-1,1,-1
0,814,0,0.7853981633974483,1.9720652125131686,1,-1,-1
0,815,0,0.7853981633974483,2.62284590286941,-1,1,-1
0,816,0,0.7853981633974483,0.2991317368651183,-1,1,-1
0,817,0,0.7853981633974483,-1.6695382814538338,-1,1,-1
0,818,0,0.7853981633974483,1.8388118065979757,-1,1,-1
0,819,0,0.7853981633974483,-2.4108043348399995,1,-1,-1
0,820,0,0.7853981633974483,1.9504785919863137,-1,-1,1
0,821,0,0.7853981633974483,2.023939787974431,-1,1,-1
0,822,0,0.7853981633974483,-2.9900330380259135,1,-1,-1
0,823,0,0.7853981633974483,2.686223545161596,-1,1,-1
0,824,0,0.7853981633974483,2.5240922367160135,1,-1,-1
0,825,0,0.7853981633974483,-0.4037119469038357,1,-1,-1
0,826,0,0.7853981633974483,3.0772993108339923,1,-1,-1
0,827,0,0.7853981633974483,-2.3769469323961223,1,-1,-1
0,828,0,0.7853981633974483,0.9101500945745897,-1,-1,1
0,829,0,0.7853981633974483,-2.051670392877301,1,-1,-1
0,830,0,0.7853981633974483,1.9526042471007603,-1,1,-1
0,831,0,0.7853981633974483,-1.8902711847115963,1,-1,-1
0,832,0,0.7853981633974483,1.980165646966574,-1,1,-1
0,833,0,0.7853981633974483,0.9882169455304082,-1,1,-1
0,834,0,0.7853981633974483,0.6891080758513151,1,-1,-1
0,835,0,0.7853981633974483,0.48580603367179753,1,-1,-1
0,836,0,0.7853981633974483,-2.2294368947647083,-1,-1,1
0,837,0,0.7853981633974483,-1.2765446017225088,1,1,1
0,838,0,0.7853981633974483,1.941409958036509,-1,1,-1
0,839,0,0.7853981633974483,2.4716659538190706,1,-1,-1
0,840,0,0.7853981633974483,3.031634891978129,1,1,1
0,841,0,0.7853981633974483,-1.6103001791014628,-1,1,-1
0,842,0,0.7853981633974483,-0.4403987269035965,-1,1,-1
0,843,0,0.7853981633974483,3.088798636416148,1,-1,-1
0,844,0,0.7853981633974483,3.0717519340744097,-1,1,-1
0,845,0,0.7853981633974483,2.3748840976660928,1,-1,-1
0,846,0,0.7853981633974483,-0.8567490229613188,1,1,1
0,847,0,0.7853981633974483,0.8417021555480257,-1,1,-1
0,848,0,0.7853981633974483,0.833482309106572,1,-1,-1
0,849,0,0.7853981633974483,1.2411382740991073,-1,1,-1
0,850,0,0.7853981633974483,-2.979227213354417,-1,1,-1
0,851,0,0.7853981633974483,0.18317391995543186,1,-1,-1
0,852,0,0.7853981633974483,-2.681509238410084,-1,1,-1
0,853,0,0.7853981633974483,1.8609193809223195,-1,1,-1
0,854,0,0.7853981633974483,2.427423731063948,-1,1,-1
0,855,0,0.7853981633974483,2.15371195200228,1,-1,-1
0,856,0,0.7853981633974483,-2.1631259771113016,-1,1,-1
0,857,0,0.7853981633974483,2.4709797039932777,1,-1,-1
0,858,0,0.7853981633974483,-0.7929822199813374,1,1,1
0,859,0,0.7853981633974483,-1.2862175774796418,1,1,1
0,860,0,0.7853981633974483,1.910480007017341,-1,1,-1
0,861,0,0.7853981633974483,1.7824188319329375,1,-1,-1
0,862,0,0.7853981633974483,1.1561655363880812,1,1,1
0,863,0,0.7853981633974483,-0.8515449045571115,1,-1,-1
0,864,0,0.7853981633974483,2.908424307834217,-1,1,-1
0,865,0,0.7853981633974483,-0.1088346786505685,1,-1,-1
0,866,0,0.7853981633974483,0.4209201689537587,1,-1,-1
0,867,0,0.7853981633974483,2.608685555535473,1,-1,-1
0,868,0,0.7853981633974483,-2.398987919862547,-1,1,-1
0,869,0,0.7853981633974483,1.782265372715246,1,-1,-1
0,870,0,0.7853981633974483,-0.5981840773171534,1,1,1
0,871,0,0.7853981633974483,-1.12183236768321,1,-1,-1
0,872,0,0.7853981633974483,0.9409388956341225,-1,1,-1
0,873,0,0.7853981633974483,-0.5635563088484723,-1,1,-1
0,874,0,0.7853981633974483,1.7450228615602281,-1,1,-1
0,875,0,0.7853981633974483,-0.06240230183430473,-1,1,-1
0,876,0,0.7853981633974483,2.2915413057487326,1,-1,-1
0,877,0,0.7853981633974483,-2.128658646947911,-1,1,-1
0,878,0,0.7853981633974483,-1.9715690091715388,1,-1,-1
0,879,0,0.7853981633974483,-3.0374155232938147,-1,-1,1
0,880,0,0.7853981633974483,0.24157855772574433,-1,1,-1
0,881,0,0.7853981633974483,2.8980759096251507,1,-1,-1
0,882,0,0.7853981633974483,2.112889128043916,-1,1,-1
0,883,0,0.7853981633974483,2.472046241129873,1,-1,-1
0,884,0,0.7853981633974483,-0.9972492829223425,1,-1,-1
0,885,0,0.7853981633974483,-2.665109428952335,1,-1,-1
0,886,0,0.7853981633974483,-0.7303347907938611,-1,1,-1
0,887,0,0.7853981633974483,1.696547561514027,-1,1,-1
0,888,0,0.7853981633974483,-0.8173833149492262,-1,1,-1
0,889,0,0.7853981633974483,1.0534042992705421,-1,1,-1
0,890,0,0.7853981633974483,2.347869084535577,1,-1,-1
0,891,0,0.7853981633974483,-2.50897778529763,-1,-1,1
0,892,0,0.7853981633974483,2.1819752073747365,-1,1,-1
0,893,0,0.7853981633974483,0.6965118648275124,1,-1,-1
0,894,0,0.7853981633974483,-1.6879333449843705,-1,1,-1
0,895,0,0.7853981633974483,1.6996306106865093,-1,1,-1
0,896,0,0.7853981633974483,1.4113361034890701,1,-1,-1
0,897,0,0.7853981633974483,1.3481807873154503,1,-1,-1
0,898,0,0.7853981633974483,1.486398504665054,-1,1,-1
0,899,0,0.7853981633974483,0.3193638266015726,1,1,1
0,900,0,0.7853981633974483,3.083334251022455,1,-1,-1
0,901,0,0.7853981633974483,-0.7764163468652101,1,-1,-1
0,902,0,0.7853981633974483,1.2697314676592457,1,1,1
0,903,0,0.7853981633974483,0.6927828719460583,-1,1,-1
0,904,0,0.7853981633974483,-2.9253952691771534,-1,1,-1
0,905,0,0.7853981633974483,2.2957793933730226,1,-1,-1
0,906,0,0.7853981633974483,-2.062944422053689,-1,1,-1
0,907,0,0.7853981633974483,-0.6796795190358726,-1,1,-1
0,908,0,0.7853981633974483,1.4874361311051656,1,1,1
0,909,0,0.7853981633974483,-2.4167635661085236,1,-1,-1
0,910,0,0.7853981633974483,3.018518405964657,-1,1,-1
0,911,0,0.7853981633974483,-3.0024614280538082,-1,1,-1
0,912,0,0.7853981633974483,-2.724395260389291,1,1,1
0,913,0,0.7853981633974483,-0.4919230325489883,-1,1,-1
0,914,0,0.7853981633974483,-2.6065374964545702,-1,1,-1
0,915,0,0.7853981633974483,0.29291339194256727,-1,1,-1
0,916,0,0.7853981633974483,-1.62204396275573,1,-1,-1
0,917,0,0.7853981633974483,1.9656467649654523,1,1,1
0,918,0,0.7853981633974483,0.8812033645631319,-1,-1,1
0,919,0,0.7853981633974483,1.929585435726474,-1,1,-1
0,920,0,0.7853981633974483,0.25119623942976954,1,-1,-1
0,921,0,0.7853981633974483,2.3859883243483306,-1,1,-1
0,922,0,0.7853981633974483,0.031361156435798065,-1,1,-1
0,923,0,0.7853981633974483,2.927532141593284,1,-1,-1
0,924,0,0.7853981633974483,-1.2351466866275695,-1,1,-1
0,925,0,0.7853981633974483,-2.7811480555527064,-1,1,-1
0,926,0,0.7853981633974483,-1.5619997454670134,-1,-1,1
0,927,0,0.7853981633974483,0.11583102145157076,-1,1,-1
0,928,0,0.7853981633974483,0.7944163554586381,-1,1,-1
0,929,0,0.7853981633974483,-0.2943848124742132,-1,1,-1
0,930,0,0.7853981633974483,-2.0521435189400794,1,-1,-1
0,931,0,0.7853981633974483,-2.0958419904131036,1,-1,-1
0,932,0,0.7853981633974483,0.4962120821896341,-1,1,-1
0,933,0,0.7853981633974483,-1.2307347025171065,1,-1,-1
0,934,0,0.7853981633974483,-1.5427955114884075,-1,1,-1
0,935,0,0.7853981633974483,-1.9841755382957795,-1,1,-1
0,936,0,0.7853981633974483,-1.2784595531290512,1,-1,-1
0,937,0,0.7853981633974483,2.9727801571629904,-1,1,-1
0,938,0,0.7853981633974483,-2.317826436794456,-1,1,-1
0,939,0,0.7853981633974483,1.5951874190906645,-1,-1,1
0,940,0,0.7853981633974483,0.292126970271696,-1,1,-1
0,941,0,0.7853981633974483,-2.4695960385961464,1,-1,-1
0,942,0,0.7853981633974483,-0.9206031632557572,-1,1,-1
0,943,0,0.7853981633974483,-0.2731224512504373,-1,1,-1
0,944,0,0.7853981633974483,2.7039460712476817,-1,1,-1
0,945,0,0.7853981633974483,-1.2867509084573157,-1,1,-1
0,946,0,0.7853981633974483,1.170502949863133,1,-1,-1
0,947,0,0.7853981633974483,-1.1086265539481146,-1,1,-1
0,948,0,0.7853981633974483,2.8312385227858865,-1,1,-1
0,949,0,0.7853981633974483,-0.8787021247571714,-1,1,-1
0,950,0,0.7853981633974483,2.9613844662728903,1,-1,-1
0,951,0,0.7853981633974483,1.37994999485728,-1,1,-1
0,952,0,0.7853981633974483,1.8951782439265052,1,-1,-1
0,953,0,0.7853981633974483,1.660246037561043,1,1,1
0,954,0,0.7853981633974483,2.1445017910174213,1,-1,-1
0,955,0,0.7853981633974483,1.134251160731984,-1,1,-1
0,956,0,0.7853981633974483,-0.48107639787094936,1,-1,-1
0,957,0,0.7853981633974483,-0.9751094909845013,-1,1,-1
0,958,0,0.7853981633974483,-2.8056361403554844,-1,1,-1
0,959,0,0.7853981633974483,0.8593873371549225,-1,1,-1
0,960,0,0.7853981633974483,-2.540804471197054,-1,1,-1
0,961,0,0.7853981633974483,-0.7568079520224362,-1,1,-1
0,962,0,0.7853981633974483,-2.2383178660760072,1,-1,-1
0,963,0,0.7853981633974483,-1.0065530324236223,-1,1,-1
0,964,0,0.7853981633974483,-3.03487953291974,-1,1,-1
0,965,0,0.7853981633974483,0.7925400672574496,-1,1,-1
0,966,0,0.7853981633974483,1.9650906516474596,-1,1,-1
0,967,0,0.7853981633974483,-2.0615277056171704,-1,1,-1
0,968,0,0.7853981633974483,-0.14536312732433565,1,-1,-1
0,969,0,0.7853981633974483,-2.9847585030049832,1,-1,-1
0,970,0,0.7853981633974483,-2.1949667254793477,-1,1,-1
0,971,0,0.7853981633974483,0.9877548440865924,1,-1,-1
0,972,0,0.7853981633974483,-2.738121411561783,1,-1,-1
0,973,0,0.7853981633974483,1.5686514433585712,1,-1,-1
0,974,0,0.7853981633974483,-1.2261273807983728,-1,1,-1
0,975,0,0.7853981633974483,-1.1329385320058174,1,-1,-1
0,976,0,0.7853981633974483,1.2217330599492469,1,-1,-1
0,977,0,0.7853981633974483,-0.815895380574569,1,-1,-1
0,978,0,0.7853981633974483,-0.781660608516169,-1,1,-1
0,979,0,0.7853981633974483,-0.5388789489339305,-1,1,-1
0,980,0,0.7853981633974483,2.5697337224569043,1,-1,-1
0,981,0,0.7853981633974483,-1.4882608131791906,-1,1,-1
0,982,0,0.7853981633974483,-0.7020222500269733,-1,1,-1
0,983,0,0.7853981633974483,1.2249812763200643,1,-1,-1
0,984,0,0.7853981633974483,1.6134956423244224,1,-1,-1
0,985,0,0.7853981633974483,2.946704011144228,-1,1,-1
0,986,0,0.7853981633974483,0.38525162878911434,1,-1,-1
0,987,0,0.7853981633974483,1.7612292512285537,-1,1,-1
0,988,0,0.7853981633974483,0.8122413093498313,-1,1,-1
0,989,0,0.7853981633974483,-1.8198325652093263,1,-1,-1
0,990,0,0.7853981633974483,1.6793462352688984,1,-1,-1
0,991,0,0.7853981633974483,-2.4323602302053557,1,-1,-1
0,992,0,0.7853981633974483,0.219524224298965,-1,1,-1
0,993,0,0.7853981633974483,-2.5454187154853423,-1,1,-1
0,994,0,0.7853981633974483,0.618065782096259,1,-1,-1
0,995,0,0.7853981633974483,3.010243782512653,1,-1,-1
0,996,0,0.7853981633974483,1.8894675462188015,-1,1,-1
0,997,0,0.7853981633974483,-0.5736581465884658,-1,1,-1
0,998,0,0.7853981633974483,2.648340468225361,-1,1,-1
0,999,0,0.7853981633974483,-0.7084503764995791,-1,1,-1
1,0,0,-0.7853981633974483,-0.2334410580165036,-1,1,-1
1,1,0,-0.7853981633974483,-1.101192361397827,1,-1,-1
1,2,0,-0.7853981633974483,-2.5835881477098925,-1,1,-1
1,3,0,-0.7853981633974483,1.5466195641746205,1,-1,-1
1,4,0,-0.7853981633974483,2.271325882248658,1,-1,-1
1,5,0,-0.7853981633974483,2.3301723982086777,1,-1,-1
1,6,0,-0.7853981633974483,-1.4019170615570458,1,-1,-1
1,7,0,-0.7853981633974483,-1.174670722794256,1,-1,-1
1,8,0,-0.7853981633974483,-0.8260218890162143,1,-1,-1
1,9,0,-0.7853981633974483,2.095029201925927,-1,1,-1
1,10,0,-0.7853981633974483,0.09635253278855549,-1,1,-1
1,11,0,-0.7853981633974483,2.155317370258331,1,-1,-1
1,12,0,-0.7853981633974483,-1.0355637787080965,-1,1,-1
1,13,0,-0.7853981633974483,-1.5361964876036491,1,-1,-1
1,14,0,-0.7853981633974483,2.3276745409581014,-1,-1,1
1,15,0,-0.7853981633974483,-0.7266765326055178,-1,1,-1
1,16,0,-0.7853981633974483,2.082372692462334,-1,1,-1
1,17,0,-0.7853981633974483,0.9090985018737072,1,-1,-1
1,18,0,-0.7853981633974483,2.386043633082676,-1,-1,1
1,19,0,-0.7853981633974483,-0.6980423347017912,-1,1,-1
1,20,0,-0.7853981633974483,-2.5746295209346357,1,-1,-1
1,21,0,-0.7853981633974483,2.156874534715919,1,-1,-1
1,22,0,-0.7853981633974483,-0.47983430916799863,1,-1,-1
1,23,0,-0.7853981633974483,1.2619865178811498,-1,1,-1
1,24,0,-0.7853981633974483,-1.2214884505176575,1,-1,-1
1,25,0,-0.7853981633974483,-2.629551368134698,-1,1,-1
1,26,0,-0.7853981633974483,1.3342428126517971,1,-1,-1
1,27,0,-0.7853981633974483,2.430893593795771,1,-1,-1
1,28,0,-0.7853981633974483,0.4295238543295805,1,-1,-1
1,29,0,-0.7853981633974483,-0.6053368778879404,1,-1,-1
1,30,0,-0.7853981633974483,0.4926192364181974,1,-1,-1
1,31,0,-0.7853981633974483,-1.2543252440153063,-1,1,-1
1,32,0,-0.7853981633974483,-2.058816401582727,1,-1,-1
1,33,0,-0.7853981633974483,2.6598397394654603,1,-1,-1
1,34,0,-0.7853981633974483,2.6062313462915307,1,-1,-1
1,35,0,-0.7853981633974483,2.320595140950166,1,-1,-1
1,36,0,-0.7853981633974483,-1.8852737014533478,-1,1,-1
1,37,0,-0.7853981633974483,-1.3076666119924567,1,-1,-1
1,38,0,-0.7853981633974483,1.7420466223943603,-1,1,-1
1,39,0,-0.7853981633974483,0.7131341172691616,1,-1,-1
1,40,0,-0.7853981633974483,1.1014072500346694,-1,1,-1
1,41,0,-0.7853981633974483,-2.6143240066995137,-1,-1,1
1,42,0,-0.7853981633974483,-2.834083773005026,-1,1,-1
1,43,0,-0.7853981633974483,-2.3722082417822015,-1,1,-1
1,44,0,-0.7853981633974483,2.587507722799974,-1,1,-1
1,45,0,-0.7853981633974483,0.05817303041800592,1,1,1
1,46,0,-0.7853981633974483,1.5105661315132881,-1,1,-1
1,47,0,-0.7853981633974483,-2.4284586127169865,1,-1,-1
1,48,0,-0.7853981633974483,-1.2816121675719545,-1,1,-1
1,49,0,-0.7853981633974483,1.32999427785552,-1,1,-1
1,50,0,-0.7853981633974483,2.6259639851993324,1,-1,-1
1,51,0,-0.7853981633974483,-0.2305511460292169,-1,1,-1
1,52,0,-0.7853981633974483,-0.031445084722781846,-1,1,-1
1,53,0,-0.7853981633974483,-1.0521923458965552,1,-1,-1
1,54,0,-0.7853981633974483,-3.112271249719977,1,-1,-1
1,55,0,-0.7853981633974483,1.2971202815063672,-1,1,-1
1,56,0,-0.7853981633974483,-0.32290249976016216,1,-1,-1
1,57,0,-0.7853981633974483,1.6682159949923596,1,-1,-1
1,58,0,-0.7853981633974483,-2.9499506996836886,-1,1,-1
1,59,0,-0.7853981633974483,-1.354478566352241,-1,1,-1
1,60,0,-0.7853981633974483,0.5081541137366963,-1,1,-1
1,61,0,-0.7853981633974483,-2.9469490200428217,-1,1,-1
1,62,0,-0.7853981633974483,2.958474021555806,1,-1,-1
1,63,0,-0.7853981633974483,-1.8398517334386757,1,-1,-1
1,64,0,-0.7853981633974483,2.781927493521322,-1,-1,1
1,65,0,-0.7853981633974483,2.1645696236562753,-1,1,-1
1,66,0,-0.7853981633974483,2.298585492448523,1,-1,-1
1,67,0,-0.7853981633974483,0.7813542855465925,-1,1,-1
1,68,0,-0.7853981633974483,2.957170817727107,-1,1,-1
1,69,0,-0.7853981633974483,-1.0324293652298078,1,-1,-1
1,70,0,-0.7853981633974483,-2.3977075195888236,1,-1,-1
1,71,0,-0.7853981633974483,0.736216690241775,-1,1,-1
1,72,0,-0.7853981633974483,1.0898563904406,1,-1,-1
1,73,0,-0.7853981633974483,-0.5156248469714786,1,-1,-1
1,74,0,-0.7853981633974483,2.2064086519061474,-1,1,-1
1,75,0,-0.7853981633974483,-2.5058842777418953,1,-1,-1
1,76,0,-0.7853981633974483,0.2524932782728677,-1,1,-1
1,77,0,-0.7853981633974483,2.00487940682744,1,-1,-1
1,78,0,-0.7853981633974483,-0.583454532727893,-1,-1,1
1,79,0,-0.7853981633974483,-2.035841085058406,1,-1,-1
1,80,0,-0.7853981633974483,0.9322982600845933,1,1,1
1,81,0,-0.7853981633974483,-2.386712440223113,1,-1,-1
1,82,0,-0.7853981633974483,-1.8666308761182009,-1,1,-1
1,83,0,-0.7853981633974483,2.9909826261524035,1,-1,-1
1,84,0,-0.7853981633974483,0.8938268671629146,1,-1,-1
1,85,0,-0.7853981633974483,0.4024059108101907,-1,1,-1
1,86,0,-0.7853981633974483,2.6343386725742297,-1,1,-1
1,87,0,-0.7853981633974483,-0.654852333010334,-1,-1,1
1,88,0,-0.7853981633974483,-2.9955514865900907,-1,1,-1
1,89,0,-0.7853981633974483,1.5133479140596648,-1,1,-1
1,90,0,-0.7853981633974483,-0.8313156121699761,-1,1,-1
1,91,0,-0.7853981633974483,0.6756251497995813,1,-1,-1
1,92,0,-0.7853981633974483,-1.5765160826415678,-1,1,-1
1,93,0,-0.7853981633974483,1.9706864520380067,1,-1,-1
1,94,0,-0.7853981633974483,0.27955746111176216,1,1,1
1,95,0,-0.7853981633974483,-1.1441729584557419,1,-1,-1
1,96,0,-0.7853981633974483,-2.9901671105849235,-1,-1,1
1,97,0,-0.7853981633974483,-0.09846993424800621,1,-1,-1
1,98,0,-0.7853981633974483,-0.5648970147081367,1,-1,-1
1,99,0,-0.7853981633974483,0.8823275746016721,1,-1,-1
1,100,0,-0.7853981633974483,0.9954423750838348,1,-1,-1
1,101,0,-0.7853981633974483,1.1948725325039673,-1,1,-1
1,102,0,-0.7853981633974483,0.28550672051886217,1,-1,-1
1,103,0,-0.7853981633974483,-0.964449914169069,-1,1,-1
1,104,0,-0.7853981633974483,-2.5369979812918766,1,-1,-1
1,105,0,-0.7853981633974483,0.4964788796195365,-1,1,-1
1,106,0,-0.7853981633974483,-0.12840500141882716,1,-1,-1
1,107,0,-0.7853981633974483,2.9749095460141817,1,-1,-1
1,108,0,-0.7853981633974483,1.320265933965703,1,-1,-1
1,109,0,-0.7853981633974483,-2.7874161231493004,-1,-1,1
1,110,0,-0.7853981633974483,-1.3915192769864646,-1,1,-1
1,111,0,-0.7853981633974483,-1.5980760769143174,-1,1,-1
1,112,0,-0.7853981633974483,-1.3178504407668563,1,-1,-1
1,113,0,-0.7853981633974483,0.8229199561930565,1,-1,-1
1,114,0,-0.7853981633974483,1.1122015690932372,1,-1,-1
1,115,0,-0.7853981633974483,-0.48273440193880157,1,-1,-1
1,116,0,-0.7853981633974483,-0.5676108700298577,-1,1,-1
1,117,0,-0.7853981633974483,-1.242716025607808,-1,-1,1
1,118,0,-0.7853981633974483,1.3086653592307167,-1,1,-1
1,119,0,-0.7853981633974483,-2.548277087928367,-1,1,-1
1,120,0,-0.7853981633974483,0.9011637302215858,1,-1,-1
1,121,0,-0.7853981633974483,-1.1673869054155463,1,-1,-1
1,122,0,-0.7853981633974483,-2.3624916641527136,1,1,1
1,123,0,-0.7853981633974483,1.6519330350811865,1,-1,-1
1,124,0,-0.7853981633974483,-0.28413107502018375,-1,1,-1
1,125,0,-0.7853981633974483,2.7421677211413567,1,-1,-1
1,126,0,-0.7853981633974483,0.4962804178226934,-1,1,-1
1,127,0,-0.7853981633974483,2.800629577843492,-1,1,-1
1,128,0,-0.7853981633974483,1.3856264978161796,1,-1,-1
1,129,0,-0.7853981633974483,-0.21340381126808738,-1,-1,1
1,130,0,-0.7853981633974483,-0.7325117643613246,-1,1,-1
1,131,0,-0.7853981633974483,-1.7858489149353256,1,-1,-1
1,132,0,-0.7853981633974483,1.3003340422335485,1,-1,-1
1,133,0,-0.7853981633974483,-1.0827248531450748,1,-1,-1
1,134,0,-0.7853981633974483,-1.107476958521847,-1,1,-1
1,135,0,-0.7853981633974483,-0.9243804904205675,1,-1,-1
1,136,0,-0.7853981633974483,-0.9204523542489707,-1,1,-1
1,137,0,-0.7853981633974483,-0.8173491935401871,1,1,1
1,138,0,-0.7853981633974483,-0.22716863412892296,-1,-1,1
1,139,0,-0.7853981633974483,0.8845509874739088,1,-1,-1
1,140,0,-0.7853981633974483,0.7581704123528858,1,-1,-1
1,141,0,-0.7853981633974483,-2.764959078903441,-1,1,-1
1,142,0,-0.7853981633974483,-2.710827424507557,-1,1,-1
1,143,0,-0.7853981633974483,2.5855676209640084,-1,1,-1
1,144,0,-0.7853981633974483,1.9152047035470883,-1,1,-1
1,145,0,-0.7853981633974483,-2.06596419132008,-1,1,-1
1,146,0,-0.7853981633974483,0.14613984391361212,-1,1,-1
1,147,0,-0.7853981633974483,0.04935974567332124,-1,1,-1
1,148,0,-0.7853981633974483,0.7936171371579572,-1,1,-1
1,149,0,-0.7853981633974483,-0.7100831141134858,-1,1,-1
1,150,0,-0.7853981633974483,-0.687881459456047,-1,1,-1
1,151,0,-0.7853981633974483,0.9976668882349848,1,-1,-1
1,152,0,-0.7853981633974483,-0.20679611574463186,1,-1,-1
1,153,0,-0.7853981633974483,1.3044271000690415,1,-1,-1
1,154,0,-0.7853981633974483,-2.8683142216172888,1,-1,-1
1,155,0,-0.7853981633974483,3.132195172325221,-1,-1,1
1,156,0,-0.7853981633974483,2.9994031473600753,1,-1,-1
1,157,0,-0.7853981633974483,1.9889968572952403,1,-1,-1
1,158,0,-0.7853981633974483,-2.0926826751034167,1,-1,-1
1,159,0,-0.7853981633974483,-2.6026384859963354,1,-1,-1
1,160,0,-0.7853981633974483,2.466123378084913,1,1,1
1,161,0,-0.7853981633974483,2.6715670225216055,-1,1,-1
1,162,0,-0.7853981633974483,2.479660891965511,-1,1,-1
1,163,0,-0.7853981633974483,-1.3926211700208413,-1,-1,1
1,164,0,-0.7853981633974483,0.21769712486222748,1,-1,-1
1,165,0,-0.7853981633974483,2.6999795207369486,1,-1,-1
1,166,0,-0.7853981633974483,2.3591133945190697,-1,1,-1
1,167,0,-0.7853981633974483,-1.9557066723613852,-1,1,-1
1,168,0,-0.7853981633974483,1.7402698145789994,1,-1,-1
1,169,0,-0.7853981633974483,-1.1626656661031127,-1,1,-1
1,170,0,-0.7853981633974483,0.6289789300135333,1,-1,-1
1,171,0,-0.7853981633974483,-1.272818586980076,1,-1,-1
1,172,0,-0.7853981633974483,0.243546000201194,-1,1,-1
1,173,0,-0.7853981633974483,1.755801134178678,1,-1,-1
1,174,0,-0.7853981633974483,-1.4082946277046156,1,-1,-1
1,175,0,-0.7853981633974483,1.159469918675967,-1,-1,1
1,176,0,-0.7853981633974483,-1.143575418544111,1,-1,-1
1,177,0,-0.7853981633974483,0.8291123122484443,-1,1,-1
1,178,0,-0.7853981633974483,-2.0569253153755707,-1,1,-1
1,179,0,-0.7853981633974483,-0.583442588998885,1,-1,-1
1,180,0,-0.7853981633974483,-2.5745122315875273,-1,-1,1
1,181,0,-0.7853981633974483,0.5002306915986088,1,-1,-1
1,182,0,-0.7853981633974483,0.09297778766322207,-1,1,-1
1,183,0,-0.7853981633974483,2.6468462704706006,-1,1,-1
1,184,0,-0.7853981633974483,-0.9748265543497281,1,-1,-1
1,185,0,-0.7853981633974483,1.2895715334247484,-1,1,-1
1,186,0,-0.7853981633974483,-1.6682421241056804,1,-1,-1
1,187,0,-0.7853981633974483,-0.3184276542057529,-1,1,-1
1,188,0,-0.7853981633974483,-0.11767176393831225,-1,1,-1
1,189,0,-0.7853981633974483,1.7397839614628472,1,-1,-1
1,190,0,-0.7853981633974483,-0.2815553252026568,1,-1,-1
1,191,0,-0.7853981633974483,-1.997352555010206,1,-1,-1
1,192,0,-0.7853981633974483,-0.12854186614432628,-1,1,-1
1,193,0,-0.7853981633974483,0.6271667153592251,1,-1,-1
1,194,0,-0.7853981633974483,-1.2196842279761009,1,-1,-1
1,195,0,-0.7853981633974483,-1.0680296510675742,-1,1,-1
1,196,0,-0.7853981633974483,-2.497117087559155,1,-1,-1
1,197,0,-0.7853981633974483,0.10453027804406423,1,-1,-1
1,198,0,-0.7853981633974483,0.41226964456017345,-1,1,-1
1,199,0,-0.7853981633974483,-0.9596720474311904,-1,1,-1
1,200,0,-0.7853981633974483,1.5427450485248828,1,-1,-1
1,201,0,-0.7853981633974483,1.4448186687710223,-1,1,-1
1,202,0,-0.7853981633974483,2.694630829323156,1,-1,-1
1,203,0,-0.7853981633974483,-2.8889024401804417,1,-1,-1
1,204,0,-0.7853981633974483,0.8858817143541886,1,1,1
1,205,0,-0.7853981633974483,2.0573927847158062,1,-1,-1
1,206,0,-0.7853981633974483,3.1262989399181205,1,-1,-1
1,207,0,-0.7853981633974483,2.6697977323947715,1,-1,-1
1,208,0,-0.7853981633974483,-2.653985445693556,1,-1,-1
1,209,0,-0.7853981633974483,-2.69714142639911,1,-1,-1
1,210,0,-0.7853981633974483,0.4543515264257625,1,-1,-1
1,211,0,-0.7853981633974483,2.9204709947619225,1,-1,-1
1,212,0,-0.7853981633974483,2.449758181763057,1,-1,-1
1,213,0,-0.7853981633974483,2.571311333341809,1,-1,-1
1,214,0,-0.7853981633974483,0.6233244683700674,-1,1,-1
1,215,0,-0.7853981633974483,-0.6303228811749855,-1,-1,1
1,216,0,-0.7853981633974483,0.03196447801914415,1,-1,-1
1,217,0,-0.7853981633974483,0.03481773557577883,1,-1,-1
1,218,0,-0.7853981633974483,0.935497821980614,1,-1,-1
1,219,0,-0.7853981633974483,-1.8444786105495858,-1,-1,1
1,220,0,-0.7853981633974483,1.4128253508737352,-1,1,-1
1,221,0,-0.7853981633974483,2.0952543760518214,1,-1,-1
1,222,0,-0.7853981633974483,0.10594865534519338,-1,1,-1
1,223,0,-0.7853981633974483,-0.6630679959055943,-1,-1,1
1,224,0,-0.7853981633974483,-2.3054440757912835,-1,1,-1
1,225,0,-0.7853981633974483,0.5763090458889608,1,-1,-1
1,226,0,-0.7853981633974483,-0.10614528655430355,1,-1,-1
1,227,0,-0.7853981633974483,1.125040985749595,-1,1,-1
1,228,0,-0.7853981633974483,1.7230793410466267,-1,1,-1
1,229,0,-0.7853981633974483,-3.103253974471972,1,-1,-1
1,230,0,-0.7853981633974483,1.4425359624975096,1,-1,-1
1,231,0,-0.7853981633974483,-1.231664444796289,1,-1,-1
1,232,0,-0.7853981633974483,-0.72891258100513,1,-1,-1
1,233,0,-0.7853981633974483,-0.5033462229861225,-1,1,-1
1,234,0,-0.7853981633974483,1.3404210186749186,1,-1,-1
1,235,0,-0.7853981633974483,-2.6445727504684786,1,-1,-1
1,236,0,-0.7853981633974483,0.4581891680486727,-1,1,-1
1,237,0,-0.7853981633974483,1.838478340808595,1,1,1
1,238,0,-0.7853981633974483,1.549365964517805,-1,1,-1
1,239,0,-0.7853981633974483,-3.043853938577227,-1,1,-1
1,240,0,-0.7853981633974483,-1.237469090621745,1,-1,-1
1,241,0,-0.7853981633974483,3.1174561810135675,-1,1,-1
1,242,0,-0.7853981633974483,-1.181211465350744,1,1,1
1,243,0,-0.7853981633974483,-0.7600432722550328,-1,1,-1
1,244,0,-0.7853981633974483,-2.801891092604836,1,-1,-1
1,245,0,-0.7853981633974483,2.3854163228848906,-1,1,-1
1,246,0,-0.7853981633974483,0.29014726386816037,1,-1,-1
1,247,0,-0.7853981633974483,-2.5348331138689764,1,1,1
1,248,0,-0.7853981633974483,-0.704771660907832,1,-1,-1
1,249,0,-0.7853981633974483,0.754826466221413,1,1,1
1,250,0,-0.7853981633974483,-2.336621095896801,-1,1,-1
1,251,0,-0.7853981633974483,0.3066865500750233,-1,1,-1
1,252,0,-0.7853981633974483,1.7214615624767822,-1,1,-1
1,253,0,-0.7853981633974483,-3.12311516428573,1,-1,-1
1,254,0,-0.7853981633974483,2.833821800298014,-1,1,-1
1,255,0,-0.7853981633974483,1.9952940263445855,1,-1,-1
1,256,0,-0.7853981633974483,3.077854250608384,1,-1,-1
1,257,0,-0.7853981633974483,2.4425762258489847,-1,1,-1
1,258,0,-0.7853981633974483,-0.16239747463973142,1,-1,-1
1,259,0,-0.7853981633974483,-2.27221334154508,1,-1,-1
1,260,0,-0.7853981633974483,2.126162339882475,-1,-1,1
1,261,0,-0.7853981633974483,-3.0179388409937813,-1,1,-1
1,262,0,-0.7853981633974483,-0.21458896837649544,1,-1,-1
1,263,0,-0.7853981633974483,-1.5418663271844202,1,-1,-1
1,264,0,-0.7853981633974483,0.37830734682130274,-1,-1,1
1,265,0,-0.7853981633974483,-2.215956507015782,1,-1,-1
1,266,0,-0.7853981633974483,-1.189001335572349,1,-1,-1
1,267,0,-0.7853981633974483,-0.7355307403415376,-1,1,-1
1,268,0,-0.7853981633974483,1.7515250878659927,1,-1,-1
1,269,0,-0.7853981633974483,-0.8670915516577944,1,1,1
1,270,0,-0.7853981633974483,0.8233400073078561,1,-1,-1
1,271,0,-0.7853981633974483,0.5496830129776709,-1,1,-1
1,272,0,-0.7853981633974483,2.293715192774923,-1,1,-1
1,273,0,-0.7853981633974483,0.08677177816370785,-1,-1,1
1,274,0,-0.7853981633974483,-0.26597063162337253,1,-1,-1
1,275,0,-0.7853981633974483,2.9543669056884676,1,-1,-1
1,276,0,-0.7853981633974483,1.2770139452341853,1,-1,-1
1,277,0,-0.7853981633974483,-2.4369740278071808,-1,1,-1
1,278,0,-0.7853981633974483,2.3188818844641412,1,1,1
1,279,0,-0.7853981633974483,3.0209233103031545,-1,1,-1
1,280,0,-0.7853981633974483,0.007881860335705149,1,1,1
1,281,0,-0.7853981633974483,-0.7750834764489691,-1,1,-1
1,282,0,-0.7853981633974483,-2.731565920794903,1,1,1
1,283,0,-0.7853981633974483,2.1811174990677458,1,-1,-1
1,284,0,-0.7853981633974483,0.405871277747448,1,-1,-1
1,285,0,-0.7853981633974483,-0.9965977261134404,1,1,1
1,286,0,-0.7853981633974483,-1.4847828653900805,-1,1,-1
1,287,0,-0.7853981633974483,-2.3755324320055364,-1,1,-1
1,288,0,-0.7853981633974483,1.854672705222816,-1,-1,1
1,289,0,-0.7853981633974483,2.526093101994336,-1,1,-1
1,290,0,-0.7853981633974483,3.0306139654426865,-1,1,-1
1,291,0,-0.7853981633974483,2.9553259543174635,-1,1,-1
1,292,0,-0.7853981633974483,0.6800645731907977,1,-1,-1
1,293,0,-0.7853981633974483,-0.4600239092581,1,-1,-1
1,294,0,-0.7853981633974483,2.98189364415245,1,-1,-1
1,295,0,-0.7853981633974483,2.690949122706842,1,-1,-1
1,296,0,-0.7853981633974483,2.4410039358730895,1,-1,-1
1,297,0,-0.7853981633974483,-0.40046847782928063,-1,1,-1
1,298,0,-0.7853981633974483,2.428104927596908,-1,1,-1
1,299,0,-0.7853981633974483,2.5996170111912926,1,-1,-1
1,300,0,-0.7853981633974483,-0.33111841674501896,-1,1,-1
1,301,0,-0.7853981633974483,0.9210640424907153,1,-1,-1
1,302,0,-0.7853981633974483,2.290167742662007,-1,-1,1
1,303,0,-0.7853981633974483,-1.2874747155838253,-1,1,-1
1,304,0,-0.7853981633974483,-0.22941874996341127,-1,1,-1
1,305,0,-0.7853981633974483,-0.06893420292781771,1,-1,-1
1,306,0,-0.7853981633974483,-3.0127491969194167,1,-1,-1
1,307,0,-0.7853981633974483,3.128884756071839,1,-1,-1
1,308,0,-0.7853981633974483,1.7968083671470776,-1,1,-1
1,309,0,-0.7853981633974483,0.473715388292399,-1,1,-1
1,310,0,-0.7853981633974483,2.8770928832794462,-1,1,-1
1,311,0,-0.7853981633974483,0.4947689961862376,1,-1,-1
1,312,0,-0.7853981633974483,-1.3495875302765548,1,1,1
1,313,0,-0.7853981633974483,0.1974105784468705,1,-1,-1
1,314,0,-0.7853981633974483,-3.0186861432018097,-1,1,-1
1,315,0,-0.7853981633974483,0.9525977435231034,-1,1,-1
1,316,0,-0.7853981633974483,1.8686344810934061,1,-1,-1
1,317,0,-0.7853981633974483,2.6333741046121784,1,-1,-1
1,318,0,-0.7853981633974483,2.997526909173554,1,-1,-1
1,319,0,-0.7853981633974483,-3.0869446482686764,1,-1,-1
1,320,0,-0.7853981633974483,0.003944039748571271,-1,-1,1
1,321,0,-0.7853981633974483,1.859874979860641,1,-1,-1
1,322,0,-0.7853981633974483,0.6213975171057391,1,1,1
1,323,0,-0.7853981633974483,2.506045808062386,1,-1,-1
1,324,0,-0.7853981633974483,1.00037676165865,1,-1,-1
1,325,0,-0.7853981633974483,0.14158859891469655,1,1,1
1,326,0,-0.7853981633974483,1.6976863473698396,-1,1,-1
1,327,0,-0.7853981633974483,2.1716588587331147,1,-1,-1
1,328,0,-0.7853981633974483,-1.8467451034368536,-1,1,-1
1,329,0,-0.7853981633974483,0.7082399603663121,1,-1,-1
1,330,0,-0.7853981633974483,1.3833617871652306,-1,1,-1
1,331,0,-0.7853981633974483,-2.9838848713147788,1,-1,-1
1,332,0,-0.7853981633974483,1.713491203781647,-1,1,-1
1,333,0,-0.7853981633974483,2.8661018573866164,1,-1,-1
1,334,0,-0.7853981633974483,2.5176292223225154,-1,1,-1
1,335,0,-0.7853981633974483,-0.7640859481217808,1,-1,-1
1,336,0,-0.7853981633974483,-2.2225177412841535,1,-1,-1
1,337,0,-0.7853981633974483,-2.231504229771972,-1,1,-1
1,338,0,-0.7853981633974483,1.9250721478626538,-1,1,-1
1,339,0,-0.7853981633974483,-3.09020864921245,1,-1,-1
1,340,0,-0.7853981633974483,1.4922645740016396,1,1,1
1,341,0,-0.7853981633974483,0.5233301396311911,-1,-1,1
1,342,0,-0.7853981633974483,0.6444120824226611,1,-1,-1
1,343,0,-0.7853981633974483,1.4517578112668463,-1,1,-1
1,344,0,-0.7853981633974483,1.479647137081371,1,-1,-1
1,345,0,-0.7853981633974483,-0.24198624643341526,1,1,1
1,346,0,-0.7853981633974483,-1.86368622520471,-1,1,-1
1,347,0,-0.7853981633974483,-2.6976345557274097,1,-1,-1
1,348,0,-0.7853981633974483,2.3029142339414896,-1,1,-1
1,349,0,-0.7853981633974483,1.137331118468853,1,-1,-1
1,350,0,-0.7853981633974483,-0.4390532891573429,1,-1,-1
1,351,0,-0.7853981633974483,1.1361410690694465,1,-1,-1
1,352,0,-0.7853981633974483,1.220237441748484,1,-1,-1
1,353,0,-0.7853981633974483,2.1261056799085107,-1,1,-1
1,354,0,-0.7853981633974483,-1.649994489462238,1,1,1
1,355,0,-0.7853981633974483,1.7630601237174428,-1,1,-1
1,356,0,-0.7853981633974483,1.3571338950804606,1,-1,-1
1,357,0,-0.7853981633974483,0.9172996932551527,1,-1,-1
1,358,0,-0.7853981633974483,-2.809300721471097,-1,1,-1
1,359,0,-0.7853981633974483,0.3198086880705353,-1,-1,1
1,360,0,-0.7853981633974483,-2.7828565583925324,1,1,1
1,361,0,-0.7853981633974483,2.745838892086047,-1,1,-1
1,362,0,-0.7853981633974483,1.4756625702429513,-1,1,-1
1,363,0,-0.7853981633974483,-2.916499000951267,1,-1,-1
1,364,0,-0.7853981633974483,2.9416515652363033,1,-1,-1
1,365,0,-0.7853981633974483,-1.8925869123239305,1,-1,-1
1,366,0,-0.7853981633974483,0.7014660496366831,1,-1,-1
1,367,0,-0.7853981633974483,-2.562732782030697,-1,1,-1
1,368,0,-0.7853981633974483,-0.9878571379360563,-1,1,-1
1,369,0,-0.7853981633974483,0.2516396762742428,1,-1,-1
1,370,0,-0.7853981633974483,-0.11050325352815582,-1,1,-1
1,371,0,-0.7853981633974483,1.9780060192395394,-1,1,-1
1,372,0,-0.7853981633974483,-1.8258576465262835,1,-1,-1
1,373,0,-0.7853981633974483,1.0320680363562138,-1,-1,1
1,374,0,-0.7853981633974483,-2.0598807723529227,1,-1,-1
1,375,0,-0.7853981633974483,2.4133151454775223,-1,1,-1
1,376,0,-0.7853981633974483,-1.802783204441537,-1,1,-1
1,377,0,-0.7853981633974483,2.173510311317645,1,-1,-1
1,378,0,-0.7853981633974483,0.9295040327209474,-1,1,-1
1,379,0,-0.7853981633974483,-2.8725775805680285,-1,1,-1
1,380,0,-0.7853981633974483,3.0113389413977494,1,-1,-1
1,381,0,-0.7853981633974483,1.9520308957905943,1,1,1
1,382,0,-0.7853981633974483,2.746294569014184,-1,1,-1
1,383,0,-0.7853981633974483,2.467938978196667,1,-1,-1
1,384,0,-0.7853981633974483,-3.0044589186096773,1,-1,-1
1,385,0,-0.7853981633974483,1.5511085018843396,-1,1,-1
1,386,0,-0.7853981633974483,2.5156234489995537,1,-1,-1
1,387,0,-0.7853981633974483,0.4770234915247613,-1,1,-1
1,388,0,-0.7853981633974483,2.4572133095950655,1,-1,-1
1,389,0,-0.7853981633974483,2.3543827051068433,-1,-1,1
1,390,0,-0.7853981633974483,1.2006055367013326,1,1,1
1,391,0,-0.7853981633974483,-1.3847375646131517,-1,1,-1
1,392,0,-0.7853981633974483,-2.5866619073346113,1,-1,-1
1,393,0,-0.7853981633974483,-2.828680274935078,1,-1,-1
1,394,0,-0.7853981633974483,-0.07433329493376428,-1,1,-1
1,395,0,-0.7853981633974483,0.6161005334469962,-1,1,-1
1,396,0,-0.7853981633974483,-1.3449233374482106,1,-1,-1
1,397,0,-0.7853981633974483,1.5726170827752828,-1,1,-1
1,398,0,-0.7853981633974483,-0.2209979561851556,1,-1,-1
1,399,0,-0.7853981633974483,0.9733287353765991,-1,1,-1
1,400,0,-0.7853981633974483,0.6512329926542519,1,-1,-1
1,401,0,-0.7853981633974483,-2.669629344972674,-1,1,-1
1,402,0,-0.7853981633974483,1.0599001496173388,-1,1,-1
1,403,0,-0.7853981633974483,-0.6425597086684314,-1,1,-1
1,404,0,-0.7853981633974483,-0.9976939019458912,-1,-1,1
1,405,0,-0.7853981633974483,-1.7156582521387176,1,-1,-1
1,406,0,-0.7853981633974483,-2.2109127701573494,-1,1,-1
1,407,0,-0.7853981633974483,0.11936075471211405,1,-1,-1
1,408,0,-0.7853981633974483,-1.2027818928971312,-1,1,-1
1,409,0,-0.7853981633974483,0.2131579868725315,1,-1,-1
1,410,0,-0.7853981633974483,-0.32243397669518536,1,-1,-1
1,411,0,-0.7853981633974483,0.3722889395174387,-1,1,-1
1,412,0,-0.7853981633974483,1.7024412162281521,1,-1,-1
1,413,0,-0.7853981633974483,-3.064838270531803,1,-1,-1
1,414,0,-0.7853981633974483,-2.755937380884026,1,-1,-1
1,415,0,-0.7853981633974483,-1.648519647402095,1,-1,-1
1,416,0,-0.7853981633974483,-1.8483654233494873,-1,1,-1
1,417,0,-0.7853981633974483,1.521497523286131,1,-1,-1
1,418,0,-0.7853981633974483,-0.020810486702021347,-1,1,-1
1,419,0,-0.7853981633974483,1.647949855760122,1,1,1
1,420,0,-0.7853981633974483,-2.917894665473445,1,1,1
1,421,0,-0.7853981633974483,0.4193659563274452,-1,1,-1
1,422,0,-0.7853981633974483,1.4784112561290526,1,1,1
1,423,0,-0.7853981633974483,-1.204677193145231,1,-1,-1
1,424,0,-0.7853981633974483,-0.4725870520080764,1,-1,-1
1,425,0,-0.7853981633974483,-0.7002231001047243,-1,-1,1
1,426,0,-0.7853981633974483,2.8643874107376863,1,1,1
1,427,0,-0.7853981633974483,2.570911261679046,-1,-1,1
1,428,0,-0.7853981633974483,1.3611963049455529,-1,1,-1
1,429,0,-0.7853981633974483,2.8216657370490497,1,-1,-1
1,430,0,-0.7853981633974483,-0.011638549457986702,1,1,1
1,431,0,-0.7853981633974483,3.052476829559808,-1,1,-1
1,432,0,-0.7853981633974483,2.3719469985558144,1,-1,-1
1,433,0,-0.7853981633974483,0.5508534797596143,-1,1,-1
1,434,0,-0.7853981633974483,-2.414788199056634,1,-1,-1
1,435,0,-0.7853981633974483,2.7810807366791765,-1,1,-1
1,436,0,-0.7853981633974483,2.9343886603735756,1,-1,-1
1,437,0,-0.7853981633974483,2.571362603965487,1,-1,-1
1,438,0,-0.7853981633974483,2.640870373148723,-1,1,-1
1,439,0,-0.7853981633974483,-0.056779298344264095,1,-1,-1
1,440,0,-0.7853981633974483,2.538663697864486,1,-1,-1
1,441,0,-0.7853981633974483,-2.4897299469110945,1,-1,-1
1,442,0,-0.7853981633974483,0.5190665019995673,1,-1,-1
1,443,0,-0.7853981633974483,0.6482389064769287,-1,-1,1
1,444,0,-0.7853981633974483,0.26910270602595876,1,-1,-1
1,445,0,-0.7853981633974483,2.695796786174535,-1,1,-1
1,446,0,-0.7853981633974483,0.6670317732949909,-1,-1,1
1,447,0,-0.7853981633974483,-0.6803516432278514,1,-1,-1
1,448,0,-0.7853981633974483,1.0464730835059681,1,-1,-1
1,449,0,-0.7853981633974483,2.7119254665075303,1,-1,-1
1,450,0,-0.7853981633974483,-2.985873691712997,-1,-1,1
1,451,0,-0.7853981633974483,0.08578403603334239,-1,1,-1
1,452,0,-0.7853981633974483,1.936279966390737,-1,1,-1
1,453,0,-0.7853981633974483,-0.9406894708758577,-1,1,-1
1,454,0,-0.7853981633974483,-0.887712963465134,1,-1,-1
1,455,0,-0.7853981633974483,0.2799054639913008,-1,1,-1
1,456,0,-0.7853981633974483,2.2064932368701387,1,-1,-1
1,457,0,-0.7853981633974483,2.2267193434297807,-1,-1,1
1,458,0,-0.7853981633974483,0.4032821178492676,1,-1,-1
1,459,0,-0.7853981633974483,-1.4071708450302902,-1,1,-1
1,460,0,-0.7853981633974483,1.3948562561975208,1,1,1
1,461,0,-0.7853981633974483,-2.8233185547881443,1,-1,-1
1,462,0,-0.7853981633974483,-1.1006522481506478,-1,1,-1
1,463,0,-0.7853981633974483,1.7261814686090275,-1,1,-1
1,464,0,-0.7853981633974483,0.9912194981318709,-1,1,-1
1,465,0,-0.7853981633974483,-0.43073492974747074,-1,1,-1
1,466,0,-0.7853981633974483,-0.32980070584049415,-1,1,-1
1,467,0,-0.7853981633974483,0.12932474873109934,1,-1,-1
1,468,0,-0.7853981633974483,-1.1897706355721098,-1,1,-1
1,469,0,-0.7853981633974483,2.0646611966903734,1,-1,-1
1,470,0,-0.7853981633974483,-2.210714927288544,-1,1,-1
1,471,0,-0.7853981633974483,-2.5896111672326376,-1,-1,1
1,472,0,-0.7853981633974483,1.2917978935980008,-1,1,-1
1,473,0,-0.7853981633974483,-3.133575453510303,-1,-1,1
1,474,0,-0.7853981633974483,-1.802594304840623,-1,1,-1
1,475,0,-0.7853981633974483,1.7135822978233,-1,1,-1
1,476,0,-0.7853981633974483,3.0415746440837585,1,-1,-1
1,477,0,-0.7853981633974483,-1.3501127692761774,-1,1,-1
1,478,0,-0.7853981633974483,-2.0859396831970907,1,-1,-1
1,479,0,-0.7853981633974483,0.49625390774932265,-1,1,-1
1,480,0,-0.7853981633974483,-1.1300167250077657,-1,1,-1
1,481,0,-0.7853981633974483,1.602070737008031,-1,1,-1
1,482,0,-0.7853981633974483,-1.448360055671919,-1,-1,1
1,483,0,-0.7853981633974483,2.4764645759131803,1,-1,-1
1,484,0,-0.7853981633974483,-1.5098657626101113,-1,1,-1
1,485,0,-0.7853981633974483,-0.021138122797583314,1,-1,-1
1,486,0,-0.7853981633974483,-0.38750045677551315,-1,1,-1
1,487,0,-0.7853981633974483,-1.4979621975811366,-1,1,-1
1,488,0,-0.7853981633974483,-1.2616294514115634,1,-1,-1
1,489,0,-0.7853981633974483,-2.786230880876496,1,-1,-1
1,490,0,-0.7853981633974483,-1.876148586322219,1,-1,-1
1,491,0,-0.7853981633974483,2.0919071565029084,1,-1,-1
1,492,0,-0.7853981633974483,-1.7721652265605095,1,-1,-1
1,493,0,-0.7853981633974483,-1.2233873223096436,-1,1,-1
1,494,0,-0.7853981633974483,-0.8753534362431008,1,-1,-1
1,495,0,-0.7853981633974483,-0.7305312574996341,-1,1,-1
1,496,0,-0.7853981633974483,1.8732425371162202,1,-1,-1
1,497,0,-0.7853981633974483,2.752429703973557,-1,1,-1
1,498,0,-0.7853981633974483,-0.9078594931263408,1,-1,-1
1,499,0,-0.7853981633974483,-0.5967727587611136,-1,1,-1
1,500,0,-0.7853981633974483,-1.3967050981626352,-1,1,-1
1,501,0,-0.7853981633974483,-1.4549451771446822,-1,1,-1
1,502,0,-0.7853981633974483,-0.6602508982450876,1,-1,-1
1,503,0,-0.7853981633974483,3.0375895285204377,1,-1,-1
1,504,0,-0.7853981633974483,2.8591656907880836,1,-1,-1
1,505,0,-0.7853981633974483,2.7407799729847335,1,-1,-1
1,506,0,-0.7853981633974483,0.657513933485256,-1,1,-1
1,507,0,-0.7853981633974483,-2.604095447466224,1,-1,-1
1,508,0,-0.7853981633974483,0.0030171593178129896,-1,1,-1
1,509,0,-0.7853981633974483,-1.3279166905557258,-1,-1,1
1,510,0,-0.7853981633974483,-2.1075062403164964,1,-1,-1
1,511,0,-0.7853981633974483,2.6435080522713523,-1,-1,1
1,512,0,-0.7853981633974483,2.092226469228285,-1,1,-1
1,513,0,-0.7853981633974483,-0.9394830435574852,-1,-1,1
1,514,0,-0.7853981633974483,1.9590165936436863,1,-1,-1
1,515,0,-0.7853981633974483,-1.6236260238491658,-1,1,-1
1,516,0,-0.7853981633974483,-1.9088279593453,1,1,1
1,517,0,-0.7853981633974483,-0.23678908475015703,1,-1,-1
1,518,0,-0.7853981633974483,1.562677713730845,-1,1,-1
1,519,0,-0.7853981633974483,2.775400028445727,1,-1,-1
1,520,0,-0.7853981633974483,2.661958618523517,-1,1,-1
1,521,0,-0.7853981633974483,2.6338091939467576,-1,1,-1
1,522,0,-0.7853981633974483,1.5703674262956548,-1,1,-1
1,523,0,-0.7853981633974483,2.0274324133216446,1,-1,-1
1,524,0,-0.7853981633974483,-2.3958758992334666,-1,1,-1
1,525,0,-0.7853981633974483,1.865201653436248,-1,1,-1
1,526,0,-0.7853981633974483,-0.12305160701223627,-1,1,-1
1,527,0,-0.7853981633974483,-1.4188988019782807,1,1,1
1,528,0,-0.7853981633974483,-0.18001584592516728,1,-1,-1
1,529,0,-0.7853981633974483,-1.6029550455029513,-1,1,-1
1,530,0,-0.7853981633974483,-0.0016826033946979457,1,-1,-1
1,531,0,-0.7853981633974483,1.4572161980122873,1,-1,-1
1,532,0,-0.7853981633974483,1.3159520549950967,1,-1,-1
1,533,0,-0.7853981633974483,-0.9200478965699523,-1,1,-1
1,534,0,-0.7853981633974483,2.1609159899600154,1,-1,-1
1,535,0,-0.7853981633974483,2.284058917693738,1,-1,-1
1,536,0,-0.7853981633974483,0.24743861270818268,-1,1,-1
1,537,0,-0.7853981633974483,1.5199183056167467,1,-1,-1
1,538,0,-0.7853981633974483,-0.3116037642481757,1,-1,-1
1,539,0,-0.7853981633974483,2.584419066948276,-1,-1,1
1,540,0,-0.7853981633974483,-0.05325657762054625,-1,1,-1
1,541,0,-0.7853981633974483,-2.7846487568269707,1,-1,-1
1,542,0,-0.7853981633974483,0.2640052161834605,1,-1,-1
1,543,0,-0.7853981633974483,3.14110958460408,1,-1,-1
1,544,0,-0.7853981633974483,-2.9401089091257244,1,-1,-1
1,545,0,-0.7853981633974483,-2.3017034233142324,1,-1,-1
1,546,0,-0.7853981633974483,2.726325127149776,-1,-1,1
1,547,0,-0.7853981633974483,1.918216367062688,1,-1,-1
1,548,0,-0.7853981633974483,-0.12120016676928236,-1,1,-1
1,549,0,-0.7853981633974483,1.081351677623057,-1,1,-1
1,550,0,-0.7853981633974483,0.2502524703561617,1,-1,-1
1,551,0,-0.7853981633974483,-0.1673787989756832,-1,1,-1
1,552,0,-0.7853981633974483,1.1533871810110892,-1,1,-1
1,553,0,-0.7853981633974483,-1.6071155137987463,-1,1,-1
1,554,0,-0.7853981633974483,0.6925988012532702,1,-1,-1
1,555,0,-0.7853981633974483,-0.5476287675012763,1,-1,-1
1,556,0,-0.7853981633974483,-0.891904495736493,1,1,1
1,557,0,-0.7853981633974483,1.2220014464427642,1,-1,-1
1,558,0,-0.7853981633974483,0.3587827230955054,1,1,1
1,559,0,-0.7853981633974483,-1.9861045339156864,1,-1,-1
1,560,0,-0.7853981633974483,-2.262525052384826,1,-1,-1
1,561,0,-0.7853981633974483,2.9645066873670327,-1,1,-1
1,562,0,-0.7853981633974483,-1.8335782424210951,1,-1,-1
1,563,0,-0.7853981633974483,-1.0125515016801927,1,-1,-1
1,564,0,-0.7853981633974483,0.069783438713511,1,1,1
1,565,0,-0.7853981633974483,-0.7446474269023686,1,-1,-1
1,566,0,-0.7853981633974483,0.3396367603072168,-1,-1,1
1,567,0,-0.7853981633974483,-1.451312399173438,1,-1,-1
1,568,0,-0.7853981633974483,-1.1191395580224452,-1,1,-1
1,569,0,-0.7853981633974483,-2.597446530230866,1,-1,-1
1,570,0,-0.7853981633974483,0.11719922298307583,-1,1,-1
1,571,0,-0.7853981633974483,-1.1705096747018018,1,-1,-1
1,572,0,-0.7853981633974483,-2.15644246376945,1,1,1
1,573,0,-0.7853981633974483,2.4632921900407183,1,-1,-1
1,574,0,-0.7853981633974483,-1.5733217991439012,-1,1,-1
1,575,0,-0.7853981633974483,2.6635311587218,-1,1,-1
1,576,0,-0.7853981633974483,-0.01924820815633499,-1,-1,1
1,577,0,-0.7853981633974483,-0.3824252159708532,-1,1,-1
1,578,0,-0.7853981633974483,0.9418643450695674,1,1,1
1,579,0,-0.7853981633974483,0.9573970014050275,1,-1,-1
1,580,0,-0.7853981633974483,-1.9110794963340225,-1,1,-1
1,581,0,-0.7853981633974483,1.2810765220939961,1,-1,-1
1,582,0,-0.7853981633974483,-1.990128828529617,-1,1,-1
1,583,0,-0.7853981633974483,-2.2927576456950556,1,-1,-1
1,584,0,-0.7853981633974483,1.4903868437750152,1,-1,-1
1,585,0,-0.7853981633974483,0.32730828575764814,-1,1,-1
1,586,0,-0.7853981633974483,1.2886188736968291,1,1,1
1,587,0,-0.7853981633974483,-2.331595121963125,-1,1,-1
1,588,0,-0.7853981633974483,-0.32736265309411605,1,-1,-1
1,589,0,-0.7853981633974483,-1.8110519084754653,1,-1,-1
1,590,0,-0.7853981633974483,1.1104190420849909,1,-1,-1
1,591,0,-0.7853981633974483,2.135263011094783,1,-1,-1
1,592,0,-0.7853981633974483,-1.486405435499799,1,-1,-1
1,593,0,-0.7853981633974483,0.3371105398513148,1,-1,-1
1,594,0,-0.7853981633974483,0.11883515897772767,1,-1,-1
1,595,0,-0.7853981633974483,-1.2307662246063789,-1,1,-1
1,596,0,-0.7853981633974483,2.889242312269994,-1,1,-1
1,597,0,-0.7853981633974483,-0.04606471505423437,1,-1,-1
1,598,0,-0.7853981633974483,-0.8732276040062041,1,-1,-1
1,599,0,-0.7853981633974483,-3.0185477341163915,-1,1,-1
1,600,0,-0.7853981633974483,0.8653191912597089,-1,1,-1
1,601,0,-0.7853981633974483,1.9051649994359021,1,-1,-1
1,602,0,-0.7853981633974483,-2.9579061107447933,-1,1,-1
1,603,0,-0.7853981633974483,-0.1337679744084448,-1,1,-1
1,604,0,-0.7853981633974483,0.8407654453791911,1,-1,-1
1,605,0,-0.7853981633974483,2.588678380244235,1,-1,-1
1,606,0,-0.7853981633974483,-2.0701463201233583,-1,1,-1
1,607,0,-0.7853981633974483,2.29705512940496,1,-1,-1
1,608,0,-0.7853981633974483,1.356290958190674,-1,1,-1
1,609,0,-0.7853981633974483,1.0084458685834887,-1,1,-1
1,610,0,-0.7853981633974483,2.358529246632573,1,-1,-1
1,611,0,-0.7853981633974483,1.203264459872421,-1,-1,1
1,612,0,-0.7853981633974483,-1.7423718306872962,1,-1,-1
1,613,0,-0.7853981633974483,-0.04717854240535324,-1,1,-1
1,614,0,-0.7853981633974483,2.302262010124368,1,-1,-1
1,615,0,-0.7853981633974483,-0.42835467879158085,1,-1,-1
1,616,0,-0.7853981633974483,-1.0832681164381253,1,-1,-1
1,617,0,-0.7853981633974483,1.1814215699379735,1,-1,-1
1,618,0,-0.7853981633974483,-1.1835352378220962,1,-1,-1
1,619,0,-0.7853981633974483,0.580312286204733,-1,1,-1
1,620,0,-0.7853981633974483,-0.4135511225070383,-1,1,-1
1,621,0,-0.7853981633974483,-0.11157108461013499,1,-1,-1
1,622,0,-0.7853981633974483,-1.5374650857564103,-1,1,-1
1,623,0,-0.7853981633974483,-1.1558360323632493,-1,1,-1
1,624,0,-0.7853981633974483,-2.7816941663540655,1,-1,-1
1,625,0,-0.7853981633974483,-0.03393817623314943,-1,1,-1
1,626,0,-0.7853981633974483,1.7626177120892272,1,-1,-1
1,627,0,-0.7853981633974483,-3.042392681574203,1,-1,-1
1,628,0,-0.7853981633974483,-0.7666359543963575,1,-1,-1
1,629,0,-0.7853981633974483,-0.9624787180839243,1,-1,-1
1,630,0,-0.7853981633974483,2.265442224076815,-1,1,-1
1,631,0,-0.7853981633974483,-1.3496997771789052,1,-1,-1
1,632,0,-0.7853981633974483,-2.9191489235205084,1,1,1
1,633,0,-0.7853981633974483,0.905624040709152,-1,-1,1
1,634,0,-0.7853981633974483,0.0898593727925352,1,-1,-1
1,635,0,-0.7853981633974483,0.4924253004610999,1,-1,-1
1,636,0,-0.7853981633974483,2.0493969593474297,-1,1,-1
1,637,0,-0.7853981633974483,3.082747509812646,1,1,1
1,638,0,-0.7853981633974483,2.352749009130669,-1,1,-1
1,639,0,-0.7853981633974483,-1.203569364729541,-1,1,-1
1,640,0,-0.7853981633974483,-1.938237729138366,-1,1,-1
1,641,0,-0.7853981633974483,-1.6530141995363694,-1,1,-1
1,642,0,-0.7853981633974483,1.8269610783692247,1,-1,-1
1,643,0,-0.7853981633974483,-0.8386387324583939,-1,1,-1
1,644,0,-0.7853981633974483,2.286343645089092,1,-1,-1
1,645,0,-0.7853981633974483,2.2809718925157245,1,-1,-1
1,646,0,-0.7853981633974483,0.8529532006856129,1,-1,-1
1,647,0,-0.7853981633974483,-0.6735718429714264,1,-1,-1
1,648,0,-0.7853981633974483,-2.9072533568546737,-1,1,-1
1,649,0,-0.7853981633974483,2.6748629630963165,1,1,1
1,650,0,-0.7853981633974483,-2.0749026915159368,-1,1,-1
1,651,0,-0.7853981633974483,-2.0238574927666217,-1,1,-1
1,652,0,-0.7853981633974483,-2.3727986867099666,-1,1,-1
1,653,0,-0.7853981633974483,1.3807466810431919,-1,1,-1
1,654,0,-0.7853981633974483,-3.0380773789932167,1,-1,-1
1,655,0,-0.7853981633974483,-1.529527312565969,-1,1,-1
1,656,0,-0.7853981633974483,-1.06206376126188,1,-1,-1
1,657,0,-0.7853981633974483,0.11769254646910321,-1,-1,1
1,658,0,-0.7853981633974483,0.63570664059286,1,-1,-1
1,659,0,-0.7853981633974483,2.4610195713498317,-1,1,-1
1,660,0,-0.7853981633974483,0.09664171041202074,-1,1,-1
1,661,0,-0.7853981633974483,2.824113497961653,1,-1,-1
1,662,0,-0.7853981633974483,3.0468485576179987,-1,-1,1
1,663,0,-0.7853981633974483,0.9249087522509205,-1,-1,1
1,664,0,-0.7853981633974483,1.2883985374709646,-1,1,-1
1,665,0,-0.7853981633974483,0.8177177712067354,1,-1,-1
1,666,0,-0.7853981633974483,-2.5849035772284514,-1,-1,1
1,667,0,-0.7853981633974483,2.964760658221519,1,-1,-1
1,668,0,-0.7853981633974483,2.6747004168325876,-1,1,-1
1,669,0,-0.7853981633974483,0.5336920515251129,-1,1,-1
1,670,0,-0.7853981633974483,-2.0149356755808925,1,1,1
1,671,0,-0.7853981633974483,-0.050148761844492906,-1,1,-1
1,672,0,-0.7853981633974483,-0.7177567661431361,1,1,1
1,673,0,-0.7853981633974483,2.948892804335994,1,-1,-1
1,674,0,-0.7853981633974483,1.3774409734431439,-1,1,-1
1,675,0,-0.7853981633974483,1.5507755559945293,-1,1,-1
1,676,0,-0.7853981633974483,-2.2870444266050733,-1,1,-1
1,677,0,-0.7853981633974483,2.3999645860714347,1,1,1
1,678,0,-0.7853981633974483,0.6629573216534865,1,-1,-1
1,679,0,-0.7853981633974483,2.3766961662229082,-1,1,-1
1,680,0,-0.7853981633974483,-1.5654951471586624,1,-1,-1
1,681,0,-0.7853981633974483,3.0152572584127055,-1,1,-1
1,682,0,-0.7853981633974483,1.3143948835887747,1,-1,-1
1,683,0,-0.7853981633974483,2.634982689901424,-1,1,-1
1,684,0,-0.7853981633974483,-1.7346543671402896,-1,1,-1
1,685,0,-0.7853981633974483,-2.910073686274646,1,1,1
1,686,0,-0.7853981633974483,3.1017732816433297,-1,1,-1
1,687,0,-0.7853981633974483,-1.265949475191503,1,1,1
1,688,0,-0.7853981633974483,0.4034015235775521,-1,1,-1
1,689,0,-0.7853981633974483,-1.4421749018119254,1,-1,-1
1,690,0,-0.7853981633974483,0.7652864133122002,-1,1,-1
1,691,0,-0.7853981633974483,-0.7267504691443025,-1,1,-1
1,692,0,-0.7853981633974483,2.8787605158272527,-1,1,-1
1,693,0,-0.7853981633974483,-2.2317892505926027,1,-1,-1
1,694,0,-0.7853981633974483,0.09420813706762132,-1,1,-1
1,695,0,-0.7853981633974483,3.0412017352732965,1,-1,-1
1,696,0,-0.7853981633974483,-2.6323889982719963,-1,1,-1
1,697,0,-0.7853981633974483,2.2121190521740743,1,1,1
1,698,0,-0.7853981633974483,-2.477754579740104,-1,-1,1
1,699,0,-0.7853981633974483,-1.8044440409719844,-1,1,-1
1,700,0,-0.7853981633974483,-2.3396717486480814,-1,1,-1
1,701,0,-0.7853981633974483,-2.7949880832713547,-1,1,-1
1,702,0,-0.7853981633974483,0.6204010964403359,-1,-1,1
1,703,0,-0.7853981633974483,-2.698242552104158,-1,-1,1
1,704,0,-0.7853981633974483,-0.6499224564828596,-1,1,-1
1,705,0,-0.7853981633974483,-2.805106255813205,1,-1,-1
1,706,0,-0.7853981633974483,-1.2507255835150333,-1,-1,1
1,707,0,-0.7853981633974483,1.5509885433454444,-1,1,-1
1,708,0,-0.7853981633974483,-2.366838864476844,-1,1,-1
1,709,0,-0.7853981633974483,-0.6660896573988828,-1,1,-1
1,710,0,-0.7853981633974483,-0.6454536838428844,1,-1,-1
1,711,0,-0.7853981633974483,1.9633905396322833,1,1,1
1,712,0,-0.7853981633974483,0.2823832731517819,1,-1,-1
1,713,0,-0.7853981633974483,-1.232511924337807,1,-1,-1
1,714,0,-0.7853981633974483,-0.5563416774293266,1,1,1
1,715,0,-0.7853981633974483,2.0899677658179936,-1,1,-1
1,716,0,-0.7853981633974483,1.1702022186489796,1,-1,-1
1,717,0,-0.7853981633974483,-0.5340371284495631,1,1,1
1,718,0,-0.7853981633974483,-0.5273783304803898,-1,-1,1
1,719,0,-0.7853981633974483,-0.9802962957477273,1,1,1
1,720,0,-0.7853981633974483,-1.6271216515608113,-1,1,-1
1,721,0,-0.7853981633974483,-0.37160765339411483,1,-1,-1
1,722,0,-0.7853981633974483,-1.9364946609000961,1,-1,-1
1,723,0,-0.7853981633974483,-1.660804163065266,1,-1,-1
1,724,0,-0.7853981633974483,-2.1566423677956847,1,-1,-1
1,725,0,-0.7853981633974483,-0.6921763981661622,1,-1,-1
1,726,0,-0.7853981633974483,0.6046963681054702,1,-1,-1
1,727,0,-0.7853981633974483,1.4623905929789993,1,-1,-1
1,728,0,-0.7853981633974483,-1.993949188277674,-1,1,-1
1,729,0,-0.7853981633974483,1.5184244782022116,-1,1,-1
1,730,0,-0.7853981633974483,0.6489990872228963,-1,1,-1
1,731,0,-0.7853981633974483,-0.8187328401769243,1,-1,-1
1,732,0,-0.7853981633974483,-0.7973768713917777,1,-1,-1
1,733,0,-0.7853981633974483,1.6830802187954808,-1,1,-1
1,734,0,-0.7853981633974483,0.08778302414462535,-1,1,-1
1,735,0,-0.7853981633974483,1.9985576260933655,-1,1,-1
1,736,0,-0.7853981633974483,0.3919605074145789,1,-1,-1
1,737,0,-0.7853981633974483,-2.6861058111153424,-1,1,-1
1,738,0,-0.7853981633974483,-1.2081949869326756,1,-1,-1
1,739,0,-0.7853981633974483,-2.096892428606174,1,-1,-1
1,740,0,-0.7853981633974483,-2.6229461668864373,-1,1,-1
1,741,0,-0.7853981633974483,0.041633349738044334,1,-1,-1
1,742,0,-0.7853981633974483,-0.9958772540797995,-1,-1,1
1,743,0,-0.7853981633974483,1.4379108695713327,1,-1,-1
1,744,0,-0.7853981633974483,-2.7452154376127647,1,-1,-1
1,745,0,-0.7853981633974483,-2.0302356237652055,-1,-1,1
1,746,0,-0.7853981633974483,-1.4238014308873586,1,-1,-1
1,747,0,-0.7853981633974483,-0.35734575903520494,1,-1,-1
1,748,0,-0.7853981633974483,-0.10618789261451012,-1,1,-1
1,749,0,-0.7853981633974483,-3.0766528707262526,1,-1,-1
1,750,0,-0.7853981633974483,-2.5128954514287667,-1,1,-1
1,751,0,-0.7853981633974483,1.3977696430941746,1,-1,-1
1,752,0,-0.7853981633974483,1.1381788946513725,1,-1,-1
1,753,0,-0.7853981633974483,-2.483853426938881,1,-1,-1
1,754,0,-0.7853981633974483,0.4545352088117789,1,-1,-1
1,755,0,-0.7853981633974483,0.7267108116763281,1,-1,-1
1,756,0,-0.7853981633974483,2.714702616140811,-1,-1,1
1,757,0,-0.7853981633974483,0.409304490010173,1,-1,-1
1,758,0,-0.7853981633974483,0.5732523162016805,-1,1,-1
1,759,0,-0.7853981633974483,2.574166005101212,-1,-1,1
1,760,0,-0.7853981633974483,1.6749092855367964,1,-1,-1
1,761,0,-0.7853981633974483,-0.19134276166079411,-1,1,-1
1,762,0,-0.7853981633974483,1.952097895056073,-1,1,-1
1,763,0,-0.7853981633974483,0.056051808779846723,-1,1,-1
1,764,0,-0.7853981633974483,-2.899472984435296,-1,1,-1
1,765,0,-0.7853981633974483,0.8367371616183701,-1,1,-1
1,766,0,-0.7853981633974483,1.0239546583558425,1,-1,-1
1,767,0,-0.7853981633974483,-0.09829180097783352,-1,1,-1
1,768,0,-0.7853981633974483,1.577602272611868,-1,1,-1
1,769,0,-0.7853981633974483,-2.2677258302262615,-1,1,-1
1,770,0,-0.7853981633974483,-0.4409699635563795,1,-1,-1
1,771,0,-0.7853981633974483,-2.928049937235573,1,-1,-1
1,772,0,-0.7853981633974483,2.099519862862782,-1,1,-1
1,773,0,-0.7853981633974483,2.8138093038026497,1,-1,-1
1,774,0,-0.7853981633974483,-1.3451888829843004,1,-1,-1
1,775,0,-0.7853981633974483,2.0480318160615676,1,1,1
1,776,0,-0.7853981633974483,-0.22473028970149667,1,1,1
1,777,0,-0.7853981633974483,-0.18899881849636158,-1,1,-1
1,778,0,-0.7853981633974483,-1.2888520586760535,-1,1,-1
1,779,0,-0.7853981633974483,-1.0303342589818532,-1,1,-1
1,780,0,-0.7853981633974483,-3.059519847792509,1,-1,-1
1,781,0,-0.7853981633974483,0.10748990245038215,1,-1,-1
1,782,0,-0.7853981633974483,2.635205032226068,-1,1,-1
1,783,0,-0.7853981633974483,-0.10794222489102356,-1,1,-1
1,784,0,-0.7853981633974483,1.1855491990744422,-1,1,-1
1,785,0,-0.7853981633974483,-0.6641473998697722,-1,1,-1
1,786,0,-0.7853981633974483,1.1706795030977633,1,-1,-1
1,787,0,-0.7853981633974483,0.2953302753510476,-1,1,-1
1,788,0,-0.7853981633974483,0.11435814706202896,-1,1,-1
1,789,0,-0.7853981633974483,-0.2314953885321338,-1,-1,1
1,790,0,-0.7853981633974483,2.171854759076753,-1,1,-1
1,791,0,-0.7853981633974483,1.9594537293772127,-1,1,-1
1,792,0,-0.7853981633974483,-1.4363467397218592,-1,1,-1
1,793,0,-0.7853981633974483,3.0787572051467516,-1,1,-1
1,794,0,-0.7853981633974483,3.060344882197745,1,-1,-1
1,795,0,-0.7853981633974483,2.00461081662454,1,-1,-1
1,796,0,-0.7853981633974483,1.381647773258445,-1,1,-1
1,797,0,-0.7853981633974483,2.253119673706345,1,1,1
1,798,0,-0.7853981633974483,-0.4216525033193719,1,-1,-1
1,799,0,-0.7853981633974483,-2.18180722588459,1,-1,-1
1,800,0,-0.7853981633974483,0.9458266204205694,-1,1,-1
1,801,0,-0.7853981633974483,-2.8906393031587574,-1,-1,1
1,802,0,-0.7853981633974483,-1.670331248153007,-1,-1,1
1,803,0,-0.7853981633974483,3.0142420833764376,-1,1,-1
1,804,0,-0.7853981633974483,1.8243048974525262,-1,-1,1
1,805,0,-0.7853981633974483,2.1821163875920995,-1,1,-1
1,806,0,-0.7853981633974483,2.4788436840303696,-1,1,-1
1,807,0,-0.7853981633974483,0.5455870534677367,1,-1,-1
1,808,0,-0.7853981633974483,-2.455625889821633,1,-1,-1
1,809,0,-0.7853981633974483,-0.8380712616837629,1,-1,-1
1,810,0,-0.7853981633974483,0.025526731098088007,-1,-1,1
1,811,0,-0.7853981633974483,-1.194524640718249,-1,1,-1
1,812,0,-0.7853981633974483,-2.75185343758845,-1,1,-1
1,813,0,-0.7853981633974483,-2.0371972605933606,-1,1,-1
1,814,0,-0.7853981633974483,1.9218245114325834,-1,1,-1
1,815,0,-0.7853981633974483,-2.1396553368518774,-1,1,-1
1,816,0,-0.7853981633974483,1.236111312702442,-1,1,-1
1,817,0,-0.7853981633974483,0.19963385497838493,-1,1,-1
1,818,0,-0.7853981633974483,-0.8249418476092489,-1,1,-1
1,819,0,-0.7853981633974483,0.7409387430002181,-1,1,-1
1,820,0,-0.7853981633974483,-0.07971922583027302,1,1,1
1,821,0,-0.7853981633974483,2.3258108441462024,1,-1,-1
1,822,0,-0.7853981633974483,-2.2539206620831784,-1,1,-1
1,823,0,-0.7853981633974483,-0.37483731243439955,1,-1,-1
1,824,0,-0.7853981633974483,-2.2009181713049335,-1,1,-1
1,825,0,-0.7853981633974483,3.0015720084041355,1,-1,-1
1,826,0,-0.7853981633974483,1.6864256429667845,-1,-1,1
1,827,0,-0.7853981633974483,0.5570839694834095,-1,1,-1
1,828,0,-0.7853981633974483,-0.4392221190007217,1,-1,-1
1,829,0,-0.7853981633974483,1.0079695699706486,1,1,1
1,830,0,-0.7853981633974483,1.5128766394870077,-1,1,-1
1,831,0,-0.7853981633974483,2.2723648224028654,1,-1,-1
1,832,0,-0.7853981633974483,-0.07621835004346789,-1,-1,1
1,833,0,-0.7853981633974483,1.1422319432149672,1,-1,-1
1,834,0,-0.7853981633974483,2.9980781632589943,-1,1,-1
1,835,0,-0.7853981633974483,0.10735422907588887,1,1,1
1,836,0,-0.7853981633974483,-0.7709066286431048,-1,1,-1
1,837,0,-0.7853981633974483,-1.3320659986472487,1,1,1
1,838,0,-0.7853981633974483,-0.24780375753796058,-1,1,-1
1,839,0,-0.7853981633974483,2.990592043998312,-1,1,-1
1,840,0,-0.7853981633974483,0.7215172506288265,-1,1,-1
1,841,0,-0.7853981633974483,-1.8848448892011171,1,-1,-1
1,842,0,-0.7853981633974483,2.6195430348073954,-1,1,-1
1,843,0,-0.7853981633974483,-1.330580181656184,-1,1,-1
1,844,0,-0.7853981633974483,-0.09650959362600009,1,-1,-1
1,845,0,-0.7853981633974483,0.5080064957808803,1,-1,-1
1,846,0,-0.7853981633974483,-2.088456314302882,-1,1,-1
1,847,0,-0.7853981633974483,-2.659622156874911,1,-1,-1
1,848,0,-0.7853981633974483,-2.4912321027435405,1,-1,-1
1,849,0,-0.7853981633974483,2.5813409270829313,1,-1,-1
1,850,0,-0.7853981633974483,1.3335468282658285,1,-1,-1
1,851,0,-0.7853981633974483,-1.9577487763271366,1,-1,-1
1,852,0,-0.7853981633974483,-1.3612356784800375,-1,-1,1
1,853,0,-0.7853981633974483,0.7697337900499917,1,-1,-1
1,854,0,-0.7853981633974483,2.697249736278412,1,-1,-1
1,855,0,-0.7853981633974483,-0.05104177762847417,1,-1,-1
1,856,0,-0.7853981633974483,2.443783530944426,-1,1,-1
1,857,0,-0.7853981633974483,-0.3182994586388195,1,-1,-1
1,858,0,-0.7853981633974483,-1.950212030069026,1,-1,-1
1,859,0,-0.7853981633974483,-0.15299574374256286,-1,1,-1
1,860,0,-0.7853981633974483,0.9468426384778601,-1,1,-1
1,861,0,-0.7853981633974483,1.084740236100349,-1,1,-1
1,862,0,-0.7853981633974483,1.9607567574123719,-1,1,-1
1,863,0,-0.7853981633974483,-1.782326369700778,-1,1,-1
1,864,0,-0.7853981633974483,3.011871732761903,1,-1,-1
1,865,0,-0.7853981633974483,-1.0518517367046902,1,-1,-1
1,866,0,-0.7853981633974483,-0.9355912884721431,-1,1,-1
1,867,0,-0.7853981633974483,-2.097898832046336,-1,1,-1
1,868,0,-0.7853981633974483,1.3199137167281343,1,-1,-1
1,869,0,-0.7853981633974483,-1.5659912988422564,1,-1,-1
1,870,0,-0.7853981633974483,-2.753544669243414,-1,1,-1
1,871,0,-0.7853981633974483,1.260053165271641,-1,1,-1
1,872,0,-0.7853981633974483,-1.9136131808828614,-1,1,-1
1,873,0,-0.7853981633974483,1.550734984737975,1,-1,-1
1,874,0,-0.7853981633974483,0.43017463579744897,-1,1,-1
1,875,0,-0.7853981633974483,0.9605515445285882,-1,1,-1
1,876,0,-0.7853981633974483,-2.786080931800669,-1,1,-1
1,877,0,-0.7853981633974483,-0.5856930486347629,-1,1,-1
1,878,0,-0.7853981633974483,1.5966326664518462,1,-1,-1
1,879,0,-0.7853981633974483,1.0252068518357706,-1,1,-1
1,880,0,-0.7853981633974483,0.12217150621193351,1,-1,-1
1,881,0,-0.7853981633974483,2.699935018563626,-1,1,-1
1,882,0,-0.7853981633974483,-3.0078833516299945,-1,-1,1
1,883,0,-0.7853981633974483,-0.3719574958552765,1,-1,-1
1,884,0,-0.7853981633974483,1.0217904024641857,1,1,1
1,885,0,-0.7853981633974483,-2.7608280916319483,-1,1,-1
1,886,0,-0.7853981633974483,1.2172154772438537,1,-1,-1
1,887,0,-0.7853981633974483,-0.016709916682986936,-1,1,-1
1,888,0,-0.7853981633974483,2.583204981956005,-1,1,-1
1,889,0,-0.7853981633974483,-1.9297089077617253,-1,1,-1
1,890,0,-0.7853981633974483,1.0687261255741554,1,-1,-1
1,891,0,-0.7853981633974483,-0.6940215051140797,-1,-1,1
1,892,0,-0.7853981633974483,1.0971149505181401,-1,1,-1
1,893,0,-0.7853981633974483,0.21102032761388667,1,-1,-1
1,894,0,-0.7853981633974483,-0.17127533362790537,-1,1,-1
1,895,0,-0.7853981633974483,-2.4645580559930664,1,-1,-1
1,896,0,-0.7853981633974483,0.8835191364642823,1,-1,-1
1,897,0,-0.7853981633974483,1.0513717969284695,-1,1,-1
1,898,0,-0.7853981633974483,2.214580797871169,1,-1,-1
1,899,0,-0.7853981633974483,0.018803445884984615,-1,1,-1
1,900,0,-0.7853981633974483,-0.5548293956544592,1,1,1
1,901,0,-0.7853981633974483,-2.298937691608087,1,-1,-1
1,902,0,-0.7853981633974483,2.0276298116025604,1,-1,-1
1,903,0,-0.7853981633974483,1.563249635088721,1,-1,-1
1,904,0,-0.7853981633974483,-0.005081387092654488,1,-1,-1
1,905,0,-0.7853981633974483,-2.926140357719768,1,-1,-1
1,906,0,-0.7853981633974483,-2.6874317016596634,1,-1,-1
1,907,0,-0.7853981633974483,-0.6774047072467293,1,-1,-1
1,908,0,-0.7853981633974483,-1.8305812666569914,1,-1,-1
1,909,0,-0.7853981633974483,-1.7841033562698911,1,-1,-1
1,910,0,-0.7853981633974483,-1.9874431267439256,-1,1,-1
1,911,0,-0.7853981633974483,-0.11676551641906441,1,-1,-1
1,912,0,-0.7853981633974483,1.2584087073911192,1,-1,-1
1,913,0,-0.7853981633974483,2.6914581566011186,-1,1,-1
1,914,0,-0.7853981633974483,2.837162798394634,-1,1,-1
1,915,0,-0.7853981633974483,1.0382561609614411,1,-1,-1
1,916,0,-0.7853981633974483,2.7298000430471054,-1,1,-1
1,917,0,-0.7853981633974483,-1.4520441767632308,1,-1,-1
1,918,0,-0.7853981633974483,3.0483712053023266,1,-1,-1
1,919,0,-0.7853981633974483,0.6453271455580354,-1,1,-1
1,920,0,-0.7853981633974483,-0.46061798701529577,-1,1,-1
1,921,0,-0.7853981633974483,2.1603663185604693,-1,-1,1
1,922,0,-0.7853981633974483,0.062156534450788836,-1,1,-1
1,923,0,-0.7853981633974483,2.887484283257235,1,-1,-1
1,924,0,-0.7853981633974483,0.6063139165127014,-1,-1,1
1,925,0,-0.7853981633974483,-1.1096390930986617,1,-1,-1
1,926,0,-0.7853981633974483,2.3189848068421934,-1,1,-1
1,927,0,-0.7853981633974483,1.4290694303312703,1,-1,-1
1,928,0,-0.7853981633974483,1.8431984758542974,1,1,1
1,929,0,-0.7853981633974483,-2.752252210706084,-1,-1,1
1,930,0,-0.7853981633974483,-2.4365803313444307,-1,1,-1
1,931,0,-0.7853981633974483,0.17435342139511123,-1,1,-1
1,932,0,-0.7853981633974483,-1.4815376181255828,-1,1,-1
1,933,0,-0.7853981633974483,-2.243188852609908,1,1,1
1,934,0,-0.7853981633974483,-2.077801887766093,-1,1,-1
1,935,0,-0.7853981633974483,0.4545231661160134,1,-1,-1
1,936,0,-0.7853981633974483,1.3205662362911843,-1,1,-1
1,937,0,-0.7853981633974483,3.110907438784701,1,1,1
1,938,0,-0.7853981633974483,-0.8645232495475295,1,-1,-1
1,939,0,-0.7853981633974483,1.4551187078053172,1,1,1
1,940,0,-0.7853981633974483,1.4682236339927073,1,-1,-1
1,941,0,-0.7853981633974483,0.30651132614420096,-1,1,-1
1,942,0,-0.7853981633974483,-0.4582264427653002,-1,1,-1
1,943,0,-0.7853981633974483,0.23386903767989908,1,-1,-1
1,944,0,-0.7853981633974483,-0.6924476492184737,-1,1,-1
1,945,0,-0.7853981633974483,2.504530661304985,-1,1,-1
1,946,0,-0.7853981633974483,-2.760087404386776,1,-1,-1
1,947,0,-0.7853981633974483,1.685727955707205,-1,-1,1
1,948,0,-0.7853981633974483,-1.023594183049641,1,-1,-1
1,949,0,-0.7853981633974483,-1.953470393988603,1,-1,-1
1,950,0,-0.7853981633974483,1.3838909713244796,-1,1,-1
1,951,0,-0.7853981633974483,1.3732607749836987,-1,1,-1
1,952,0,-0.7853981633974483,2.207977820902789,1,-1,-1
1,953,0,-0.7853981633974483,2.4460461179723607,1,-1,-1
1,954,0,-0.7853981633974483,1.3574156753553623,1,-1,-1
1,955,0,-0.7853981633974483,-0.9166771035073036,-1,-1,1
1,956,0,-0.7853981633974483,0.866028678886269,1,-1,-1
1,957,0,-0.7853981633974483,0.13102929844166722,1,-1,-1
1,958,0,-0.7853981633974483,1.960501177567271,-1,1,-1
1,959,0,-0.7853981633974483,0.00879936235433032,1,-1,-1
1,960,0,-0.7853981633974483,0.4207998739757328,1,-1,-1
1,961,0,-0.7853981633974483,1.7509503545133347,-1,1,-1
1,962,0,-0.7853981633974483,-2.613953396740539,1,-1,-1
1,963,0,-0.7853981633974483,-1.7466504275632044,-1,1,-1
1,964,0,-0.7853981633974483,-1.1430401486747224,1,1,1
1,965,0,-0.7853981633974483,0.8365404885615177,-1,1,-1
1,966,0,-0.7853981633974483,1.6104821841663766,1,-1,-1
1,967,0,-0.7853981633974483,2.250084135255663,1,-1,-1
1,968,0,-0.7853981633974483,-0.5273542925162098,1,-1,-1
1,969,0,-0.7853981633974483,0.22451277833242855,1,-1,-1
1,970,0,-0.7853981633974483,-0.49405569048195197,-1,-1,1
1,971,0,-0.7853981633974483,2.98831353101912,1,-1,-1
1,972,0,-0.7853981633974483,-0.6053549942123713,1,-1,-1
1,973,0,-0.7853981633974483,2.6827927802212628,-1,-1,1
1,974,0,-0.7853981633974483,1.8591996515487157,1,1,1
1,975,0,-0.7853981633974483,0.9106456432879408,1,-1,-1
1,976,0,-0.7853981633974483,0.21148579110619625,1,-1,-1
1,977,0,-0.7853981633974483,1.6998763957904677,-1,1,-1
1,978,0,-0.7853981633974483,2.331521579751933,1,-1,-1
1,979,0,-0.7853981633974483,0.729754061469436,1,-1,-1
1,980,0,-0.7853981633974483,-2.231261522730165,-1,1,-1
1,981,0,-0.7853981633974483,-0.8407052926619127,-1,1,-1
1,982,0,-0.7853981633974483,1.4141923832583805,1,1,1
1,983,0,-0.7853981633974483,0.9819934781923498,1,-1,-1
1,984,0,-0.7853981633974483,-2.1064380312487683,1,-1,-1
1,985,0,-0.7853981633974483,-3.0477575629134,1,-1,-1
1,986,0,-0.7853981633974483,-1.5669314503775038,1,-1,-1
1,987,0,-0.7853981633974483,0.34211292466686105,1,-1,-1
1,988,0,-0.7853981633974483,2.423016023733095,1,-1,-1
1,989,0,-0.7853981633974483,-0.2761607384368432,1,1,1
1,990,0,-0.7853981633974483,2.7933634292924276,-1,1,-1
1,991,0,-0.7853981633974483,0.14935766780510162,-1,1,-1
1,992,0,-0.7853981633974483,-0.26042811850710246,-1,1,-1
1,993,0,-0.7853981633974483,0.33498067228364903,-1,-1,1
1,994,0,-0.7853981633974483,0.06745890286872536,-1,1,-1
1,995,0,-0.7853981633974483,0.3943196936249804,1,-1,-1
1,996,0,-0.7853981633974483,1.7344193291205752,-1,-1,1
1,997,0,-0.7853981633974483,1.6851237750497026,-1,1,-1
1,998,0,-0.7853981633974483,2.029951780220941,1,1,1
1,999,0,-0.7853981633974483,0.3324102477779012,-1,1,-1
2,0,1.5707963267948966,0.7853981633974483,-1.2833288551049062,1,1,1
2,1,1.5707963267948966,0.7853981633974483,0.8051904240945102,1,-1,-1
2,2,1.5707963267948966,0.7853981633974483,-3.0485648063256567,-1,1,-1
2,3,1.5707963267948966,0.7853981633974483,-2.407634067768646,-1,1,-1
2,4,1.5707963267948966,0.7853981633974483,-0.21990664866086052,-1,1,-1
2,5,1.5707963267948966,0.7853981633974483,0.9604384483184356,-1,-1,1
2,6,1.5707963267948966,0.7853981633974483,1.139485293195671,1,-1,-1
2,7,1.5707963267948966,0.7853981633974483,2.247044161390016,-1,1,-1
2,8,1.5707963267948966,0.7853981633974483,0.7645521773716859,1,1,1
2,9,1.5707963267948966,0.7853981633974483,2.9433511011991644,1,-1,-1
2,10,1.5707963267948966,0.7853981633974483,-0.3170556133651541,1,1,1
2,11,1.5707963267948966,0.7853981633974483,1.1317370722180211,-1,1,-1
2,12,1.5707963267948966,0.7853981633974483,1.8869407784503593,-1,1,-1
2,13,1.5707963267948966,0.7853981633974483,-0.3094946285132787,1,-1,-1
2,14,1.5707963267948966,0.7853981633974483,2.3459223804414373,1,-1,-1
2,15,1.5707963267948966,0.7853981633974483,2.8516622687218964,-1,-1,1
2,16,1.5707963267948966,0.7853981633974483,-0.9826232201301432,-1,1,-1
2,17,1.5707963267948966,0.7853981633974483,-1.7545433345827401,-1,-1,1
2,18,1.5707963267948966,0.7853981633974483,0.6738051750384995,1,-1,-1
2,19,1.5707963267948966,0.7853981633974483,2.410211861458648,1,-1,-1
2,20,1.5707963267948966,0.7853981633974483,-0.9270633438553615,-1,1,-1
2,21,1.5707963267948966,0.7853981633974483,0.8997613472530146,-1,1,-1
2,22,1.5707963267948966,0.7853981633974483,1.783368260916693,-1,1,-1
2,23,1.5707963267948966,0.7853981633974483,-1.4454991379233535,-1,1,-1
2,24,1.5707963267948966,0.7853981633974483,2.2504163840530973,-1,-1,1
2,25,1.5707963267948966,0.7853981633974483,2.441576818634446,-1,1,-1
2,26,1.5707963267948966,0.7853981633974483,-1.8074474240501561,-1,1,-1
2,27,1.5707963267948966,0.7853981633974483,-0.538200354195904,-1,1,-1
2,28,1.5707963267948966,0.7853981633974483,-1.1883016563816613,1,-1,-1
2,29,1.5707963267948966,0.7853981633974483,2.29041335243544,1,1,1
2,30,1.5707963267948966,0.7853981633974483,1.3981508108263512,1,-1,-1
2,31,1.5707963267948966,0.7853981633974483,1.409810370452056,1,-1,-1
2,32,1.5707963267948966,0.7853981633974483,1.349286948177931,1,1,1
2,33,1.5707963267948966,0.7853981633974483,2.5154177561775066,1,-1,-1
2,34,1.5707963267948966,0.7853981633974483,-0.49073450124916107,-1,1,-1
2,35,1.5707963267948966,0.7853981633974483,-1.3956868944074914,1,-1,-1
2,36,1.5707963267948966,0.7853981633974483,2.264840507489496,1,-1,-1
2,37,1.5707963267948966,0.7853981633974483,1.5707624283298296,1,-1,-1
2,38,1.5707963267948966,0.7853981633974483,-2.2803363366766605,1,-1,-1
2,39,1.5707963267948966,0.7853981633974483,0.9042444089390074,1,-1,-1
2,40,1.5707963267948966,0.7853981633974483,0.2966200933151186,1,1,1
2,41,1.5707963267948966,0.7853981633974483,2.4825942713878772,-1,1,-1
2,42,1.5707963267948966,0.7853981633974483,0.2939091914931571,-1,-1,1
2,43,1.5707963267948966,0.7853981633974483,2.1215849704035374,1,-1,-1
2,44,1.5707963267948966,0.7853981633974483,3.083214268102438,-1,1,-1
2,45,1.5707963267948966,0.7853981633974483,0.8208409981286753,1,-1,-1
2,46,1.5707963267948966,0.7853981633974483,1.6330260036877355,1,-1,-1
2,47,1.5707963267948966,0.7853981633974483,-2.601095892506362,-1,1,-1
2,48,1.5707963267948966,0.7853981633974483,-1.5060901286642723,-1,1,-1
2,49,1.5707963267948966,0.7853981633974483,3.0431312193891005,-1,1,-1
2,50,1.5707963267948966,0.7853981633974483,0.7812109488612689,1,1,1
2,51,1.5707963267948966,0.7853981633974483,3.0268856101018535,1,-1,-1
2,52,1.5707963267948966,0.7853981633974483,1.1538396914478586,1,-1,-1
2,53,1.5707963267948966,0.7853981633974483,-0.10275155043921513,1,-1,-1
2,54,1.5707963267948966,0.7853981633974483,1.477996265478942,1,-1,-1
2,55,1.5707963267948966,0.7853981633974483,0.3229378286690192,1,-1,-1
2,56,1.5707963267948966,0.7853981633974483,-2.2934952667644755,-1,1,-1
2,57,1.5707963267948966,0.7853981633974483,1.2556885453504778,1,-1,-1
2,58,1.5707963267948966,0.7853981633974483,-0.012427059732976531,1,-1,-1
2,59,1.5707963267948966,0.7853981633974483,-0.555012981333344,-1,-1,1
2,60,1.5707963267948966,0.7853981633974483,-0.3753203369891964,1,-1,-1
2,61,1.5707963267948966,0.7853981633974483,-1.1296253073534617,1,-1,-1
2,62,1.5707963267948966,0.7853981633974483,-2.645196008816175,1,-1,-1
2,63,1.5707963267948966,0.7853981633974483,2.293847878583132,1,1,1
2,64,1.5707963267948966,0.7853981633974483,0.7851876837393861,-1,1,-1
2,65,1.5707963267948966,0.7853981633974483,-2.825796091189104,1,-1,-1
2,66,1.5707963267948966,0.7853981633974483,-1.97286027670511,1,-1,-1
2,67,1.5707963267948966,0.7853981633974483,-2.5667482690920065,1,-1,-1
2,68,1.5707963267948966,0.7853981633974483,0.9751511780537268,-1,1,-1
2,69,1.5707963267948966,0.7853981633974483,0.8320330524362949,-1,1,-1
2,70,1.5707963267948966,0.7853981633974483,-2.584567827775497,1,-1,-1
2,71,1.5707963267948966,0.7853981633974483,-0.21684673253365672,1,-1,-1
2,72,1.5707963267948966,0.7853981633974483,0.1575645687675742,1,-1,-1
2,73,1.5707963267948966,0.7853981633974483,1.9664400015404633,1,-1,-1
2,74,1.5707963267948966,0.7853981633974483,-1.5247071278362598,-1,1,-1
2,75,1.5707963267948966,0.7853981633974483,2.9906345554601517,1,-1,-1
2,76,1.5707963267948966,0.7853981633974483,0.9555888088036149,1,-1,-1
2,77,1.5707963267948966,0.7853981633974483,1.4453518607210585,1,-1,-1
2,78,1.5707963267948966,0.7853981633974483,2.0636430042298324,1,-1,-1
2,79,1.5707963267948966,0.7853981633974483,-1.4565020466964007,1,-1,-1
2,80,1.5707963267948966,0.7853981633974483,-1.1639818778116233,-1,1,-1
2,81,1.5707963267948966,0.7853981633974483,-1.7858910309431484,-1,1,-1
2,82,1.5707963267948966,0.7853981633974483,-2.7382984495730365,-1,1,-1
2,83,1.5707963267948966,0.7853981633974483,-0.503511351473187,-1,1,-1
2,84,1.5707963267948966,0.7853981633974483,-0.6838526162232332,1,-1,-1
2,85,1.5707963267948966,0.7853981633974483,0.18441812791358547,-1,1,-1
2,86,1.5707963267948966,0.7853981633974483,-0.08385786352889024,1,-1,-1
2,87,1.5707963267948966,0.7853981633974483,2.3532599755079557,-1,1,-1
2,88,1.5707963267948966,0.7853981633974483,2.259429893428875,1,-1,-1
2,89,1.5707963267948966,0.7853981633974483,-2.3502785675910376,-1,1,-1
2,90,1.5707963267948966,0.7853981633974483,-0.9699808312066818,-1,1,-1
2,91,1.5707963267948966,0.7853981633974483,-1.3634415574648402,1,-1,-1
2,92,1.5707963267948966,0.7853981633974483,1.9477157135048255,1,-1,-1
2,93,1.5707963267948966,0.7853981633974483,-0.5448741218150737,-1,-1,1
2,94,1.5707963267948966,0.7853981633974483,-2.3909103297377814,-1,1,-1
2,95,1.5707963267948966,0.7853981633974483,2.0629773474423967,-1,1,-1
2,96,1.5707963267948966,0.7853981633974483,-0.8032221471586323,1,-1,-1
2,97,1.5707963267948966,0.7853981633974483,0.24795618896276972,-1,1,-1
2,98,1.5707963267948966,0.7853981633974483,0.4254937502228997,-1,1,-1
2,99,1.5707963267948966,0.7853981633974483,1.7228218863046783,1,-1,-1
2,100,1.5707963267948966,0.7853981633974483,2.9477483152284654,1,-1,-1
2,101,1.5707963267948966,0.7853981633974483,-1.3289376256433696,1,-1,-1
2,102,1.5707963267948966,0.7853981633974483,0.006743877431110157,1,1,1
2,103,1.5707963267948966,0.7853981633974483,-1.9297889494994533,1,-1,-1
2,104,1.5707963267948966,0.7853981633974483,-2.564272164407586,-1,1,-1
2,105,1.5707963267948966,0.7853981633974483,1.4206203462589686,-1,1,-1
2,106,1.5707963267948966,0.7853981633974483,-1.0949597594304028,-1,1,-1
2,107,1.5707963267948966,0.7853981633974483,0.79265409802403,-1,-1,1
2,108,1.5707963267948966,0.7853981633974483,1.6315606384786507,1,-1,-1
2,109,1.5707963267948966,0.7853981633974483,-2.301129706247962,1,-1,-1
2,110,1.5707963267948966,0.7853981633974483,1.4212553571591995,1,-1,-1
2,111,1.5707963267948966,0.7853981633974483,-2.8870214352974015,-1,1,-1
2,112,1.5707963267948966,0.7853981633974483,-2.083458695210803,1,-1,-1
2,113,1.5707963267948966,0.7853981633974483,-1.729722445857506,-1,1,-1
2,114,1.5707963267948966,0.7853981633974483,-0.04165753375789816,-1,1,-1
2,115,1.5707963267948966,0.7853981633974483,-0.13356735173591439,1,-1,-1
2,116,1.5707963267948966,0.7853981633974483,2.3884551801090845,-1,1,-1
2,117,1.5707963267948966,0.7853981633974483,0.12803629783406745,-1,1,-1
2,118,1.5707963267948966,0.7853981633974483,-0.6018098156894225,-1,1,-1
2,119,1.5707963267948966,0.7853981633974483,0.818727948710992,-1,1,-1
2,120,1.5707963267948966,0.7853981633974483,-1.851034607926648,-1,1,-1
2,121,1.5707963267948966,0.7853981633974483,-0.5488110946811777,-1,1,-1
2,122,1.5707963267948966,0.7853981633974483,-2.4037721564728813,-1,1,-1
2,123,1.5707963267948966,0.7853981633974483,-2.221387423157982,1,-1,-1
2,124,1.5707963267948966,0.7853981633974483,2.5945563067065143,1,-1,-1
2,125,1.5707963267948966,0.7853981633974483,-3.060012692125149,1,-1,-1
2,126,1.5707963267948966,0.7853981633974483,3.1029337346886097,1,-1,-1
2,127,1.5707963267948966,0.7853981633974483,1.2342805574061204,1,-1,-1
2,128,1.5707963267948966,0.7853981633974483,-2.360005286994165,1,-1,-1
2,129,1.5707963267948966,0.7853981633974483,2.7626325874939868,-1,1,-1
2,130,1.5707963267948966,0.7853981633974483,-2.035703824644038,1,-1,-1
2,131,1.5707963267948966,0.7853981633974483,2.4115624146203922,1,-1,-1
2,132,1.5707963267948966,0.7853981633974483,-1.9762259057675169,1,1,1
2,133,1.5707963267948966,0.7853981633974483,2.4691606257361283,-1,-1,1
2,134,1.5707963267948966,0.7853981633974483,-2.7124458249425016,-1,-1,1
2,135,1.5707963267948966,0.7853981633974483,-1.1633493386771052,1,-1,-1
2,136,1.5707963267948966,0.7853981633974483,-1.062289274609844,-1,-1,1
2,137,1.5707963267948966,0.7853981633974483,-0.014175635549740218,1,-1,-1
2,138,1.5707963267948966,0.7853981633974483,2.4326991146951897,1,1,1
2,139,1.5707963267948966,0.7853981633974483,0.1530406383115861,1,-1,-1
2,140,1.5707963267948966,0.7853981633974483,1.7240321393522562,1,1,1
2,141,1.5707963267948966,0.7853981633974483,2.893178452386917,1,-1,-1
2,142,1.5707963267948966,0.7853981633974483,1.9523089588198177,1,-1,-1
2,143,1.5707963267948966,0.7853981633974483,1.1641746321332,-1,1,-1
2,144,1.5707963267948966,0.7853981633974483,-2.2868295045559406,-1,1,-1
2,145,1.5707963267948966,0.7853981633974483,-0.5203303512295214,-1,1,-1
2,146,1.5707963267948966,0.7853981633974483,-0.2034707909851976,-1,1,-1
2,147,1.5707963267948966,0.7853981633974483,-1.900502308248842,1,-1,-1
2,148,1.5707963267948966,0.7853981633974483,-0.5885637058599396,1,-1,-1
2,149,1.5707963267948966,0.7853981633974483,0.9808444868307005,-1,1,-1
2,150,1.5707963267948966,0.7853981633974483,-0.4212355102379317,1,-1,-1
2,151,1.5707963267948966,0.7853981633974483,-2.62500122552862,1,-1,-1
2,152,1.5707963267948966,0.7853981633974483,-1.433794677100233,1,-1,-1
2,153,1.5707963267948966,0.7853981633974483,-2.117868824970574,-1,1,-1
2,154,1.5707963267948966,0.7853981633974483,-0.5097473151792848,-1,1,-1
2,155,1.5707963267948966,0.7853981633974483,-0.1399482342043843,-1,1,-1
2,156,1.5707963267948966,0.7853981633974483,1.6697404290884847,1,-1,-1
2,157,1.5707963267948966,0.7853981633974483,3.0346074218241963,1,-1,-1
2,158,1.5707963267948966,0.7853981633974483,1.7510734506266896,-1,1,-1
2,159,1.5707963267948966,0.7853981633974483,0.6368414994493188,1,-1,-1
2,160,1.5707963267948966,0.7853981633974483,-0.48537375617575274,-1,1,-1
2,161,1.5707963267948966,0.7853981633974483,-3.014276253362592,1,-1,-1
2,162,1.5707963267948966,0.7853981633974483,-0.9105056904450657,-1,1,-1
2,163,1.5707963267948966,0.7853981633974483,0.45394246550415307,-1,1,-1
2,164,1.5707963267948966,0.7853981633974483,0.6650648783977169,-1,1,-1
2,165,1.5707963267948966,0.7853981633974483,-2.2001543125006835,-1,1,-1
2,166,1.5707963267948966,0.7853981633974483,2.0771769896929966,1,-1,-1
2,167,1.5707963267948966,0.7853981633974483,2.3702394827123054,1,-1,-1
2,168,1.5707963267948966,0.7853981633974483,1.4521950294202854,-1,1,-1
2,169,1.5707963267948966,0.7853981633974483,2.141351797718907,-1,1,-1
2,170,1.5707963267948966,0.7853981633974483,0.03818134670752471,-1,1,-1
2,171,1.5707963267948966,0.7853981633974483,0.9203708050387913,-1,1,-1
2,172,1.5707963267948966,0.7853981633974483,0.5116289541199373,1,-1,-1
2,173,1.5707963267948966,0.7853981633974483,-2.096116499617724,1,-1,-1
2,174,1.5707963267948966,0.7853981633974483,0.04638075277748133,1,-1,-1
2,175,1.5707963267948966,0.7853981633974483,-2.542369367092343,-1,1,-1
2,176,1.5707963267948966,0.7853981633974483,0.309998151920571,-1,1,-1
2,177,1.5707963267948966,0.7853981633974483,-0.046702316850624204,1,-1,-1
2,178,1.5707963267948966,0.7853981633974483,-2.6277335463789395,1,1,1
2,179,1.5707963267948966,0.7853981633974483,-1.754384926681434,-1,1,-1
2,180,1.5707963267948966,0.7853981633974483,-1.1034132822509148,-1,1,-1
2,181,1.5707963267948966,0.7853981633974483,3.003654169418863,1,-1,-1
2,182,1.5707963267948966,0.7853981633974483,-1.8248609223075025,-1,1,-1
2,183,1.5707963267948966,0.7853981633974483,2.4762293237351347,1,-1,-1
2,184,1.5707963267948966,0.7853981633974483,1.308410545024647,1,-1,-1
2,185,1.5707963267948966,0.7853981633974483,1.9639032428603098,-1,-1,1
2,186,1.5707963267948966,0.7853981633974483,-1.9925219400291825,-1,1,-1
2,187,1.5707963267948966,0.7853981633974483,0.9977231543710454,1,-1,-1
2,188,1.5707963267948966,0.7853981633974483,-1.1585448111186614,1,-1,-1
2,189,1.5707963267948966,0.7853981633974483,-2.464222569953531,-1,1,-1
2,190,1.5707963267948966,0.7853981633974483,-0.7208330830178387,1,-1,-1
2,191,1.5707963267948966,0.7853981633974483,2.6173413387363684,1,1,1
2,192,1.5707963267948966,0.7853981633974483,-2.60602219639934,1,-1,-1
2,193,1.5707963267948966,0.7853981633974483,-1.5633765164362459,-1,1,-1
2,194,1.5707963267948966,0.7853981633974483,-1.4174459171778349,-1,1,-1
2,195,1.5707963267948966,0.7853981633974483,0.06339081522862822,1,-1,-1
2,196,1.5707963267948966,0.7853981633974483,2.489509955935275,1,-1,-1
2,197,1.5707963267948966,0.7853981633974483,2.5989687846145895,-1,-1,1
2,198,1.5707963267948966,0.7853981633974483,2.917350160447679,-1,1,-1
2,199,1.5707963267948966,0.7853981633974483,-0.7091930444085395,-1,1,-1
2,200,1.5707963267948966,0.7853981633974483,-2.4577725289568,1,-1,-1
2,201,1.5707963267948966,0.7853981633974483,2.659144057518426,-1,1,-1
2,202,1.5707963267948966,0.7853981633974483,-3.085898002896313,-1,1,-1
2,203,1.5707963267948966,0.7853981633974483,-1.704396601918561,-1,1,-1
2,204,1.5707963267948966,0.7853981633974483,0.1530477959792078,1,-1,-1
2,205,1.5707963267948966,0.7853981633974483,2.58695993957755,1,-1,-1
2,206,1.5707963267948966,0.7853981633974483,-2.923999992526656,1,-1,-1
2,207,1.5707963267948966,0.7853981633974483,1.8657883665539359,-1,1,-1
2,208,1.5707963267948966,0.7853981633974483,-0.7930677649589142,1,-1,-1
2,209,1.5707963267948966,0.7853981633974483,1.9299782075776424,-1,1,-1
2,210,1.5707963267948966,0.7853981633974483,-1.7739548315707758,1,-1,-1
2,211,1.5707963267948966,0.7853981633974483,0.9563777377783635,1,-1,-1
2,212,1.5707963267948966,0.7853981633974483,0.21665610528622148,1,-1,-1
2,213,1.5707963267948966,0.7853981633974483,-0.6041479113222628,-1,1,-1
2,214,1.5707963267948966,0.7853981633974483,-0.08797908758115058,-1,1,-1
2,215,1.5707963267948966,0.7853981633974483,-2.454779208273207,1,-1,-1
2,216,1.5707963267948966,0.7853981633974483,-0.791285523714298,-1,1,-1
2,217,1.5707963267948966,0.7853981633974483,2.8553296907088166,1,-1,-1
2,218,1.5707963267948966,0.7853981633974483,-0.7649039405845177,-1,1,-1
2,219,1.5707963267948966,0.7853981633974483,2.0237539714005717,1,-1,-1
2,220,1.5707963267948966,0.7853981633974483,0.15108783640253254,1,-1,-1
2,221,1.5707963267948966,0.7853981633974483,0.7896752639049733,1,-1,-1
2,222,1.5707963267948966,0.7853981633974483,2.9368407105490135,-1,1,-1
2,223,1.5707963267948966,0.7853981633974483,2.9848478781213323,1,1,1
2,224,1.5707963267948966,0.7853981633974483,-0.11156635832009298,1,1,1
2,225,1.5707963267948966,0.7853981633974483,0.8047827215450312,1,-1,-1
2,226,1.5707963267948966,0.7853981633974483,-0.38327801109625126,1,-1,-1
2,227,1.5707963267948966,0.7853981633974483,-2.6834444010029967,-1,1,-1
2,228,1.5707963267948966,0.7853981633974483,3.052940691982853,1,-1,-1
2,229,1.5707963267948966,0.7853981633974483,-1.1455615799744365,-1,1,-1
2,230,1.5707963267948966,0.7853981633974483,-0.8708809619272597,1,1,1
2,231,1.5707963267948966,0.7853981633974483,1.915878303879146,1,-1,-1
2,232,1.5707963267948966,0.7853981633974483,-0.4147187781436088,-1,1,-1
2,233,1.5707963267948966,0.7853981633974483,2.9119936776443325,1,-1,-1
2,234,1.5707963267948966,0.7853981633974483,-0.46597790104969095,1,-1,-1
2,235,1.5707963267948966,0.7853981633974483,1.2915707795348732,-1,1,-1
2,236,1.5707963267948966,0.7853981633974483,0.4858030471962924,1,-1,-1
2,237,1.5707963267948966,0.7853981633974483,-2.721255005149353,-1,-1,1
2,238,1.5707963267948966,0.7853981633974483,1.3794652000169476,1,-1,-1
2,239,1.5707963267948966,0.7853981633974483,-1.316352718750685,1,-1,-1
2,240,1.5707963267948966,0.7853981633974483,-0.20069197322086252,1,-1,-1
2,241,1.5707963267948966,0.7853981633974483,-0.8675405382861192,-1,1,-1
2,242,1.5707963267948966,0.7853981633974483,-0.3257690533510038,-1,1,-1
2,243,1.5707963267948966,0.7853981633974483,-1.4028934767151882,-1,-1,1
2,244,1.5707963267948966,0.7853981633974483,-0.9963925200244983,-1,-1,1
2,245,1.5707963267948966,0.7853981633974483,-2.461086973440737,1,-1,-1
2,246,1.5707963267948966,0.7853981633974483,1.8653562089886018,-1,1,-1
2,247,1.5707963267948966,0.7853981633974483,-0.5894691894724979,1,1,1
2,248,1.5707963267948966,0.7853981633974483,-2.9464168983014005,1,-1,-1
2,249,1.5707963267948966,0.7853981633974483,-2.7128420308884746,-1,1,-1
2,250,1.5707963267948966,0.7853981633974483,-1.21650879251234,-1,-1,1
2,251,1.5707963267948966,0.7853981633974483,-2.733999565441131,-1,1,-1
2,252,1.5707963267948966,0.7853981633974483,0.48376702809250194,-1,1,-1
2,253,1.5707963267948966,0.7853981633974483,1.4826977985229117,1,1,1
2,254,1.5707963267948966,0.7853981633974483,2.905222872063888,1,-1,-1
2,255,1.5707963267948966,0.7853981633974483,-0.5932642245271733,-1,1,-1
2,256,1.5707963267948966,0.7853981633974483,-2.362337971190337,1,-1,-1
2,257,1.5707963267948966,0.7853981633974483,-2.334961937029736,-1,1,-1
2,258,1.5707963267948966,0.7853981633974483,-0.058959352432846224,1,-1,-1
2,259,1.5707963267948966,0.7853981633974483,2.664510992927706,-1,1,-1
2,260,1.5707963267948966,0.7853981633974483,-2.1607089141859728,1,-1,-1
2,261,1.5707963267948966,0.7853981633974483,0.911749989853111,1,-1,-1
2,262,1.5707963267948966,0.7853981633974483,3.0475123589065687,1,-1,-1
2,263,1.5707963267948966,0.7853981633974483,-1.5312639187075043,1,-1,-1
2,264,1.5707963267948966,0.7853981633974483,-1.728459518666229,-1,1,-1
2,265,1.5707963267948966,0.7853981633974483,1.1656491864278458,1,-1,-1
2,266,1.5707963267948966,0.7853981633974483,2.6306210219501738,-1,1,-1
2,267,1.5707963267948966,0.7853981633974483,-0.6728651352678829,1,-1,-1
2,268,1.5707963267948966,0.7853981633974483,-0.37683708533708815,1,-1,-1
2,269,1.5707963267948966,0.7853981633974483,0.04124637689174637,-1,1,-1
2,270,1.5707963267948966,0.7853981633974483,2.504656512372696,-1,1,-1
2,271,1.5707963267948966,0.7853981633974483,0.1304606342161212,-1,1,-1
2,272,1.5707963267948966,0.7853981633974483,2.593616317220703,1,-1,-1
2,273,1.5707963267948966,0.7853981633974483,0.3589257096207672,1,-1,-1
2,274,1.5707963267948966,0.7853981633974483,-0.9621409214367587,1,-1,-1
2,275,1.5707963267948966,0.7853981633974483,1.1878229428689204,-1,1,-1
2,276,1.5707963267948966,0.7853981633974483,2.0118609631287114,1,-1,-1
2,277,1.5707963267948966,0.7853981633974483,2.812108088794492,-1,1,-1
2,278,1.5707963267948966,0.7853981633974483,2.5715474313396625,-1,1,-1
2,279,1.5707963267948966,0.7853981633974483,-2.8849263402545393,1,1,1
2,280,1.5707963267948966,0.7853981633974483,2.252948536025423,-1,1,-1
2,281,1.5707963267948966,0.7853981633974483,1.0558077712218807,-1,1,-1
2,282,1.5707963267948966,0.7853981633974483,2.515958885106838,-1,1,-1
2,283,1.5707963267948966,0.7853981633974483,-0.9268580080229154,1,1,1
2,284,1.5707963267948966,0.7853981633974483,-0.20206576837745427,-1,1,-1
2,285,1.5707963267948966,0.7853981633974483,-2.035885037111104,-1,-1,1
2,286,1.5707963267948966,0.7853981633974483,-1.9915919240099798,-1,1,-1
2,287,1.5707963267948966,0.7853981633974483,2.832770219744577,-1,1,-1
2,288,1.5707963267948966,0.7853981633974483,-1.1835763547829732,-1,1,-1
2,289,1.5707963267948966,0.7853981633974483,-0.5740275056997208,-1,1,-1
2,290,1.5707963267948966,0.7853981633974483,-2.9926804585058853,-1,1,-1
2,291,1.5707963267948966,0.7853981633974483,0.2245494948646405,1,1,1
2,292,1.5707963267948966,0.7853981633974483,0.8624229376965644,1,1,1
2,293,1.5707963267948966,0.7853981633974483,2.0128941024193203,-1,-1,1
2,294,1.5707963267948966,0.7853981633974483,-2.680804582073853,1,-1,-1
2,295,1.5707963267948966,0.7853981633974483,2.047053508615181,1,-1,-1
2,296,1.5707963267948966,0.7853981633974483,-2.8786964246848643,-1,1,-1
2,297,1.5707963267948966,0.7853981633974483,-0.8860083272945416,-1,1,-1
2,298,1.5707963267948966,0.7853981633974483,0.5307361579393142,-1,1,-1
2,299,1.5707963267948966,0.7853981633974483,0.22034163072935886,1,-1,-1
2,300,1.5707963267948966,0.7853981633974483,-1.1382377449301053,1,-1,-1
2,301,1.5707963267948966,0.7853981633974483,3.0636720292631976,1,1,1
2,302,1.5707963267948966,0.7853981633974483,-0.17787126490360805,-1,-1,1
2,303,1.5707963267948966,0.7853981633974483,1.5985779208970996,1,-1,-1
2,304,1.5707963267948966,0.7853981633974483,0.6450278034092789,1,1,1
2,305,1.5707963267948966,0.7853981633974483,0.5328909598788538,-1,1,-1
2,306,1.5707963267948966,0.7853981633974483,-1.841635315596927,1,-1,-1
2,307,1.5707963267948966,0.7853981633974483,-1.2850662005912346,1,-1,-1
2,308,1.5707963267948966,0.7853981633974483,1.5521461873483213,-1,1,-1
2,309,1.5707963267948966,0.7853981633974483,0.2311145155543297,-1,1,-1
2,310,1.5707963267948966,0.7853981633974483,-0.1544499225702709,1,-1,-1
2,311,1.5707963267948966,0.7853981633974483,-2.5730475793631338,-1,-1,1
2,312,1.5707963267948966,0.7853981633974483,1.8809096913834207,1,-1,-1
2,313,1.5707963267948966,0.7853981633974483,2.1884777866862235,1,-1,-1
2,314,1.5707963267948966,0.7853981633974483,-0.45805988762285343,-1,1,-1
2,315,1.5707963267948966,0.7853981633974483,1.551714396006842,1,1,1
2,316,1.5707963267948966,0.7853981633974483,2.3297616312044624,-1,1,-1
2,317,1.5707963267948966,0.7853981633974483,2.0142979862485078,-1,1,-1
2,318,1.5707963267948966,0.7853981633974483,-1.0535886424271381,1,-1,-1
2,319,1.5707963267948966,0.7853981633974483,2.8700782863536363,1,-1,-1
2,320,1.5707963267948966,0.7853981633974483,-2.1946621188141995,-1,1,-1
2,321,1.5707963267948966,0.7853981633974483,1.2923070065121758,-1,1,-1
2,322,1.5707963267948966,0.7853981633974483,1.2838754481702281,-1,1,-1
2,323,1.5707963267948966,0.7853981633974483,0.0019701752239233983,-1,1,-1
2,324,1.5707963267948966,0.7853981633974483,-2.927911643173302,1,-1,-1
2,325,1.5707963267948966,0.7853981633974483,2.212483801287828,-1,1,-1
2,326,1.5707963267948966,0.7853981633974483,0.708540882372227,-1,1,-1
2,327,1.5707963267948966,0.7853981633974483,-0.10665592051617523,-1,1,-1
2,328,1.5707963267948966,0.7853981633974483,-0.05341460762466754,1,1,1
2,329,1.5707963267948966,0.7853981633974483,2.3160168938846803,1,-1,-1
2,330,1.5707963267948966,0.7853981633974483,1.5560551490826349,1,-1,-1
2,331,1.5707963267948966,0.7853981633974483,-0.9986046696307738,1,-1,-1
2,332,1.5707963267948966,0.7853981633974483,-1.3375957981789526,1,-1,-1
2,333,1.5707963267948966,0.7853981633974483,2.1919530410521944,1,-1,-1
2,334,1.5707963267948966,0.7853981633974483,0.3274853491952032,1,-1,-1
2,335,1.5707963267948966,0.7853981633974483,1.4839463694682307,-1,1,-1
2,336,1.5707963267948966,0.7853981633974483,2.1366588073685566,-1,1,-1
2,337,1.5707963267948966,0.7853981633974483,1.1446897943886114,1,-1,-1
2,338,1.5707963267948966,0.7853981633974483,-2.1443229581429275,-1,1,-1
2,339,1.5707963267948966,0.7853981633974483,0.8112492145697185,-1,1,-1
2,340,1.5707963267948966,0.7853981633974483,1.006854711636504,1,-1,-1
2,341,1.5707963267948966,0.7853981633974483,-1.8403788821386038,1,-1,-1
2,342,1.5707963267948966,0.7853981633974483,-2.133995723223619,1,-1,-1
2,343,1.5707963267948966,0.7853981633974483,1.6778476157993847,1,-1,-1
2,344,1.5707963267948966,0.7853981633974483,3.0123756004066022,1,-1,-1
2,345,1.5707963267948966,0.7853981633974483,0.5157534498974665,1,-1,-1
2,346,1.5707963267948966,0.7853981633974483,3.0152149943904325,1,-1,-1
2,347,1.5707963267948966,0.7853981633974483,2.907525953271529,1,-1,-1
2,348,1.5707963267948966,0.7853981633974483,3.0854347406831133,-1,1,-1
2,349,1.5707963267948966,0.7853981633974483,2.2934104349680497,1,-1,-1
2,350,1.5707963267948966,0.7853981633974483,3.063106547245929,1,-1,-1
2,351,1.5707963267948966,0.7853981633974483,0.1353915744739349,-1,1,-1
2,352,1.5707963267948966,0.7853981633974483,-2.266705584861271,1,-1,-1
2,353,1.5707963267948966,0.7853981633974483,-1.6693177898579943,-1,1,-1
2,354,1.5707963267948966,0.7853981633974483,1.068360097184697,-1,1,-1
2,355,1.5707963267948966,0.7853981633974483,2.2710472792488714,-1,1,-1
2,356,1.5707963267948966,0.7853981633974483,-0.49757369825903375,1,-1,-1
2,357,1.5707963267948966,0.7853981633974483,1.3417169290764503,-1,-1,1
2,358,1.5707963267948966,0.7853981633974483,2.3283498261670994,-1,1,-1
2,359,1.5707963267948966,0.7853981633974483,-0.8607052372660893,-1,1,-1
2,360,1.5707963267948966,0.7853981633974483,1.638077764625172,-1,1,-1
2,361,1.5707963267948966,0.7853981633974483,-2.6800910963119415,1,-1,-1
2,362,1.5707963267948966,0.7853981633974483,-0.5591676476727434,1,-1,-1
2,363,1.5707963267948966,0.7853981633974483,2.396073093803274,1,-1,-1
2,364,1.5707963267948966,0.7853981633974483,1.4190957235305373,1,-1,-1
2,365,1.5707963267948966,0.7853981633974483,-1.1654050406959706,1,-1,-1
2,366,1.5707963267948966,0.7853981633974483,-1.738557434650231,1,-1,-1
2,367,1.5707963267948966,0.7853981633974483,-1.3128528254299017,1,-1,-1
2,368,1.5707963267948966,0.7853981633974483,-1.9016394725789765,1,-1,-1
2,369,1.5707963267948966,0.7853981633974483,1.4667819788477185,-1,-1,1
2,370,1.5707963267948966,0.7853981633974483,-0.6599287477260729,1,-1,-1
2,371,1.5707963267948966,0.7853981633974483,0.4261327465922524,-1,-1,1
2,372,1.5707963267948966,0.7853981633974483,-1.111626752680234,-1,1,-1
2,373,1.5707963267948966,0.7853981633974483,2.183799268203259,-1,1,-1
2,374,1.5707963267948966,0.7853981633974483,-0.015785313604119278,-1,1,-1
2,375,1.5707963267948966,0.7853981633974483,2.2682577045227523,1,-1,-1
2,376,1.5707963267948966,0.7853981633974483,-2.963686146306599,1,-1,-1
2,377,1.5707963267948966,0.7853981633974483,-2.5508556385385264,-1,1,-1
2,378,1.5707963267948966,0.7853981633974483,0.4693738272031198,-1,1,-1
2,379,1.5707963267948966,0.7853981633974483,-1.5119048341308368,1,1,1
2,380,1.5707963267948966,0.7853981633974483,-1.4578894860382179,-1,1,-1
2,381,1.5707963267948966,0.7853981633974483,2.453002659545242,-1,-1,1
2,382,1.5707963267948966,0.7853981633974483,1.8204508442640064,-1,1,-1
2,383,1.5707963267948966,0.7853981633974483,-2.302914027547758,1,-1,-1
2,384,1.5707963267948966,0.7853981633974483,2.439432483898327,-1,1,-1
2,385,1.5707963267948966,0.7853981633974483,2.3351954249763676,1,-1,-1
2,386,1.5707963267948966,0.7853981633974483,-0.0911547491061988,-1,1,-1
2,387,1.5707963267948966,0.7853981633974483,-0.641450132311316,1,1,1
2,388,1.5707963267948966,0.7853981633974483,-2.926226028199544,1,-1,-1
2,389,1.5707963267948966,0.7853981633974483,-3.101143195470535,1,-1,-1
2,390,1.5707963267948966,0.7853981633974483,1.2131670694835686,-1,1,-1
2,391,1.5707963267948966,0.7853981633974483,-2.7804334109037763,-1,1,-1
2,392,1.5707963267948966,0.7853981633974483,2.1362397061538845,1,-1,-1
2,393,1.5707963267948966,0.7853981633974483,3.008307220822192,-1,1,-1
2,394,1.5707963267948966,0.7853981633974483,-0.1362801151945927,-1,1,-1
2,395,1.5707963267948966,0.7853981633974483,1.4193912773750812,1,-1,-1
2,396,1.5707963267948966,0.7853981633974483,0.5911970458833387,-1,-1,1
2,397,1.5707963267948966,0.7853981633974483,2.1919942286767915,1,-1,-1
2,398,1.5707963267948966,0.7853981633974483,-2.353819081786758,-1,1,-1
2,399,1.5707963267948966,0.7853981633974483,0.966246146192149,1,-1,-1
2,400,1.5707963267948966,0.7853981633974483,-2.3899798298439974,-1,1,-1
2,401,1.5707963267948966,0.7853981633974483,0.20236217835710768,1,-1,-1
2,402,1.5707963267948966,0.7853981633974483,1.162870018859575,1,-1,-1
2,403,1.5707963267948966,0.7853981633974483,-0.12525848179260546,1,-1,-1
2,404,1.5707963267948966,0.7853981633974483,-1.8482174180533586,-1,1,-1
2,405,1.5707963267948966,0.7853981633974483,1.1908912006456287,1,-1,-1
2,406,1.5707963267948966,0.7853981633974483,1.2909408277153958,-1,1,-1
2,407,1.5707963267948966,0.7853981633974483,-3.120137835470395,1,-1,-1
2,408,1.5707963267948966,0.7853981633974483,-0.5077316306233124,1,-1,-1
2,409,1.5707963267948966,0.7853981633974483,-1.1236998419882984,-1,1,-1
2,410,1.5707963267948966,0.7853981633974483,1.7340049665786719,-1,1,-1
2,411,1.5707963267948966,0.7853981633974483,0.42370628136419697,1,1,1
2,412,1.5707963267948966,0.7853981633974483,1.543034221953274,1,1,1
2,413,1.5707963267948966,0.7853981633974483,-2.4830589644312386,-1,1,-1
2,414,1.5707963267948966,0.7853981633974483,2.4970113559834806,1,-1,-1
2,415,1.5707963267948966,0.7853981633974483,-2.736679997047754,1,-1,-1
2,416,1.5707963267948966,0.7853981633974483,1.774260945313391,-1,1,-1
2,417,1.5707963267948966,0.7853981633974483,0.3520637879336692,1,-1,-1
2,418,1.5707963267948966,0.7853981633974483,3.0453006391250863,1,-1,-1
2,419,1.5707963267948966,0.7853981633974483,-0.10669380127535799,-1,1,-1
2,420,1.5707963267948966,0.7853981633974483,-2.1307349917274157,-1,1,-1
2,421,1.5707963267948966,0.7853981633974483,-2.307323117500597,1,-1,-1
2,422,1.5707963267948966,0.7853981633974483,-2.8186262720127124,1,-1,-1
2,423,1.5707963267948966,0.7853981633974483,-2.5504524466326792,1,-1,-1
2,424,1.5707963267948966,0.7853981633974483,-2.038351242761822,-1,1,-1
2,425,1.5707963267948966,0.7853981633974483,-3.0521860384704405,-1,1,-1
2,426,1.5707963267948966,0.7853981633974483,2.8212882388202836,1,-1,-1
2,427,1.5707963267948966,0.7853981633974483,-2.99840098037867,-1,1,-1
2,428,1.5707963267948966,0.7853981633974483,-2.9479742619914,-1,1,-1
2,429,1.5707963267948966,0.7853981633974483,1.3834508744958143,1,-1,-1
2,430,1.5707963267948966,0.7853981633974483,-0.6238227308440383,1,-1,-1
2,431,1.5707963267948966,0.7853981633974483,0.9050735996075483,-1,1,-1
2,432,1.5707963267948966,0.7853981633974483,-0.4743026636011112,1,-1,-1
2,433,1.5707963267948966,0.7853981633974483,0.6074957194780799,1,-1,-1
2,434,1.5707963267948966,0.7853981633974483,0.588724223230916,1,-1,-1
2,435,1.5707963267948966,0.7853981633974483,2.5227621314808095,-1,1,-1
2,436,1.5707963267948966,0.7853981633974483,2.883101094406456,-1,1,-1
2,437,1.5707963267948966,0.7853981633974483,1.3944937555794121,1,-1,-1
2,438,1.5707963267948966,0.7853981633974483,0.0601540232203055,1,-1,-1
2,439,1.5707963267948966,0.7853981633974483,1.0774102175653963,1,-1,-1
2,440,1.5707963267948966,0.7853981633974483,0.018529615459961235,1,-1,-1
2,441,1.5707963267948966,0.7853981633974483,-0.8667848041422617,-1,1,-1
2,442,1.5707963267948966,0.7853981633974483,0.552442604363931,-1,1,-1
2,443,1.5707963267948966,0.7853981633974483,-0.0977796861572866,-1,1,-1
2,444,1.5707963267948966,0.7853981633974483,0.3542336505428785,-1,1,-1
2,445,1.5707963267948966,0.7853981633974483,0.9510876231450931,1,1,1
2,446,1.5707963267948966,0.7853981633974483,3.0209025865939045,1,-1,-1
2,447,1.5707963267948966,0.7853981633974483,2.702794830388564,1,-1,-1
2,448,1.5707963267948966,0.7853981633974483,-1.446099451182351,-1,1,-1
2,449,1.5707963267948966,0.7853981633974483,0.6984169053173788,1,-1,-1
2,450,1.5707963267948966,0.7853981633974483,-1.6294444060657594,1,1,1
2,451,1.5707963267948966,0.7853981633974483,-2.762920151614639,-1,-1,1
2,452,1.5707963267948966,0.7853981633974483,0.05826153413025681,1,1,1
2,453,1.5707963267948966,0.7853981633974483,0.32499228352804144,1,-1,-1
2,454,1.5707963267948966,0.7853981633974483,2.1634593656322547,1,-1,-1
2,455,1.5707963267948966,0.7853981633974483,0.19317043889253238,-1,1,-1
2,456,1.5707963267948966,0.7853981633974483,-0.8831692693215243,1,-1,-1
2,457,1.5707963267948966,0.7853981633974483,-2.1093934915036856,1,-1,-1
2,458,1.5707963267948966,0.7853981633974483,-0.27486780352265106,-1,1,-1
2,459,1.5707963267948966,0.7853981633974483,-0.3279648411238334,-1,1,-1
2,460,1.5707963267948966,0.7853981633974483,1.1251700286159423,-1,1,-1
2,461,1.5707963267948966,0.7853981633974483,1.8155425445974007,-1,1,-1
2,462,1.5707963267948966,0.7853981633974483,-1.801078314029094,1,-1,-1
2,463,1.5707963267948966,0.7853981633974483,0.33167290448096054,1,-1,-1
2,464,1.5707963267948966,0.7853981633974483,-1.281196195556562,1,1,1
2,465,1.5707963267948966,0.7853981633974483,2.1110952158939984,1,-1,-1
2,466,1.5707963267948966,0.7853981633974483,-2.9020431790127073,1,-1,-1
2,467,1.5707963267948966,0.7853981633974483,-0.7752338843468376,-1,1,-1
2,468,1.5707963267948966,0.7853981633974483,-0.7040236135298192,1,-1,-1
2,469,1.5707963267948966,0.7853981633974483,-2.595838672062606,-1,1,-1
2,470,1.5707963267948966,0.7853981633974483,2.5638052348056926,-1,1,-1
2,471,1.5707963267948966,0.7853981633974483,-0.6382135762195014,1,-1,-1
2,472,1.5707963267948966,0.7853981633974483,1.127156846854409,-1,-1,1
2,473,1.5707963267948966,0.7853981633974483,-2.2483121326192093,-1,1,-1
2,474,1.5707963267948966,0.7853981633974483,-1.984325014152603,-1,1,-1
2,475,1.5707963267948966,0.7853981633974483,-1.8527130829693994,-1,1,-1
2,476,1.5707963267948966,0.7853981633974483,0.7224686568646073,-1,1,-1
2,477,1.5707963267948966,0.7853981633974483,2.9197083720453962,-1,1,-1
2,478,1.5707963267948966,0.7853981633974483,1.8729553447432252,1,-1,-1
2,479,1.5707963267948966,0.7853981633974483,1.9949341527307114,1,-1,-1
2,480,1.5707963267948966,0.7853981633974483,-0.5441879119086499,-1,1,-1
2,481,1.5707963267948966,0.7853981633974483,-0.9335236240285356,1,1,1
2,482,1.5707963267948966,0.7853981633974483,0.2734355246430016,1,-1,-1
2,483,1.5707963267948966,0.7853981633974483,-0.8036498152041847,-1,1,-1
2,484,1.5707963267948966,0.7853981633974483,1.9495559126153426,-1,1,-1
2,485,1.5707963267948966,0.7853981633974483,0.30887870508694437,1,-1,-1
2,486,1.5707963267948966,0.7853981633974483,1.1461150465248426,1,-1,-1
2,487,1.5707963267948966,0.7853981633974483,-0.3178388448425147,1,-1,-1
2,488,1.5707963267948966,0.7853981633974483,2.7181744724151686,-1,1,-1
2,489,1.5707963267948966,0.7853981633974483,-1.6792021034918738,1,-1,-1
2,490,1.5707963267948966,0.7853981633974483,2.38178764723222,-1,1,-1
2,491,1.5707963267948966,0.7853981633974483,-0.14218152280041485,-1,1,-1
2,492,1.5707963267948966,0.7853981633974483,-2.3316330549540174,-1,1,-1
2,493,1.5707963267948966,0.7853981633974483,-2.371480200243215,-1,1,-1
2,494,1.5707963267948966,0.7853981633974483,-1.9793861060254965,-1,1,-1
2,495,1.5707963267948966,0.7853981633974483,-0.7748577480174945,-1,-1,1
2,496,1.5707963267948966,0.7853981633974483,-0.25828955995834324,-1,1,-1
2,497,1.5707963267948966,0.7853981633974483,1.7597875354363772,-1,1,-1
2,498,1.5707963267948966,0.7853981633974483,2.976570525170784,-1,-1,1
2,499,1.5707963267948966,0.7853981633974483,-2.7898426025096255,1,1,1
2,500,1.5707963267948966,0.7853981633974483,0.4338108853273117,1,1,1
2,501,1.5707963267948966,0.7853981633974483,2.986721430755524,-1,-1,1
2,502,1.5707963267948966,0.7853981633974483,0.1767141662380678,-1,1,-1
2,503,1.5707963267948966,0.7853981633974483,2.3699160081260695,1,1,1
2,504,1.5707963267948966,0.7853981633974483,-1.4510647431896733,-1,1,-1
2,505,1.5707963267948966,0.7853981633974483,-0.38793704334664225,-1,1,-1
2,506,1.5707963267948966,0.7853981633974483,1.5574106337229638,-1,1,-1
2,507,1.5707963267948966,0.7853981633974483,1.044354231678894,-1,1,-1
2,508,1.5707963267948966,0.7853981633974483,-2.6591353583063233,1,-1,-1
2,509,1.5707963267948966,0.7853981633974483,-0.602833444124153,1,1,1
2,510,1.5707963267948966,0.7853981633974483,-1.666560614280372,1,-1,-1
2,511,1.5707963267948966,0.7853981633974483,-0.35166703024942914,1,-1,-1
2,512,1.5707963267948966,0.7853981633974483,2.381882508074459,1,-1,-1
2,513,1.5707963267948966,0.7853981633974483,-0.4273024811763264,1,-1,-1
2,514,1.5707963267948966,0.7853981633974483,2.882729030763511,-1,1,-1
2,515,1.5707963267948966,0.7853981633974483,1.7477119072823681,-1,1,-1
2,516,1.5707963267948966,0.7853981633974483,-2.033719951884708,1,1,1
2,517,1.5707963267948966,0.7853981633974483,2.5485254865259535,1,-1,-1
2,518,1.5707963267948966,0.7853981633974483,-2.965310784934091,-1,1,-1
2,519,1.5707963267948966,0.7853981633974483,1.7107168309348566,-1,1,-1
2,520,1.5707963267948966,0.7853981633974483,0.5681917543421418,-1,1,-1
2,521,1.5707963267948966,0.7853981633974483,-1.3780300377302692,1,-1,-1
2,522,1.5707963267948966,0.7853981633974483,-0.6136008333939116,1,-1,-1
2,523,1.5707963267948966,0.7853981633974483,-0.1899400378511915,-1,1,-1
2,524,1.5707963267948966,0.7853981633974483,-0.3935913894003833,1,-1,-1
2,525,1.5707963267948966,0.7853981633974483,-0.6522541192282816,1,1,1
2,526,1.5707963267948966,0.7853981633974483,2.024756421680726,-1,1,-1
2,527,1.5707963267948966,0.7853981633974483,2.5590207009470287,1,-1,-1
2,528,1.5707963267948966,0.7853981633974483,-1.0898975015277905,-1,1,-1
2,529,1.5707963267948966,0.7853981633974483,2.404617282088924,-1,1,-1
2,530,1.5707963267948966,0.7853981633974483,3.096945547381309,-1,-1,1
2,531,1.5707963267948966,0.7853981633974483,3.1224886705779307,-1,1,-1
2,532,1.5707963267948966,0.7853981633974483,1.1968711420708633,1,1,1
2,533,1.5707963267948966,0.7853981633974483,-1.219391538537589,1,-1,-1
2,534,1.5707963267948966,0.7853981633974483,-0.3316526599439875,-1,1,-1
2,535,1.5707963267948966,0.7853981633974483,1.2957871741433422,-1,1,-1
2,536,1.5707963267948966,0.7853981633974483,0.32902616607527646,1,-1,-1
2,537,1.5707963267948966,0.7853981633974483,1.3387518462929684,-1,-1,1
2,538,1.5707963267948966,0.7853981633974483,2.767500733536732,1,1,1
2,539,1.5707963267948966,0.7853981633974483,-1.9916748676997262,-1,-1,1
2,540,1.5707963267948966,0.7853981633974483,-1.2444563282282763,1,-1,-1
2,541,1.5707963267948966,0.7853981633974483,-2.2021498642498067,1,-1,-1
2,542,1.5707963267948966,0.7853981633974483,1.1760115595681402,1,-1,-1
2,543,1.5707963267948966,0.7853981633974483,-1.5038529343384743,-1,1,-1
2,544,1.5707963267948966,0.7853981633974483,0.7910066626076899,-1,1,-1
2,545,1.5707963267948966,0.7853981633974483,-1.263545423304788,1,-1,-1
2,546,1.5707963267948966,0.7853981633974483,0.4063172820183052,-1,1,-1
2,547,1.5707963267948966,0.7853981633974483,1.9868140502737148,-1,1,-1
2,548,1.5707963267948966,0.7853981633974483,-1.3070212376790264,-1,1,-1
2,549,1.5707963267948966,0.7853981633974483,0.8816929047095421,1,-1,-1
2,550,1.5707963267948966,0.7853981633974483,-1.1108021883758732,-1,1,-1
2,551,1.5707963267948966,0.7853981633974483,0.7218513070818515,1,-1,-1
2,552,1.5707963267948966,0.7853981633974483,-2.437209821041985,1,-1,-1
2,553,1.5707963267948966,0.7853981633974483,0.36084401445014214,-1,1,-1
2,554,1.5707963267948966,0.7853981633974483,-2.616625699279845,1,-1,-1
2,555,1.5707963267948966,0.7853981633974483,1.4540126632084451,-1,1,-1
2,556,1.5707963267948966,0.7853981633974483,0.6167930029457089,1,-1,-1
2,557,1.5707963267948966,0.7853981633974483,-2.495991474245571,-1,1,-1
2,558,1.5707963267948966,0.7853981633974483,2.158240043850367,1,-1,-1
2,559,1.5707963267948966,0.7853981633974483,-1.6205646059120946,-1,1,-1
2,560,1.5707963267948966,0.7853981633974483,0.07458711218231073,1,-1,-1
2,561,1.5707963267948966,0.7853981633974483,1.9809592207582796,1,-1,-1
2,562,1.5707963267948966,0.7853981633974483,1.188853882015822,-1,1,-1
2,563,1.5707963267948966,0.7853981633974483,-2.7805793707505666,-1,1,-1
2,564,1.5707963267948966,0.7853981633974483,1.5215098526551118,1,-1,-1
2,565,1.5707963267948966,0.7853981633974483,-0.9452738930922657,1,1,1
2,566,1.5707963267948966,0.7853981633974483,-2.2848301757326763,-1,1,-1
2,567,1.5707963267948966,0.7853981633974483,2.146361438500282,1,1,1
2,568,1.5707963267948966,0.7853981633974483,-3.0700944894433664,1,-1,-1
2,569,1.5707963267948966,0.7853981633974483,2.59862455992326,1,-1,-1
2,570,1.5707963267948966,0.7853981633974483,-0.7670242823268407,-1,1,-1
2,571,1.5707963267948966,0.7853981633974483,0.8776415674538685,1,-1,-1
2,572,1.5707963267948966,0.7853981633974483,-1.919024354429453,-1,1,-1
2,573,1.5707963267948966,0.7853981633974483,-3.0687437032583196,1,-1,-1
2,574,1.5707963267948966,0.7853981633974483,-1.2381779054930862,-1,1,-1
2,575,1.5707963267948966,0.7853981633974483,-0.16122444042284156,-1,1,-1
2,576,1.5707963267948966,0.7853981633974483,0.58764179151169,1,-1,-1
2,577,1.5707963267948966,0.7853981633974483,2.5294442602710534,1,1,1
2,578,1.5707963267948966,0.7853981633974483,-1.2622412831384484,-1,1,-1
2,579,1.5707963267948966,0.7853981633974483,-0.046018143588336446,1,-1,-1
2,580,1.5707963267948966,0.7853981633974483,-1.2056757809143022,1,-1,-1
2,581,1.5707963267948966,0.7853981633974483,-2.973753850949905,-1,1,-1
2,582,1.5707963267948966,0.7853981633974483,-2.553934747851226,-1,1,-1
2,583,1.5707963267948966,0.7853981633974483,-0.6938963765210682,1,-1,-1
2,584,1.5707963267948966,0.7853981633974483,-1.1072885661137044,-1,-1,1
2,585,1.5707963267948966,0.7853981633974483,-1.838949894739445,-1,1,-1
2,586,1.5707963267948966,0.7853981633974483,-1.8525325646342883,-1,1,-1
2,587,1.5707963267948966,0.7853981633974483,1.1712862082391275,-1,-1,1
2,588,1.5707963267948966,0.7853981633974483,-0.4075950414081899,1,-1,-1
2,589,1.5707963267948966,0.7853981633974483,1.502827432683283,1,-1,-1
2,590,1.5707963267948966,0.7853981633974483,3.0610099130879016,-1,1,-1
2,591,1.5707963267948966,0.7853981633974483,-1.177160040804809,-1,1,-1
2,592,1.5707963267948966,0.7853981633974483,0.4218431200785653,1,1,1
2,593,1.5707963267948966,0.7853981633974483,-3.09185251377215,1,-1,-1
2,594,1.5707963267948966,0.7853981633974483,-1.3397234892474916,1,-1,-1
2,595,1.5707963267948966,0.7853981633974483,0.9122329254478734,1,1,1
2,596,1.5707963267948966,0.7853981633974483,0.05549237770617088,-1,1,-1
2,597,1.5707963267948966,0.7853981633974483,-1.601342543316885,1,1,1
2,598,1.5707963267948966,0.7853981633974483,-0.8188727000754792,1,-1,-1
2,599,1.5707963267948966,0.7853981633974483,2.022241854535179,1,-1,-1
2,600,1.5707963267948966,0.7853981633974483,2.5846028525230347,1,1,1
2,601,1.5707963267948966,0.7853981633974483,-1.0310838568067595,-1,1,-1
2,602,1.5707963267948966,0.7853981633974483,-0.11706796650273388,-1,1,-1
2,603,1.5707963267948966,0.7853981633974483,-0.928008671173346,-1,1,-1
2,604,1.5707963267948966,0.7853981633974483,2.542020582397856,1,-1,-1
2,605,1.5707963267948966,0.7853981633974483,1.532339313820783,1,-1,-1
2,606,1.5707963267948966,0.7853981633974483,3.1135581624851962,1,-1,-1
2,607,1.5707963267948966,0.7853981633974483,-1.2087759411699637,1,1,1
2,608,1.5707963267948966,0.7853981633974483,0.44310162343507775,-1,1,-1
2,609,1.5707963267948966,0.7853981633974483,3.0598585793202435,-1,1,-1
2,610,1.5707963267948966,0.7853981633974483,-1.7208091550794145,-1,1,-1
2,611,1.5707963267948966,0.7853981633974483,0.14346308239140892,1,-1,-1
2,612,1.5707963267948966,0.7853981633974483,0.22047145139563495,1,-1,-1
2,613,1.5707963267948966,0.7853981633974483,-0.9156545228859878,1,1,1
2,614,1.5707963267948966,0.7853981633974483,-0.2856069914647432,-1,1,-1
2,615,1.5707963267948966,0.7853981633974483,-0.736032107730971,-1,1,-1
2,616,1.5707963267948966,0.7853981633974483,1.3680905972300428,-1,1,-1
2,617,1.5707963267948966,0.7853981633974483,0.5106752660858778,1,-1,-1
2,618,1.5707963267948966,0.7853981633974483,-2.5765924541700764,1,-1,-1
2,619,1.5707963267948966,0.7853981633974483,0.9630595394946182,1,-1,-1
2,620,1.5707963267948966,0.7853981633974483,-2.34500319757365,-1,1,-1
2,621,1.5707963267948966,0.7853981633974483,1.010733873003704,1,1,1
2,622,1.5707963267948966,0.7853981633974483,2.6740653288026737,1,-1,-1
2,623,1.5707963267948966,0.7853981633974483,2.3138483215810233,1,-1,-1
2,624,1.5707963267948966,0.7853981633974483,-1.277258810484171,-1,1,-1
2,625,1.5707963267948966,0.7853981633974483,-2.570311981983911,-1,1,-1
2,626,1.5707963267948966,0.7853981633974483,2.670057914138342,-1,1,-1
2,627,1.5707963267948966,0.7853981633974483,-1.1908577515107521,-1,1,-1
2,628,1.5707963267948966,0.7853981633974483,3.12695954310964,-1,1,-1
2,629,1.5707963267948966,0.7853981633974483,2.215915044501555,1,-1,-1
2,630,1.5707963267948966,0.7853981633974483,-0.7949134324365357,-1,1,-1
2,631,1.5707963267948966,0.7853981633974483,-2.4171946176221697,-1,1,-1
2,632,1.5707963267948966,0.7853981633974483,1.0123905456236733,1,-1,-1
2,633,1.5707963267948966,0.7853981633974483,-1.7934742576480662,1,-1,-1
2,634,1.5707963267948966,0.7853981633974483,0.2667838341470308,-1,1,-1
2,635,1.5707963267948966,0.7853981633974483,0.07277986664077174,1,1,1
2,636,1.5707963267948966,0.7853981633974483,3.081951902084823,-1,1,-1
2,637,1.5707963267948966,0.7853981633974483,2.571880852243469,-1,-1,1
2,638,1.5707963267948966,0.7853981633974483,2.6560671051950955,-1,1,-1
2,639,1.5707963267948966,0.7853981633974483,2.3569413813274025,1,-1,-1
2,640,1.5707963267948966,0.7853981633974483,1.759873591997871,1,-1,-1
2,641,1.5707963267948966,0.7853981633974483,-2.769993730415088,-1,1,-1
2,642,1.5707963267948966,0.7853981633974483,-1.4343739495348236,-1,1,-1
2,643,1.5707963267948966,0.7853981633974483,-1.0663414886263491,1,-1,-1
2,644,1.5707963267948966,0.7853981633974483,-2.9732211308075405,1,-1,-1
2,645,1.5707963267948966,0.7853981633974483,-0.5135322228786414,1,-1,-1
2,646,1.5707963267948966,0.7853981633974483,0.6962189817683373,-1,1,-1
2,647,1.5707963267948966,0.7853981633974483,2.7190386910933793,-1,1,-1
2,648,1.5707963267948966,0.7853981633974483,-1.4233877926427778,-1,-1,1
2,649,1.5707963267948966,0.7853981633974483,0.19695920913919895,-1,1,-1
2,650,1.5707963267948966,0.7853981633974483,0.9395467459754956,-1,1,-1
2,651,1.5707963267948966,0.7853981633974483,1.1010655078152771,1,-1,-1
2,652,1.5707963267948966,0.7853981633974483,1.402190674755924,1,1,1
2,653,1.5707963267948966,0.7853981633974483,-1.184487257387847,1,1,1
2,654,1.5707963267948966,0.7853981633974483,1.740212314747775,-1,1,-1
2,655,1.5707963267948966,0.7853981633974483,-2.376304408228475,-1,1,-1
2,656,1.5707963267948966,0.7853981633974483,-1.0452498136109303,1,-1,-1
2,657,1.5707963267948966,0.7853981633974483,2.1982713963488143,1,-1,-1
2,658,1.5707963267948966,0.7853981633974483,0.3543214055909165,-1,1,-1
2,659,1.5707963267948966,0.7853981633974483,1.858216823277611,-1,1,-1
2,660,1.5707963267948966,0.7853981633974483,0.6075976755280141,1,-1,-1
2,661,1.5707963267948966,0.7853981633974483,-2.862338435511806,-1,1,-1
2,662,1.5707963267948966,0.7853981633974483,2.472460300766514,-1,1,-1
2,663,1.5707963267948966,0.7853981633974483,-0.04523451188360772,-1,1,-1
2,664,1.5707963267948966,0.7853981633974483,0.5339671913543125,1,1,1
2,665,1.5707963267948966,0.7853981633974483,0.9500252443855404,-1,1,-1
2,666,1.5707963267948966,0.7853981633974483,1.508106472828005,-1,1,-1
2,667,1.5707963267948966,0.7853981633974483,1.5585319594044593,1,-1,-1
2,668,1.5707963267948966,0.7853981633974483,-0.7258413266615236,1,-1,-1
2,669,1.5707963267948966,0.7853981633974483,1.839850194959702,-1,1,-1
2,670,1.5707963267948966,0.7853981633974483,0.6141893879274991,1,-1,-1
2,671,1.5707963267948966,0.7853981633974483,-0.36223758469017175,1,-1,-1
2,672,1.5707963267948966,0.7853981633974483,-2.9824793936504737,1,-1,-1
2,673,1.5707963267948966,0.7853981633974483,-0.5912109405423105,1,-1,-1
2,674,1.5707963267948966,0.7853981633974483,0.051761275261331896,-1,1,-1
2,675,1.5707963267948966,0.7853981633974483,2.906896741097494,-1,1,-1
2,676,1.5707963267948966,0.7853981633974483,-1.3428370270555812,-1,1,-1
2,677,1.5707963267948966,0.7853981633974483,-0.33237947029070547,1,-1,-1
2,678,1.5707963267948966,0.7853981633974483,-0.4781915455198473,1,-1,-1
2,679,1.5707963267948966,0.7853981633974483,-2.522349231130729,-1,1,-1
2,680,1.5707963267948966,0.7853981633974483,2.345126110697856,1,-1,-1
2,681,1.5707963267948966,0.7853981633974483,2.458625448333839,1,-1,-1
2,682,1.5707963267948966,0.7853981633974483,-2.1712260977507465,1,-1,-1
2,683,1.5707963267948966,0.7853981633974483,-0.9331186877257629,-1,1,-1
2,684,1.5707963267948966,0.7853981633974483,-0.7840218785544391,-1,1,-1
2,685,1.5707963267948966,0.7853981633974483,-2.507244763653881,-1,1,-1
2,686,1.5707963267948966,0.7853981633974483,-2.2135358571892416,-1,1,-1
2,687,1.5707963267948966,0.7853981633974483,-1.4955200901738512,1,-1,-1
2,688,1.5707963267948966,0.7853981633974483,2.832685761271284,-1,1,-1
2,689,1.5707963267948966,0.7853981633974483,-1.3229097966921983,-1,1,-1
2,690,1.5707963267948966,0.7853981633974483,2.5693348362237893,1,-1,-1
2,691,1.5707963267948966,0.7853981633974483,1.6351401991790109,1,-1,-1
2,692,1.5707963267948966,0.7853981633974483,0.6041583890393154,1,-1,-1
2,693,1.5707963267948966,0.7853981633974483,-2.9515293952190915,1,-1,-1
2,694,1.5707963267948966,0.7853981633974483,1.6725538711898045,1,-1,-1
2,695,1.5707963267948966,0.7853981633974483,-1.1134686600704753,1,-1,-1
2,696,1.5707963267948966,0.7853981633974483,3.07374971718873,1,-1,-1
2,697,1.5707963267948966,0.7853981633974483,0.6701442871667314,-1,1,-1
2,698,1.5707963267948966,0.7853981633974483,-1.857185151783779,1,1,1
2,699,1.5707963267948966,0.7853981633974483,1.8693651944601628,-1,1,-1
2,700,1.5707963267948966,0.7853981633974483,-1.2561800031924377,1,-1,-1
2,701,1.5707963267948966,0.7853981633974483,-0.9559703119656864,-1,1,-1
2,702,1.5707963267948966,0.7853981633974483,0.9420388295482196,-1,1,-1
2,703,1.5707963267948966,0.7853981633974483,-0.5191156150314193,-1,-1,1
2,704,1.5707963267948966,0.7853981633974483,-0.6440302931893895,-1,1,-1
2,705,1.5707963267948966,0.7853981633974483,-2.4033693113333987,-1,1,-1
2,706,1.5707963267948966,0.7853981633974483,2.331631841414822,-1,1,-1
2,707,1.5707963267948966,0.7853981633974483,-2.540824116000806,-1,1,-1
2,708,1.5707963267948966,0.7853981633974483,-2.3574021972613455,-1,1,-1
2,709,1.5707963267948966,0.7853981633974483,2.03254531126544,-1,1,-1
2,710,1.5707963267948966,0.7853981633974483,1.298837906494926,-1,-1,1
2,711,1.5707963267948966,0.7853981633974483,2.112794124551316,-1,1,-1
2,712,1.5707963267948966,0.7853981633974483,-0.9590831703012106,1,-1,-1
2,713,1.5707963267948966,0.7853981633974483,0.029535104767826947,1,-1,-1
2,714,1.5707963267948966,0.7853981633974483,-2.5969174793711916,1,-1,-1
2,715,1.5707963267948966,0.7853981633974483,-2.9121851142573165,1,-1,-1
2,716,1.5707963267948966,0.7853981633974483,-1.4398784114077479,1,-1,-1
2,717,1.5707963267948966,0.7853981633974483,-0.6246197679551955,-1,1,-1
2,718,1.5707963267948966,0.7853981633974483,2.6492007868832994,1,-1,-1
2,719,1.5707963267948966,0.7853981633974483,-0.9676860089485002,1,1,1
2,720,1.5707963267948966,0.7853981633974483,-0.08276236586773811,1,-1,-1
2,721,1.5707963267948966,0.7853981633974483,2.875247712081782,1,-1,-1
2,722,1.5707963267948966,0.7853981633974483,1.1381024298566178,-1,1,-1
2,723,1.5707963267948966,0.7853981633974483,-0.5143864951984769,1,-1,-1
2,724,1.5707963267948966,0.7853981633974483,-2.2541950045246555,-1,1,-1
2,725,1.5707963267948966,0.7853981633974483,-0.3561273885756129,1,-1,-1
2,726,1.5707963267948966,0.7853981633974483,3.0807258995323368,1,-1,-1
2,727,1.5707963267948966,0.7853981633974483,-1.8811117445151802,-1,1,-1
2,728,1.5707963267948966,0.7853981633974483,-2.166790418838185,1,-1,-1
2,729,1.5707963267948966,0.7853981633974483,0.7152321586259949,1,-1,-1
2,730,1.5707963267948966,0.7853981633974483,3.0253915036651273,1,-1,-1
2,731,1.5707963267948966,0.7853981633974483,2.1984517304726827,1,-1,-1
2,732,1.5707963267948966,0.7853981633974483,-2.5458028054450197,-1,1,-1
2,733,1.5707963267948966,0.7853981633974483,0.33221736536970203,-1,1,-1
2,734,1.5707963267948966,0.7853981633974483,-1.6156916907185326,-1,1,-1
2,735,1.5707963267948966,0.7853981633974483,0.7433243647126591,-1,1,-1
2,736,1.5707963267948966,0.7853981633974483,1.7267037474904523,1,-1,-1
2,737,1.5707963267948966,0.7853981633974483,-2.3454853767517747,1,-1,-1
2,738,1.5707963267948966,0.7853981633974483,0.2708968830562579,-1,-1,1
2,739,1.5707963267948966,0.7853981633974483,3.0776335957062164,-1,-1,1
2,740,1.5707963267948966,0.7853981633974483,1.1671333004844469,-1,-1,1
2,741,1.5707963267948966,0.7853981633974483,2.5590974497013708,-1,-1,1
2,742,1.5707963267948966,0.7853981633974483,-1.0539385932846175,1,-1,-1
2,743,1.5707963267948966,0.7853981633974483,-2.750353865352614,-1,1,-1
2,744,1.5707963267948966,0.7853981633974483,0.3445467752753224,1,1,1
2,745,1.5707963267948966,0.7853981633974483,-1.3572862921016047,1,-1,-1
2,746,1.5707963267948966,0.7853981633974483,2.361380663587619,-1,1,-1
2,747,1.5707963267948966,0.7853981633974483,-2.032658701671583,-1,1,-1
2,748,1.5707963267948966,0.7853981633974483,-0.7936263978956424,-1,1,-1
2,749,1.5707963267948966,0.7853981633974483,-2.354392584225632,-1,1,-1
2,750,1.5707963267948966,0.7853981633974483,2.2845592950730618,1,-1,-1
2,751,1.5707963267948966,0.7853981633974483,2.3693381239750018,-1,1,-1
2,752,1.5707963267948966,0.7853981633974483,-2.5227008985961814,1,-1,-1
2,753,1.5707963267948966,0.7853981633974483,0.334251894661028,-1,1,-1
2,754,1.5707963267948966,0.7853981633974483,0.2105211032170593,1,-1,-1
2,755,1.5707963267948966,0.7853981633974483,2.2279237856767375,1,-1,-1
2,756,1.5707963267948966,0.7853981633974483,2.2269108137607283,-1,1,-1
2,757,1.5707963267948966,0.7853981633974483,0.3973510539215521,-1,1,-1
2,758,1.5707963267948966,0.7853981633974483,-1.1033729733421311,-1,1,-1
2,759,1.5707963267948966,0.7853981633974483,0.6511928163934129,-1,1,-1
2,760,1.5707963267948966,0.7853981633974483,0.8029902926286296,1,-1,-1
2,761,1.5707963267948966,0.7853981633974483,0.7225925574381535,-1,1,-1
2,762,1.5707963267948966,0.7853981633974483,0.3978189401008443,-1,1,-1
2,763,1.5707963267948966,0.7853981633974483,2.0830394914898944,1,-1,-1
2,764,1.5707963267948966,0.7853981633974483,0.7439897666195203,1,1,1
2,765,1.5707963267948966,0.7853981633974483,0.9009732587129831,-1,1,-1
2,766,1.5707963267948966,0.7853981633974483,1.0363283470808984,-1,1,-1
2,767,1.5707963267948966,0.7853981633974483,1.2024487247589537,1,-1,-1
2,768,1.5707963267948966,0.7853981633974483,0.4073048739378753,-1,1,-1
2,769,1.5707963267948966,0.7853981633974483,0.7243631218593638,-1,1,-1
2,770,1.5707963267948966,0.7853981633974483,-1.542367145487558,-1,1,-1
2,771,1.5707963267948966,0.7853981633974483,0.3550682836614065,1,1,1
2,772,1.5707963267948966,0.7853981633974483,-2.128364109469401,1,-1,-1
2,773,1.5707963267948966,0.7853981633974483,-0.5130019380092703,1,-1,-1
2,774,1.5707963267948966,0.7853981633974483,-0.6577624531714785,1,-1,-1
2,775,1.5707963267948966,0.7853981633974483,-1.6502553477121014,1,-1,-1
2,776,1.5707963267948966,0.7853981633974483,0.5361220079411502,-1,1,-1
2,777,1.5707963267948966,0.7853981633974483,-1.1687107673775723,-1,1,-1
2,778,1.5707963267948966,0.7853981633974483,0.26812438798262317,-1,1,-1
2,779,1.5707963267948966,0.7853981633974483,-1.1462541613390207,1,-1,-1
2,780,1.5707963267948966,0.7853981633974483,-0.1774372711946044,-1,1,-1
2,781,1.5707963267948966,0.7853981633974483,1.5351551100049692,1,-1,-1
2,782,1.5707963267948966,0.7853981633974483,2.6712294388219995,-1,1,-1
2,783,1.5707963267948966,0.7853981633974483,0.16241248535656894,1,-1,-1
2,784,1.5707963267948966,0.7853981633974483,-2.346809065698086,-1,1,-1
2,785,1.5707963267948966,0.7853981633974483,1.8172246787935036,1,-1,-1
2,786,1.5707963267948966,0.7853981633974483,-0.6922266019548444,-1,-1,1
2,787,1.5707963267948966,0.7853981633974483,2.782333713415712,1,-1,-1
2,788,1.5707963267948966,0.7853981633974483,-0.8209019044023953,1,-1,-1
2,789,1.5707963267948966,0.7853981633974483,1.1222148475305138,1,-1,-1
2,790,1.5707963267948966,0.7853981633974483,-0.7454540941362864,1,-1,-1
2,791,1.5707963267948966,0.7853981633974483,0.02928070361183366,-1,1,-1
2,792,1.5707963267948966,0.7853981633974483,-1.5078098097765,1,-1,-1
2,793,1.5707963267948966,0.7853981633974483,-2.9747684630934668,-1,1,-1
2,794,1.5707963267948966,0.7853981633974483,1.4502184530830249,1,-1,-1
2,795,1.5707963267948966,0.7853981633974483,0.8263308648368848,-1,1,-1
2,796,1.5707963267948966,0.7853981633974483,-0.5070939056176917,1,-1,-1
2,797,1.5707963267948966,0.7853981633974483,-2.409895349337612,1,-1,-1
2,798,1.5707963267948966,0.7853981633974483,0.7562014752208395,1,-1,-1
2,799,1.5707963267948966,0.7853981633974483,-0.4353783262862265,-1,-1,1
2,800,1.5707963267948966,0.7853981633974483,0.6222676817478434,-1,1,-1
2,801,1.5707963267948966,0.7853981633974483,1.8258640119626284,-1,-1,1
2,802,1.5707963267948966,0.7853981633974483,-0.10835167467781792,1,1,1
2,803,1.5707963267948966,0.7853981633974483,2.7492729278186,-1,-1,1
2,804,1.5707963267948966,0.7853981633974483,-0.6518865903612019,-1,1,-1
2,805,1.5707963267948966,0.7853981633974483,-0.15085976533576195,-1,1,-1
2,806,1.5707963267948966,0.7853981633974483,-1.2488632893024154,-1,1,-1
2,807,1.5707963267948966,0.7853981633974483,2.2958733744085364,1,-1,-1
2,808,1.5707963267948966,0.7853981633974483,0.5907583489235031,1,-1,-1
2,809,1.5707963267948966,0.7853981633974483,-3.113876310864076,-1,1,-1
2,810,1.5707963267948966,0.7853981633974483,-1.4468801351423541,1,-1,-1
2,811,1.5707963267948966,0.7853981633974483,1.8257188235345687,1,1,1
2,812,1.5707963267948966,0.7853981633974483,-2.201465445594882,1,-1,-1
2,813,1.5707963267948966,0.7853981633974483,-2.750456534175159,-1,1,-1
2,814,1.5707963267948966,0.7853981633974483,-2.402202218331853,-1,1,-1
2,815,1.5707963267948966,0.7853981633974483,2.696137807239433,-1,1,-1
2,816,1.5707963267948966,0.7853981633974483,1.0900153970979014,1,-1,-1
2,817,1.5707963267948966,0.7853981633974483,2.065482823831127,-1,1,-1
2,818,1.5707963267948966,0.7853981633974483,2.9094349521384837,-1,1,-1
2,819,1.5707963267948966,0.7853981633974483,0.26830767962763513,-1,-1,1
2,820,1.5707963267948966,0.7853981633974483,-2.354746962495108,1,-1,-1
2,821,1.5707963267948966,0.7853981633974483,2.9555157895247985,1,-1,-1
2,822,1.5707963267948966,0.7853981633974483,-1.6495935186065218,1,-1,-1
2,823,1.5707963267948966,0.7853981633974483,-1.1428905887179752,-1,1,-1
2,824,1.5707963267948966,0.7853981633974483,2.8298517463727757,1,-1,-1
2,825,1.5707963267948966,0.7853981633974483,3.0742955903412073,-1,1,-1
2,826,1.5707963267948966,0.7853981633974483,-2.1040965310502546,-1,1,-1
2,827,1.5707963267948966,0.7853981633974483,0.1601761144535181,-1,1,-1
2,828,1.5707963267948966,0.7853981633974483,0.28336016874795966,1,-1,-1
2,829,1.5707963267948966,0.7853981633974483,1.2464814859588094,-1,1,-1
2,830,1.5707963267948966,0.7853981633974483,-1.2232346685492885,1,-1,-1
2,831,1.5707963267948966,0.7853981633974483,-2.412925103701628,-1,1,-1
2,832,1.5707963267948966,0.7853981633974483,-2.993998802842584,1,-1,-1
2,833,1.5707963267948966,0.7853981633974483,0.7590896668813016,1,-1,-1
2,834,1.5707963267948966,0.7853981633974483,-0.7459220532006983,1,-1,-1
2,835,1.5707963267948966,0.7853981633974483,-1.1368658015213757,-1,1,-1
2,836,1.5707963267948966,0.7853981633974483,1.3666834294979138,-1,1,-1
2,837,1.5707963267948966,0.7853981633974483,-0.5790196789411057,-1,1,-1
2,838,1.5707963267948966,0.7853981633974483,-2.403575629541405,1,-1,-1
2,839,1.5707963267948966,0.7853981633974483,-2.055198288940458,-1,1,-1
2,840,1.5707963267948966,0.7853981633974483,1.7682097193304003,1,-1,-1
2,841,1.5707963267948966,0.7853981633974483,1.3890234771553516,1,-1,-1
2,842,1.5707963267948966,0.7853981633974483,0.6061889619879515,-1,1,-1
2,843,1.5707963267948966,0.7853981633974483,1.0668654893835372,-1,1,-1
2,844,1.5707963267948966,0.7853981633974483,3.078056339095089,1,-1,-1
2,845,1.5707963267948966,0.7853981633974483,0.5713095480254338,-1,-1,1
2,846,1.5707963267948966,0.7853981633974483,-1.4305569598862098,-1,1,-1
2,847,1.5707963267948966,0.7853981633974483,1.157421893342832,-1,1,-1
2,848,1.5707963267948966,0.7853981633974483,1.611906826214864,1,-1,-1
2,849,1.5707963267948966,0.7853981633974483,-0.6886228415285287,-1,1,-1
2,850,1.5707963267948966,0.7853981633974483,-1.4174076140181693,-1,1,-1
2,851,1.5707963267948966,0.7853981633974483,-2.436367569591291,-1,1,-1
2,852,1.5707963267948966,0.7853981633974483,-1.870398378177376,-1,1,-1
2,853,1.5707963267948966,0.7853981633974483,2.128579788137536,-1,1,-1
2,854,1.5707963267948966,0.7853981633974483,2.315742498488678,1,-1,-1
2,855,1.5707963267948966,0.7853981633974483,-1.89715693350338,-1,1,-1
2,856,1.5707963267948966,0.7853981633974483,0.9253432176606857,1,-1,-1
2,857,1.5707963267948966,0.7853981633974483,-2.9602894130431485,1,-1,-1
2,858,1.5707963267948966,0.7853981633974483,-2.722535453800579,-1,1,-1
2,859,1.5707963267948966,0.7853981633974483,-0.13464248074960938,1,-1,-1
2,860,1.5707963267948966,0.7853981633974483,2.4615581319482676,-1,1,-1
2,861,1.5707963267948966,0.7853981633974483,1.6653908388175758,-1,1,-1
2,862,1.5707963267948966,0.7853981633974483,-1.3736021445060913,-1,1,-1
2,863,1.5707963267948966,0.7853981633974483,-0.11569672961565969,-1,1,-1
2,864,1.5707963267948966,0.7853981633974483,-0.33969438445415845,-1,1,-1
2,865,1.5707963267948966,0.7853981633974483,-0.35769691572322726,1,-1,-1
2,866,1.5707963267948966,0.7853981633974483,0.8991076335664774,-1,1,-1
2,867,1.5707963267948966,0.7853981633974483,0.998050501059426,1,-1,-1
2,868,1.5707963267948966,0.7853981633974483,-1.8332625054180383,1,-1,-1
2,869,1.5707963267948966,0.7853981633974483,1.5230291118433117,1,-1,-1
2,870,1.5707963267948966,0.7853981633974483,-0.3532285060804057,1,-1,-1
2,871,1.5707963267948966,0.7853981633974483,-0.17891381282407215,-1,1,-1
2,872,1.5707963267948966,0.7853981633974483,1.2665347918955092,-1,-1,1
2,873,1.5707963267948966,0.7853981633974483,-2.289280904810969,-1,1,-1
2,874,1.5707963267948966,0.7853981633974483,0.33213774386821315,1,-1,-1
2,875,1.5707963267948966,0.7853981633974483,0.4220766468473931,1,1,1
2,876,1.5707963267948966,0.7853981633974483,-0.06927703528679263,-1,1,-1
2,877,1.5707963267948966,0.7853981633974483,-2.1243461484096042,1,-1,-1
2,878,1.5707963267948966,0.7853981633974483,1.1074854856497618,1,-1,-1
2,879,1.5707963267948966,0.7853981633974483,2.900575006870339,-1,1,-1
2,880,1.5707963267948966,0.7853981633974483,-0.3050305688586694,-1,1,-1
2,881,1.5707963267948966,0.7853981633974483,-2.310263903181277,1,-1,-1
2,882,1.5707963267948966,0.7853981633974483,0.6119619000026999,1,1,1
2,883,1.5707963267948966,0.7853981633974483,-0.39617488797649525,1,-1,-1
2,884,1.5707963267948966,0.7853981633974483,1.3858207629402326,-1,1,-1
2,885,1.5707963267948966,0.7853981633974483,-2.678373275572665,1,-1,-1
2,886,1.5707963267948966,0.7853981633974483,2.0583212450630803,-1,-1,1
2,887,1.5707963267948966,0.7853981633974483,-0.08755688008204343,1,-1,-1
2,888,1.5707963267948966,0.7853981633974483,-1.690071346195866,1,-1,-1
2,889,1.5707963267948966,0.7853981633974483,-1.0926245307792612,1,-1,-1
2,890,1.5707963267948966,0.7853981633974483,-2.8073810956416843,-1,1,-1
2,891,1.5707963267948966,0.7853981633974483,0.10427942802972501,-1,1,-1
2,892,1.5707963267948966,0.7853981633974483,-2.744413828789009,-1,1,-1
2,893,1.5707963267948966,0.7853981633974483,-1.3883356274080811,-1,1,-1
2,894,1.5707963267948966,0.7853981633974483,1.7591394182261082,-1,-1,1
2,895,1.5707963267948966,0.7853981633974483,-2.204220403548255,-1,-1,1
2,896,1.5707963267948966,0.7853981633974483,-2.7723034044780595,1,-1,-1
2,897,1.5707963267948966,0.7853981633974483,2.091567103210677,-1,1,-1
2,898,1.5707963267948966,0.7853981633974483,-2.4624299928557947,-1,1,-1
2,899,1.5707963267948966,0.7853981633974483,2.3359674800715036,1,1,1
2,900,1.5707963267948966,0.7853981633974483,2.164193870029627,1,1,1
2,901,1.5707963267948966,0.7853981633974483,-1.5095128769008292,1,-1,-1
2,902,1.5707963267948966,0.7853981633974483,2.2826641811552806,-1,1,-1
2,903,1.5707963267948966,0.7853981633974483,-1.2863924416195247,1,-1,-1
2,904,1.5707963267948966,0.7853981633974483,-0.6272136818840539,1,1,1
2,905,1.5707963267948966,0.7853981633974483,-0.03708263933060829,-1,1,-1
2,906,1.5707963267948966,0.7853981633974483,1.6551888377084092,-1,1,-1
2,907,1.5707963267948966,0.7853981633974483,1.4320144285163297,-1,1,-1
2,908,1.5707963267948966,0.7853981633974483,-2.2708713378320007,-1,1,-1
2,909,1.5707963267948966,0.7853981633974483,-0.2765646773755912,-1,1,-1
2,910,1.5707963267948966,0.7853981633974483,1.5569479582718513,1,1,1
2,911,1.5707963267948966,0.7853981633974483,-1.8708816322145054,1,1,1
2,912,1.5707963267948966,0.7853981633974483,0.16123305236801722,1,1,1
2,913,1.5707963267948966,0.7853981633974483,-0.5542463450943709,-1,1,-1
2,914,1.5707963267948966,0.7853981633974483,-1.2889956288532816,-1,-1,1
2,915,1.5707963267948966,0.7853981633974483,2.6720985579632393,-1,1,-1
2,916,1.5707963267948966,0.7853981633974483,-2.2068081327501563,-1,1,-1
2,917,1.5707963267948966,0.7853981633974483,0.37974811058372815,1,-1,-1
2,918,1.5707963267948966,0.7853981633974483,0.19353195267390966,1,-1,-1
2,919,1.5707963267948966,0.7853981633974483,0.9254805660607408,-1,1,-1
2,920,1.5707963267948966,0.7853981633974483,2.0053362364261895,-1,1,-1
2,921,1.5707963267948966,0.7853981633974483,2.7411991930638715,-1,1,-1
2,922,1.5707963267948966,0.7853981633974483,3.0617314354619936,1,-1,-1
2,923,1.5707963267948966,0.7853981633974483,1.0068770341599675,1,-1,-1
2,924,1.5707963267948966,0.7853981633974483,-1.9604378496000832,1,-1,-1
2,925,1.5707963267948966,0.7853981633974483,-1.5420689317650627,-1,1,-1
2,926,1.5707963267948966,0.7853981633974483,1.4206812264620856,-1,-1,1
2,927,1.5707963267948966,0.7853981633974483,-2.174503905470915,-1,1,-1
2,928,1.5707963267948966,0.7853981633974483,-2.0147982878359976,1,-1,-1
2,929,1.5707963267948966,0.7853981633974483,1.6405110035076325,1,-1,-1
2,930,1.5707963267948966,0.7853981633974483,-2.098383880619491,1,-1,-1
2,931,1.5707963267948966,0.7853981633974483,1.9257710695847239,-1,-1,1
2,932,1.5707963267948966,0.7853981633974483,-2.307295218762712,-1,1,-1
2,933,1.5707963267948966,0.7853981633974483,0.5607827267743808,1,-1,-1
2,934,1.5707963267948966,0.7853981633974483,-2.1405663179686476,1,1,1
2,935,1.5707963267948966,0.7853981633974483,2.046108901178652,-1,1,-1
2,936,1.5707963267948966,0.7853981633974483,-1.0641981001330683,1,-1,-1
2,937,1.5707963267948966,0.7853981633974483,-1.4450725320299997,-1,1,-1
2,938,1.5707963267948966,0.7853981633974483,1.6668515312510017,-1,1,-1
2,939,1.5707963267948966,0.7853981633974483,1.2935274682577393,1,-1,-1
2,940,1.5707963267948966,0.7853981633974483,-1.4629706902750554,-1,1,-1
2,941,1.5707963267948966,0.7853981633974483,0.41022848724965133,-1,1,-1
2,942,1.5707963267948966,0.7853981633974483,-1.4136460130151558,-1,1,-1
2,943,1.5707963267948966,0.7853981633974483,3.0007113287101266,1,-1,-1
2,944,1.5707963267948966,0.7853981633974483,0.8901996936305716,-1,1,-1
2,945,1.5707963267948966,0.7853981633974483,-2.2137974865881542,-1,1,-1
2,946,1.5707963267948966,0.7853981633974483,1.8337246277626846,1,-1,-1
2,947,1.5707963267948966,0.7853981633974483,0.12539792676797523,1,-1,-1
2,948,1.5707963267948966,0.7853981633974483,2.303873383229111,-1,1,-1
2,949,1.5707963267948966,0.7853981633974483,2.5603908248851637,1,-1,-1
2,950,1.5707963267948966,0.7853981633974483,2.974237527797488,-1,1,-1
2,951,1.5707963267948966,0.7853981633974483,-2.356316306714601,1,1,1
2,952,1.5707963267948966,0.7853981633974483,0.6287690464925078,-1,1,-1
2,953,1.5707963267948966,0.7853981633974483,-2.4441999901347184,-1,1,-1
2,954,1.5707963267948966,0.7853981633974483,1.0345829082439089,-1,1,-1
2,955,1.5707963267948966,0.7853981633974483,1.8383660227733802,-1,1,-1
2,956,1.5707963267948966,0.7853981633974483,2.531179892402408,-1,1,-1
2,957,1.5707963267948966,0.7853981633974483,1.1825866272688943,-1,1,-1
2,958,1.5707963267948966,0.7853981633974483,-1.4892771717802693,1,-1,-1
2,959,1.5707963267948966,0.7853981633974483,0.7522364314326166,-1,1,-1
2,960,1.5707963267948966,0.7853981633974483,3.0140243940916926,1,-1,-1
2,961,1.5707963267948966,0.7853981633974483,2.817823388070357,-1,1,-1
2,962,1.5707963267948966,0.7853981633974483,-2.390348642361894,-1,1,-1
2,963,1.5707963267948966,0.7853981633974483,2.6789848849360407,-1,1,-1
2,964,1.5707963267948966,0.7853981633974483,-0.9974991882665809,1,-1,-1
2,965,1.5707963267948966,0.7853981633974483,-0.9810910295312962,1,-1,-1
2,966,1.5707963267948966,0.7853981633974483,0.8606039061647657,-1,1,-1
2,967,1.5707963267948966,0.7853981633974483,0.10003316033963827,1,-1,-1
2,968,1.5707963267948966,0.7853981633974483,-1.7701750301996566,1,-1,-1
2,969,1.5707963267948966,0.7853981633974483,-1.3137238607628359,1,-1,-1
2,970,1.5707963267948966,0.7853981633974483,0.9030579666096852,1,-1,-1
2,971,1.5707963267948966,0.7853981633974483,1.5594581457183114,-1,1,-1
2,972,1.5707963267948966,0.7853981633974483,0.8318492101875208,-1,1,-1
2,973,1.5707963267948966,0.7853981633974483,0.06386286416067755,1,1,1
2,974,1.5707963267948966,0.7853981633974483,-3.034714567427535,-1,1,-1
2,975,1.5707963267948966,0.7853981633974483,2.8745939445439888,1,-1,-1
2,976,1.5707963267948966,0.7853981633974483,0.09888570512342998,-1,-1,1
2,977,1.5707963267948966,0.7853981633974483,3.114609563409786,-1,1,-1
2,978,1.5707963267948966,0.7853981633974483,-2.2558256502859315,1,-1,-1
2,979,1.5707963267948966,0.7853981633974483,-0.5770891880704014,-1,-1,1
2,980,1.5707963267948966,0.7853981633974483,2.6834739595208976,1,-1,-1
2,981,1.5707963267948966,0.7853981633974483,-3.127983372459797,-1,1,-1
2,982,1.5707963267948966,0.7853981633974483,2.471776091497947,1,-1,-1
2,983,1.5707963267948966,0.7853981633974483,-1.2014992206518833,-1,1,-1
2,984,1.5707963267948966,0.7853981633974483,2.2822445923777783,-1,-1,1
2,985,1.5707963267948966,0.7853981633974483,0.48508355039069917,-1,1,-1
2,986,1.5707963267948966,0.7853981633974483,0.1357683204969371,-1,1,-1
2,987,1.5707963267948966,0.7853981633974483,1.7531464602998046,-1,1,-1
2,988,1.5707963267948966,0.7853981633974483,0.9924121861088526,-1,1,-1
2,989,1.5707963267948966,0.7853981633974483,2.660551591310095,-1,1,-1
2,990,1.5707963267948966,0.7853981633974483,-1.0875648476575037,1,-1,-1
2,991,1.5707963267948966,0.7853981633974483,1.3046800564555916,1,-1,-1
2,992,1.5707963267948966,0.7853981633974483,-2.0019629628163766,-1,1,-1
2,993,1.5707963267948966,0.7853981633974483,0.3393076669920201,1,-1,-1
2,994,1.5707963267948966,0.7853981633974483,0.5570728826555573,-1,1,-1
2,995,1.5707963267948966,0.7853981633974483,-2.282312735584824,1,-1,-1
2,996,1.5707963267948966,0.7853981633974483,-0.9451241726826951,1,-1,-1
2,997,1.5707963267948966,0.7853981633974483,-3.007676640856754,1,1,1
2,998,1.5707963267948966,0.7853981633974483,1.8983170275050556,-1,1,-1
2,999,1.5707963267948966,0.7853981633974483,2.17623058667316,1,-1,-1
3,0,1.5707963267948966,-0.7853981633974483,1.6473455703638482,-1,-1,1
3,1,1.5707963267948966,-0.7853981633974483,-1.4568696227428315,-1,-1,1
3,2,1.5707963267948966,-0.7853981633974483,0.6541579623663809,-1,-1,1
3,3,1.5707963267948966,-0.7853981633974483,-1.9445241017942343,-1,-1,1
3,4,1.5707963267948966,-0.7853981633974483,-0.7333676219468881,-1,-1,1
3,5,1.5707963267948966,-0.7853981633974483,-0.760427135783222,1,-1,-1
3,6,1.5707963267948966,-0.7853981633974483,0.06644786897327126,1,1,1
3,7,1.5707963267948966,-0.7853981633974483,-0.7258073167369061,-1,1,-1
3,8,1.5707963267948966,-0.7853981633974483,3.052728385311543,1,-1,-1
3,9,1.5707963267948966,-0.7853981633974483,-2.612115988531434,1,1,1
3,10,1.5707963267948966,-0.7853981633974483,-0.5483352551947562,1,1,1
3,11,1.5707963267948966,-0.7853981633974483,1.824277844177347,-1,-1,1
3,12,1.5707963267948966,-0.7853981633974483,2.529092411650379,1,1,1
3,13,1.5707963267948966,-0.7853981633974483,-2.327151913533133,1,1,1
3,14,1.5707963267948966,-0.7853981633974483,2.9300517233993517,-1,-1,1
3,15,1.5707963267948966,-0.7853981633974483,-1.1263194030015402,-1,-1,1
3,16,1.5707963267948966,-0.7853981633974483,-1.2344606178992983,1,-1,-1
3,17,1.5707963267948966,-0.7853981633974483,3.055141455167985,-1,-1,1
3,18,1.5707963267948966,-0.7853981633974483,2.931286588967427,-1,-1,1
3,19,1.5707963267948966,-0.7853981633974483,0.5712766948985708,-1,-1,1
3,20,1.5707963267948966,-0.7853981633974483,-1.4361652395406381,1,1,1
3,21,1.5707963267948966,-0.7853981633974483,-2.8715669129795014,1,1,1
3,22,1.5707963267948966,-0.7853981633974483,1.821835726235424,-1,-1,1
3,23,1.5707963267948966,-0.7853981633974483,1.1969253234845354,1,1,1
3,24,1.5707963267948966,-0.7853981633974483,1.005801059368049,1,1,1
3,25,1.5707963267948966,-0.7853981633974483,3.094919036317588,1,1,1
3,26,1.5707963267948966,-0.7853981633974483,-1.0020143902641885,1,1,1
3,27,1.5707963267948966,-0.7853981633974483,2.661476419083346,1,1,1
3,28,1.5707963267948966,-0.7853981633974483,2.503363631986578,1,1,1
3,29,1.5707963267948966,-0.7853981633974483,0.8713856177386496,-1,-1,1
3,30,1.5707963267948966,-0.7853981633974483,0.8691580934357264,1,1,1
3,31,1.5707963267948966,-0.7853981633974483,-0.8852454288203213,1,-1,-1
3,32,1.5707963267948966,-0.7853981633974483,2.917571753042462,1,1,1
3,33,1.5707963267948966,-0.7853981633974483,-1.8311003694951415,1,1,1
3,34,1.5707963267948966,-0.7853981633974483,3.088779881248038,-1,-1,1
3,35,1.5707963267948966,-0.7853981633974483,-0.08630845836024248,-1,-1,1
3,36,1.5707963267948966,-0.7853981633974483,2.7604142967870704,1,1,1
3,37,1.5707963267948966,-0.7853981633974483,1.3659589609535434,1,-1,-1
3,38,1.5707963267948966,-0.7853981633974483,1.2223854227969522,-1,-1,1
3,39,1.5707963267948966,-0.7853981633974483,-2.749402148353479,1,-1,-1
3,40,1.5707963267948966,-0.7853981633974483,-0.36808614879647994,1,1,1
3,41,1.5707963267948966,-0.7853981633974483,-1.6979764203804526,1,1,1
3,42,1.5707963267948966,-0.7853981633974483,-2.831217448107083,-1,1,-1
3,43,1.5707963267948966,-0.7853981633974483,2.906830072413096,1,1,1
3,44,1.5707963267948966,-0.7853981633974483,1.474749489679974,-1,-1,1
3,45,1.5707963267948966,-0.7853981633974483,2.176293331468843,-1,-1,1
3,46,1.5707963267948966,-0.7853981633974483,2.395141044691326,1,1,1
3,47,1.5707963267948966,-0.7853981633974483,-2.3635070413195196,-1,-1,1
3,48,1.5707963267948966,-0.7853981633974483,-3.0742893927787436,-1,-1,1
3,49,1.5707963267948966,-0.7853981633974483,0.9876690909275929,-1,1,-1
3,50,1.5707963267948966,-0.7853981633974483,1.7072212396120747,-1,-1,1
3,51,1.5707963267948966,-0.7853981633974483,0.6410944680839252,-1,-1,1
3,52,1.5707963267948966,-0.7853981633974483,-0.16706844057618753,1,1,1
3,53,1.5707963267948966,-0.7853981633974483,-2.7540219591109576,-1,-1,1
3,54,1.5707963267948966,-0.7853981633974483,-0.9322082590231826,-1,-1,1
3,55,1.5707963267948966,-0.7853981633974483,2.515505432379686,1,1,1
3,56,1.5707963267948966,-0.7853981633974483,1.1230783254920098,1,-1,-1
3,57,1.5707963267948966,-0.7853981633974483,2.5668999013432536,1,1,1
3,58,1.5707963267948966,-0.7853981633974483,0.1588462820955301,1,1,1
3,59,1.5707963267948966,-0.7853981633974483,0.5387821781038293,1,1,1
3,60,1.5707963267948966,-0.7853981633974483,3.093351278151923,1,1,1
3,61,1.5707963267948966,-0.7853981633974483,0.4230800549566651,-1,-1,1
3,62,1.5707963267948966,-0.7853981633974483,-2.9313650124427055,-1,1,-1
3,63,1.5707963267948966,-0.7853981633974483,0.8400462181061865,-1,-1,1
3,64,1.5707963267948966,-0.7853981633974483,-1.2063608705044877,-1,-1,1
3,65,1.5707963267948966,-0.7853981633974483,0.8677173444444337,-1,-1,1
3,66,1.5707963267948966,-0.7853981633974483,-0.9929452351673578,1,1,1
3,67,1.5707963267948966,-0.7853981633974483,-0.9881646394180921,1,1,1
3,68,1.5707963267948966,-0.7853981633974483,-2.08587279820917,-1,-1,1
3,69,1.5707963267948966,-0.7853981633974483,1.227793314553982,1,1,1
3,70,1.5707963267948966,-0.7853981633974483,-3.1061589652849833,1,1,1
3,71,1.5707963267948966,-0.7853981633974483,-2.636572971246496,-1,-1,1
3,72,1.5707963267948966,-0.7853981633974483,-2.0339982355192037,-1,-1,1
3,73,1.5707963267948966,-0.7853981633974483,-0.4681803459145,-1,-1,1
3,74,1.5707963267948966,-0.7853981633974483,-1.9265192494014227,-1,-1,1
3,75,1.5707963267948966,-0.7853981633974483,1.9776722340251345,1,1,1
3,76,1.5707963267948966,-0.7853981633974483,2.8335181336344677,1,1,1
3,77,1.5707963267948966,-0.7853981633974483,0.43226207237853087,-1,-1,1
3,78,1.5707963267948966,-0.7853981633974483,-0.4646337325067482,1,1,1
3,79,1.5707963267948966,-0.7853981633974483,-3.0763816569269014,1,-1,-1
3,80,1.5707963267948966,-0.7853981633974483,-1.499307159474779,1,1,1
3,81,1.5707963267948966,-0.7853981633974483,-1.6483992178677631,1,1,1
3,82,1.5707963267948966,-0.7853981633974483,-0.4248873197499705,-1,-1,1
3,83,1.5707963267948966,-0.7853981633974483,1.3383447199986103,-1,-1,1
3,84,1.5707963267948966,-0.7853981633974483,0.2755174815668937,1,1,1
3,85,1.5707963267948966,-0.7853981633974483,-2.268472890088657,-1,-1,1
3,86,1.5707963267948966,-0.7853981633974483,-2.347053213163981,-1,1,-1
3,87,1.5707963267948966,-0.7853981633974483,1.7853067968444591,1,1,1
3,88,1.5707963267948966,-0.7853981633974483,2.6617306813220667,1,-1,-1
3,89,1.5707963267948966,-0.7853981633974483,-2.1530184077123007,-1,-1,1
3,90,1.5707963267948966,-0.7853981633974483,-1.8917188067092356,-1,-1,1
3,91,1.5707963267948966,-0.7853981633974483,-1.0397036925357437,-1,-1,1
3,92,1.5707963267948966,-0.7853981633974483,0.8290694792548137,1,1,1
3,93,1.5707963267948966,-0.7853981633974483,-2.2365745712217624,-1,-1,1
3,94,1.5707963267948966,-0.7853981633974483,0.7440933381557682,1,-1,-1
3,95,1.5707963267948966,-0.7853981633974483,2.5145413728581385,1,1,1
3,96,1.5707963267948966,-0.7853981633974483,-2.416509144374771,1,1,1
3,97,1.5707963267948966,-0.7853981633974483,2.307606894638827,-1,-1,1
3,98,1.5707963267948966,-0.7853981633974483,2.864666259509672,1,1,1
3,99,1.5707963267948966,-0.7853981633974483,2.3382042638570715,1,1,1
3,100,1.5707963267948966,-0.7853981633974483,-2.180492316484788,1,1,1
3,101,1.5707963267948966,-0.7853981633974483,1.1251517507363635,-1,1,-1
3,102,1.5707963267948966,-0.7853981633974483,1.6934336744262595,1,1,1
3,103,1.5707963267948966,-0.7853981633974483,2.4211538290725754,1,1,1
3,104,1.5707963267948966,-0.7853981633974483,-1.6190394173892375,-1,1,-1
3,105,1.5707963267948966,-0.7853981633974483,-2.076721168593515,1,1,1
3,106,1.5707963267948966,-0.7853981633974483,-2.1531446502308973,1,1,1
3,107,1.5707963267948966,-0.7853981633974483,1.0721812730434186,-1,-1,1
3,108,1.5707963267948966,-0.7853981633974483,0.0050630022111795014,-1,-1,1
3,109,1.5707963267948966,-0.7853981633974483,-0.03900392636820538,-1,1,-1
3,110,1.5707963267948966,-0.7853981633974483,0.22017338192374236,-1,1,-1
3,111,1.5707963267948966,-0.7853981633974483,2.225643549767792,1,1,1
3,112,1.5707963267948966,-0.7853981633974483,1.6482521859701222,1,1,1
3,113,1.5707963267948966,-0.7853981633974483,-0.9472247734734509,-1,-1,1
3,114,1.5707963267948966,-0.7853981633974483,-0.6146525071513218,1,1,1
3,115,1.5707963267948966,-0.7853981633974483,1.2819418307082406,-1,-1,1
3,116,1.5707963267948966,-0.7853981633974483,0.0024993151918368817,1,1,1
3,117,1.5707963267948966,-0.7853981633974483,-1.5547290404036003,-1,-1,1
3,118,1.5707963267948966,-0.7853981633974483,0.7464171471973415,1,1,1
3,119,1.5707963267948966,-0.7853981633974483,-2.7533262496822664,-1,-1,1
3,120,1.5707963267948966,-0.7853981633974483,2.0541769315715994,-1,-1,1
3,121,1.5707963267948966,-0.7853981633974483,1.3419603700530462,-1,-1,1
3,122,1.5707963267948966,-0.7853981633974483,-2.934330539035237,1,-1,-1
3,123,1.5707963267948966,-0.7853981633974483,-3.022471441024743,-1,1,-1
3,124,1.5707963267948966,-0.7853981633974483,0.9880438444440873,-1,-1,1
3,125,1.5707963267948966,-0.7853981633974483,1.8136482804916492,1,-1,-1
3,126,1.5707963267948966,-0.7853981633974483,1.5439065532076484,-1,-1,1
3,127,1.5707963267948966,-0.7853981633974483,1.1101162531979822,-1,-1,1
3,128,1.5707963267948966,-0.7853981633974483,-0.6588253481497319,1,-1,-1
3,129,1.5707963267948966,-0.7853981633974483,-1.1504192884553315,-1,-1,1
3,130,1.5707963267948966,-0.7853981633974483,-0.41842557428553384,1,1,1
3,131,1.5707963267948966,-0.7853981633974483,-1.6392754333139121,1,1,1
3,132,1.5707963267948966,-0.7853981633974483,-0.0707015851896684,-1,-1,1
3,133,1.5707963267948966,-0.7853981633974483,2.0814860179726136,1,1,1
3,134,1.5707963267948966,-0.7853981633974483,1.6130089357927613,1,1,1
3,135,1.5707963267948966,-0.7853981633974483,2.8591501515448163,1,1,1
3,136,1.5707963267948966,-0.7853981633974483,1.49087892712451,1,1,1
3,137,1.5707963267948966,-0.7853981633974483,-0.8503406953612958,-1,-1,1
3,138,1.5707963267948966,-0.7853981633974483,-0.13664197158756597,1,1,1
3,139,1.5707963267948966,-0.7853981633974483,-1.9244702377647758,1,1,1
3,140,1.5707963267948966,-0.7853981633974483,2.668108607612818,1,1,1
3,141,1.5707963267948966,-0.7853981633974483,0.6178784377344093,1,1,1
3,142,1.5707963267948966,-0.7853981633974483,-1.623189421730426,-1,-1,1
3,143,1.5707963267948966,-0.7853981633974483,2.948641938915552,1,1,1
3,144,1.5707963267948966,-0.7853981633974483,1.023382351882324,1,-1,-1
3,145,1.5707963267948966,-0.7853981633974483,-0.09678690909380983,-1,-1,1
3,146,1.5707963267948966,-0.7853981633974483,-3.085145722092974,-1,-1,1
3,147,1.5707963267948966,-0.7853981633974483,-2.1258411947241767,1,1,1
3,148,1.5707963267948966,-0.7853981633974483,1.5994878930573595,-1,-1,1
3,149,1.5707963267948966,-0.7853981633974483,2.7224870239547334,-1,-1,1
3,150,1.5707963267948966,-0.7853981633974483,0.9691938027001266,1,-1,-1
3,151,1.5707963267948966,-0.7853981633974483,-1.6014573306104527,-1,-1,1
3,152,1.5707963267948966,-0.7853981633974483,-3.123365757364466,-1,-1,1
3,153,1.5707963267948966,-0.7853981633974483,-2.1670501934639894,-1,-1,1
3,154,1.5707963267948966,-0.7853981633974483,2.1505863070309976,1,1,1
3,155,1.5707963267948966,-0.7853981633974483,-2.5576559005649484,1,1,1
3,156,1.5707963267948966,-0.7853981633974483,-3.0694206202603267,-1,-1,1
3,157,1.5707963267948966,-0.7853981633974483,-1.8931258721535664,1,-1,-1
3,158,1.5707963267948966,-0.7853981633974483,2.5207356682302713,-1,-1,1
3,159,1.5707963267948966,-0.7853981633974483,-1.3083999860072606,-1,-1,1
3,160,1.5707963267948966,-0.7853981633974483,-2.4276365888883396,-1,-1,1
3,161,1.5707963267948966,-0.7853981633974483,2.483433917008565,-1,-1,1
3,162,1.5707963267948966,-0.7853981633974483,2.032595613074305,-1,-1,1
3,163,1.5707963267948966,-0.7853981633974483,1.9199655026205935,-1,-1,1
3,164,1.5707963267948966,-0.7853981633974483,-0.6941466198676127,-1,-1,1
3,165,1.5707963267948966,-0.7853981633974483,-0.3703525594740076,-1,-1,1
3,166,1.5707963267948966,-0.7853981633974483,1.116917252194427,1,1,1
3,167,1.5707963267948966,-0.7853981633974483,-1.1356223854951808,1,1,1
3,168,1.5707963267948966,-0.7853981633974483,-0.06181963609044372,-1,-1,1
3,169,1.5707963267948966,-0.7853981633974483,2.0357658633549427,1,1,1
3,170,1.5707963267948966,-0.7853981633974483,-2.7321170841065507,1,-1,-1
3,171,1.5707963267948966,-0.7853981633974483,0.16129326150601697,1,1,1
3,172,1.5707963267948966,-0.7853981633974483,-1.7827671110976464,-1,-1,1
3,173,1.5707963267948966,-0.7853981633974483,3.0955444895883373,-1,-1,1
3,174,1.5707963267948966,-0.7853981633974483,0.899946724271687,-1,1,-1
3,175,1.5707963267948966,-0.7853981633974483,1.9589963869419877,1,1,1
3,176,1.5707963267948966,-0.7853981633974483,-2.607271692806674,-1,-1,1
3,177,1.5707963267948966,-0.7853981633974483,1.0353553076229698,1,1,1
3,178,1.5707963267948966,-0.7853981633974483,-1.1859186914671072,-1,-1,1
3,179,1.5707963267948966,-0.7853981633974483,0.21555121267816624,1,1,1
3,180,1.5707963267948966,-0.7853981633974483,-2.239165977514705,-1,-1,1
3,181,1.5707963267948966,-0.7853981633974483,1.259704123559989,-1,-1,1
3,182,1.5707963267948966,-0.7853981633974483,2.9009681063985004,-1,-1,1
3,183,1.5707963267948966,-0.7853981633974483,0.033846565787233995,-1,-1,1
3,184,1.5707963267948966,-0.7853981633974483,-1.986752632968118,-1,-1,1
3,185,1.5707963267948966,-0.7853981633974483,2.1540755879270552,1,1,1
3,186,1.5707963267948966,-0.7853981633974483,1.380365841096956,-1,-1,1
3,187,1.5707963267948966,-0.7853981633974483,0.5567051090203554,-1,-1,1
3,188,1.5707963267948966,-0.7853981633974483,-0.9852419115924533,1,1,1
3,189,1.5707963267948966,-0.7853981633974483,-2.3196059083234903,-1,-1,1
3,190,1.5707963267948966,-0.7853981633974483,-0.060029700011990705,-1,-1,1
3,191,1.5707963267948966,-0.7853981633974483,1.0115558579468065,1,1,1
3,192,1.5707963267948966,-0.7853981633974483,1.4714590023328915,1,1,1
3,193,1.5707963267948966,-0.7853981633974483,2.8954281885944306,-1,-1,1
3,194,1.5707963267948966,-0.7853981633974483,-1.8521154579959644,1,1,1
3,195,1.5707963267948966,-0.7853981633974483,-2.15010308875564,1,1,1
3,196,1.5707963267948966,-0.7853981633974483,-0.6059945519274712,-1,-1,1
3,197,1.5707963267948966,-0.7853981633974483,-0.3277779187598706,-1,1,-1
3,198,1.5707963267948966,-0.7853981633974483,-0.3846428156527386,-1,-1,1
3,199,1.5707963267948966,-0.7853981633974483,3.0769821728717694,-1,-1,1
3,200,1.5707963267948966,-0.7853981633974483,2.0845459800449495,1,1,1
3,201,1.5707963267948966,-0.7853981633974483,-2.9420152642208692,-1,-1,1
3,202,1.5707963267948966,-0.7853981633974483,0.8927973828868971,-1,-1,1
3,203,1.5707963267948966,-0.7853981633974483,2.7377464300226553,-1,-1,1
3,204,1.5707963267948966,-0.7853981633974483,-2.0443764471100354,1,-1,-1
3,205,1.5707963267948966,-0.7853981633974483,-3.036735254390434,1,-1,-1
3,206,1.5707963267948966,-0.7853981633974483,1.1924660531332307,1,1,1
3,207,1.5707963267948966,-0.7853981633974483,-2.481455980525809,1,1,1
3,208,1.5707963267948966,-0.7853981633974483,3.0841018750851807,1,1,1
3,209,1.5707963267948966,-0.7853981633974483,0.6386144818203965,-1,-1,1
3,210,1.5707963267948966,-0.7853981633974483,-3.0535684889728523,1,-1,-1
3,211,1.5707963267948966,-0.7853981633974483,-1.8745187522259041,-1,-1,1
3,212,1.5707963267948966,-0.7853981633974483,-2.533608849753934,-1,-1,1
3,213,1.5707963267948966,-0.7853981633974483,1.4036018518147815,1,1,1
3,214,1.5707963267948966,-0.7853981633974483,1.9706306560651505,1,1,1
3,215,1.5707963267948966,-0.7853981633974483,-0.6749706719603745,-1,1,-1
3,216,1.5707963267948966,-0.7853981633974483,0.6803046029451125,-1,-1,1
3,217,1.5707963267948966,-0.7853981633974483,2.617441031963361,-1,-1,1
3,218,1.5707963267948966,-0.7853981633974483,-1.9030548093810622,1,1,1
3,219,1.5707963267948966,-0.7853981633974483,-2.3037923168207257,-1,-1,1
3,220,1.5707963267948966,-0.7853981633974483,-1.9754317218148056,1,1,1
3,221,1.5707963267948966,-0.7853981633974483,1.6208721158017356,-1,-1,1
3,222,1.5707963267948966,-0.7853981633974483,-3.103663464687274,1,1,1
3,223,1.5707963267948966,-0.7853981633974483,-1.7517739251665554,-1,-1,1
3,224,1.5707963267948966,-0.7853981633974483,-2.1128849444571904,1,1,1
3,225,1.5707963267948966,-0.7853981633974483,-0.21947811744194068,-1,-1,1
3,226,1.5707963267948966,-0.7853981633974483,-2.1455424048785368,1,1,1
3,227,1.5707963267948966,-0.7853981633974483,-1.2533912024110345,1,1,1
3,228,1.5707963267948966,-0.7853981633974483,-0.13321775237820166,1,1,1
3,229,1.5707963267948966,-0.7853981633974483,2.6011697073245044,1,1,1
3,230,1.5707963267948966,-0.7853981633974483,0.6456127504602587,-1,-1,1
3,231,1.5707963267948966,-0.7853981633974483,-1.0094610860072737,-1,-1,1
3,232,1.5707963267948966,-0.7853981633974483,-2.963975231004577,-1,-1,1
3,233,1.5707963267948966,-0.7853981633974483,2.1535023373362563,-1,-1,1
3,234,1.5707963267948966,-0.7853981633974483,-2.8952337402775634,-1,-1,1
3,235,1.5707963267948966,-0.7853981633974483,-0.22352161559286277,-1,-1,1
3,236,1.5707963267948966,-0.7853981633974483,-2.219634269257132,1,-1,-1
3,237,1.5707963267948966,-0.7853981633974483,2.5701247034923114,-1,1,-1
3,238,1.5707963267948966,-0.7853981633974483,-0.011646047588503627,1,1,1
3,239,1.5707963267948966,-0.7853981633974483,1.8406799240210487,-1,-1,1
3,240,1.5707963267948966,-0.7853981633974483,-2.5489957998155908,-1,-1,1
3,241,1.5707963267948966,-0.7853981633974483,-1.558476175377038,-1,-1,1
3,242,1.5707963267948966,-0.7853981633974483,-2.157947585522332,1,-1,-1
3,243,1.5707963267948966,-0.7853981633974483,-2.8703512325386944,1,-1,-1
3,244,1.5707963267948966,-0.7853981633974483,1.2455682673254715,1,1,1
3,245,1.5707963267948966,-0.7853981633974483,-3.068905419337748,-1,-1,1
3,246,1.5707963267948966,-0.7853981633974483,-1.8547165633876435,1,1,1
3,247,1.5707963267948966,-0.7853981633974483,0.17394337997598797,-1,-1,1
3,248,1.5707963267948966,-0.7853981633974483,-0.2752589682145903,1,1,1
3,249,1.5707963267948966,-0.7853981633974483,-0.7042428996500858,1,1,1
3,250,1.5707963267948966,-0.7853981633974483,1.0887250601977128,-1,-1,1
3,251,1.5707963267948966,-0.7853981633974483,-3.03927704010147,-1,-1,1
3,252,1.5707963267948966,-0.7853981633974483,1.073364957545925,1,1,1
3,253,1.5707963267948966,-0.7853981633974483,2.63502954580112,-1,-1,1
3,254,1.5707963267948966,-0.7853981633974483,2.0170445425456274,1,1,1
3,255,1.5707963267948966,-0.7853981633974483,2.139544314508023,1,1,1
3,256,1.5707963267948966,-0.7853981633974483,-0.9048969185769562,1,1,1
3,257,1.5707963267948966,-0.7853981633974483,-0.3894550621269919,1,1,1
3,258,1.5707963267948966,-0.7853981633974483,-2.253360990096727,1,1,1
3,259,1.5707963267948966,-0.7853981633974483,-0.7980065710530275,1,-1,-1
3,260,1.5707963267948966,-0.7853981633974483,0.2520451919113924,1,1,1
3,261,1.5707963267948966,-0.7853981633974483,-0.174261543417646,1,1,1
3,262,1.5707963267948966,-0.7853981633974483,1.8978561076081446,-1,-1,1
3,263,1.5707963267948966,-0.7853981633974483,2.1133994708460113,-1,-1,1
3,264,1.5707963267948966,-0.7853981633974483,2.1641850514418426,-1,-1,1
3,265,1.5707963267948966,-0.7853981633974483,0.6589594556963436,1,1,1
3,266,1.5707963267948966,-0.7853981633974483,1.9836917622300092,1,1,1
3,267,1.5707963267948966,-0.7853981633974483,-1.9565926044526847,1,1,1
3,268,1.5707963267948966,-0.7853981633974483,-0.3620852167177331,-1,1,-1
3,269,1.5707963267948966,-0.7853981633974483,-2.6555851513447584,-1,-1,1
3,270,1.5707963267948966,-0.7853981633974483,-1.042606269731949,-1,1,-1
3,271,1.5707963267948966,-0.7853981633974483,-1.5557827877150703,1,1,1
3,272,1.5707963267948966,-0.7853981633974483,1.167712741597212,1,1,1
3,273,1.5707963267948966,-0.7853981633974483,0.4741424901109301,1,1,1
3,274,1.5707963267948966,-0.7853981633974483,2.998835503260331,1,-1,-1
3,275,1.5707963267948966,-0.7853981633974483,0.25121047178943545,-1,1,-1
3,276,1.5707963267948966,-0.7853981633974483,1.2404660727403662,1,1,1
3,277,1.5707963267948966,-0.7853981633974483,-3.0943925878564835,-1,-1,1
3,278,1.5707963267948966,-0.7853981633974483,-0.40066838073929834,-1,-1,1
3,279,1.5707963267948966,-0.7853981633974483,0.49890640381834217,-1,-1,1
3,280,1.5707963267948966,-0.7853981633974483,-0.03366004201933093,-1,-1,1
3,281,1.5707963267948966,-0.7853981633974483,-2.629429781434844,-1,-1,1
3,282,1.5707963267948966,-0.7853981633974483,0.3462146223202738,1,1,1
3,283,1.5707963267948966,-0.7853981633974483,-1.9429325645698783,1,1,1
3,284,1.5707963267948966,-0.7853981633974483,3.0816489782986096,1,1,1
3,285,1.5707963267948966,-0.7853981633974483,0.5830286839118024,1,1,1
3,286,1.5707963267948966,-0.7853981633974483,-2.6696622938215606,-1,-1,1
3,287,1.5707963267948966,-0.7853981633974483,2.6875702331155633,-1,-1,1
3,288,1.5707963267948966,-0.7853981633974483,-1.7417648923889553,1,1,1
3,289,1.5707963267948966,-0.7853981633974483,0.23408722794416592,-1,1,-1
3,290,1.5707963267948966,-0.7853981633974483,1.0488153924936583,-1,1,-1
3,291,1.5707963267948966,-0.7853981633974483,-1.9486412327776068,-1,1,-1
3,292,1.5707963267948966,-0.7853981633974483,-0.7567126535114741,-1,-1,1
3,293,1.5707963267948966,-0.7853981633974483,0.9627087845184903,-1,-1,1
3,294,1.5707963267948966,-0.7853981633974483,-2.5023213773507176,-1,-1,1
3,295,1.5707963267948966,-0.7853981633974483,-1.3216341483648841,1,1,1
3,296,1.5707963267948966,-0.7853981633974483,-0.3272074007115746,-1,-1,1
3,297,1.5707963267948966,-0.7853981633974483,0.9582934066385054,1,-1,-1
3,298,1.5707963267948966,-0.7853981633974483,-1.1518213639120798,-1,-1,1
3,299,1.5707963267948966,-0.7853981633974483,2.84397473305554,-1,-1,1
3,300,1.5707963267948966,-0.7853981633974483,1.2746964256535858,-1,-1,1
3,301,1.5707963267948966,-0.7853981633974483,2.5252867349251797,-1,-1,1
3,302,1.5707963267948966,-0.7853981633974483,2.776956463696602,-1,-1,1
3,303,1.5707963267948966,-0.7853981633974483,1.138531939510674,-1,-1,1
3,304,1.5707963267948966,-0.7853981633974483,-0.9819762593313257,1,1,1
3,305,1.5707963267948966,-0.7853981633974483,1.3761220541099286,1,1,1
3,306,1.5707963267948966,-0.7853981633974483,-2.97574069786298,-1,-1,1
3,307,1.5707963267948966,-0.7853981633974483,-1.2632924416957638,1,-1,-1
3,308,1.5707963267948966,-0.7853981633974483,2.537879784352902,-1,-1,1
3,309,1.5707963267948966,-0.7853981633974483,2.9512065725389327,1,-1,-1
3,310,1.5707963267948966,-0.7853981633974483,-2.783434825652719,1,1,1
3,311,1.5707963267948966,-0.7853981633974483,0.3206834060031123,1,-1,-1
3,312,1.5707963267948966,-0.7853981633974483,0.5334172805145974,1,1,1
3,313,1.5707963267948966,-0.7853981633974483,0.16321752779644472,-1,-1,1
3,314,1.5707963267948966,-0.7853981633974483,0.7833428386808396,1,1,1
3,315,1.5707963267948966,-0.7853981633974483,2.8240184499283894,1,1,1
3,316,1.5707963267948966,-0.7853981633974483,1.383661798257127,1,-1,-1
3,317,1.5707963267948966,-0.7853981633974483,-0.4940947918395233,-1,-1,1
3,318,1.5707963267948966,-0.7853981633974483,-3.0672845383271596,1,1,1
3,319,1.5707963267948966,-0.7853981633974483,1.3394878285781546,1,1,1
3,320,1.5707963267948966,-0.7853981633974483,-2.8986662096641855,-1,-1,1
3,321,1.5707963267948966,-0.7853981633974483,1.1786456612342153,1,1,1
3,322,1.5707963267948966,-0.7853981633974483,-1.4277740588383736,1,1,1
3,323,1.5707963267948966,-0.7853981633974483,1.4026530516669125,1,1,1
3,324,1.5707963267948966,-0.7853981633974483,1.5442149975815305,1,1,1
3,325,1.5707963267948966,-0.7853981633974483,-2.881617520606262,-1,-1,1
3,326,1.5707963267948966,-0.7853981633974483,-2.6737644146709374,-1,1,-1
3,327,1.5707963267948966,-0.7853981633974483,-0.8786217021684837,-1,-1,1
3,328,1.5707963267948966,-0.7853981633974483,-3.0577472873190907,1,1,1
3,329,1.5707963267948966,-0.7853981633974483,1.795809399016079,-1,-1,1
3,330,1.5707963267948966,-0.7853981633974483,1.1329081011809414,-1,-1,1
3,331,1.5707963267948966,-0.7853981633974483,0.7692897973358073,1,1,1
3,332,1.5707963267948966,-0.7853981633974483,2.5841678407643167,-1,-1,1
3,333,1.5707963267948966,-0.7853981633974483,-1.84535472182519,-1,1,-1
3,334,1.5707963267948966,-0.7853981633974483,-2.3729039794524454,-1,-1,1
3,335,1.5707963267948966,-0.7853981633974483,-0.9153647120141439,1,-1,-1
3,336,1.5707963267948966,-0.7853981633974483,1.4955994108277517,1,-1,-1
3,337,1.5707963267948966,-0.7853981633974483,1.9902169255029918,1,1,1
3,338,1.5707963267948966,-0.7853981633974483,2.9394611762620837,-1,-1,1
3,339,1.5707963267948966,-0.7853981633974483,2.6522666011477574,-1,-1,1
3,340,1.5707963267948966,-0.7853981633974483,0.2634475502252296,1,-1,-1
3,341,1.5707963267948966,-0.7853981633974483,1.5395303303677164,1,-1,-1
3,342,1.5707963267948966,-0.7853981633974483,-2.8312538760419854,1,1,1
3,343,1.5707963267948966,-0.7853981633974483,-0.6333338644927089,-1,1,-1
3,344,1.5707963267948966,-0.7853981633974483,-0.7554035460046165,-1,-1,1
3,345,1.5707963267948966,-0.7853981633974483,-0.986777403154333,1,1,1
3,346,1.5707963267948966,-0.7853981633974483,-0.6486375644910392,1,-1,-1
3,347,1.5707963267948966,-0.7853981633974483,-1.8097693146120997,-1,-1,1
3,348,1.5707963267948966,-0.7853981633974483,0.24429661130444424,-1,-1,1
3,349,1.5707963267948966,-0.7853981633974483,-1.8252368592188506,-1,-1,1
3,350,1.5707963267948966,-0.7853981633974483,-2.259809091139149,-1,-1,1
3,351,1.5707963267948966,-0.7853981633974483,-2.0807816753514423,-1,-1,1
3,352,1.5707963267948966,-0.7853981633974483,-2.393410180407768,-1,-1,1
3,353,1.5707963267948966,-0.7853981633974483,-0.1188184780023307,1,1,1
3,354,1.5707963267948966,-0.7853981633974483,2.923564807862454,1,-1,-1
3,355,1.5707963267948966,-0.7853981633974483,-2.9494898829112333,1,1,1
3,356,1.5707963267948966,-0.7853981633974483,0.47876032290058923,-1,-1,1
3,357,1.5707963267948966,-0.7853981633974483,-0.22530635096778528,-1,-1,1
3,358,1.5707963267948966,-0.7853981633974483,1.7510062796091832,1,1,1
3,359,1.5707963267948966,-0.7853981633974483,2.1680831920078623,1,1,1
3,360,1.5707963267948966,-0.7853981633974483,-2.0558680852398004,-1,-1,1
3,361,1.5707963267948966,-0.7853981633974483,-2.7907084769505848,1,1,1
3,362,1.5707963267948966,-0.7853981633974483,1.4245498331398894,1,1,1
3,363,1.5707963267948966,-0.7853981633974483,1.118538531629338,1,1,1
3,364,1.5707963267948966,-0.7853981633974483,-2.486489202817623,1,1,1
3,365,1.5707963267948966,-0.7853981633974483,1.8054291164338254,-1,-1,1
3,366,1.5707963267948966,-0.7853981633974483,3.038374876952722,1,1,1
3,367,1.5707963267948966,-0.7853981633974483,2.518749837123604,-1,-1,1
3,368,1.5707963267948966,-0.7853981633974483,0.8139570066555692,1,1,1
3,369,1.5707963267948966,-0.7853981633974483,-2.4299187422166693,1,1,1
3,370,1.5707963267948966,-0.7853981633974483,0.5206760269249466,1,1,1
3,371,1.5707963267948966,-0.7853981633974483,2.5051969603124435,1,1,1
3,372,1.5707963267948966,-0.7853981633974483,-1.6322926354779985,1,1,1
3,373,1.5707963267948966,-0.7853981633974483,-2.906369947660148,-1,1,-1
3,374,1.5707963267948966,-0.7853981633974483,2.1453704575018753,-1,-1,1
3,375,1.5707963267948966,-0.7853981633974483,0.07533799818208742,-1,-1,1
3,376,1.5707963267948966,-0.7853981633974483,0.979234852425674,1,1,1
3,377,1.5707963267948966,-0.7853981633974483,-0.671363628232803,-1,-1,1
3,378,1.5707963267948966,-0.7853981633974483,-1.9290613053771508,-1,-1,1
3,379,1.5707963267948966,-0.7853981633974483,2.297171055343962,-1,-1,1
3,380,1.5707963267948966,-0.7853981633974483,0.4538578234603574,-1,-1,1
3,381,1.5707963267948966,-0.7853981633974483,1.3450446352180059,-1,-1,1
3,382,1.5707963267948966,-0.7853981633974483,-3.1286859835149747,-1,-1,1
3,383,1.5707963267948966,-0.7853981633974483,-2.427187828022817,1,1,1
3,384,1.5707963267948966,-0.7853981633974483,3.069875967948877,-1,1,-1
3,385,1.5707963267948966,-0.7853981633974483,1.3447818194065455,-1,-1,1
3,386,1.5707963267948966,-0.7853981633974483,-0.5432078162643532,-1,-1,1
3,387,1.5707963267948966,-0.7853981633974483,-3.062975299332065,-1,1,-1
3,388,1.5707963267948966,-0.7853981633974483,2.3872006575498332,-1,-1,1
3,389,1.5707963267948966,-0.7853981633974483,-0.14997754283182063,1,1,1
3,390,1.5707963267948966,-0.7853981633974483,-1.3682049646537966,1,1,1
3,391,1.5707963267948966,-0.7853981633974483,-2.533000245299426,-1,-1,1
3,392,1.5707963267948966,-0.7853981633974483,-2.333217115680396,1,1,1
3,393,1.5707963267948966,-0.7853981633974483,-0.48622992875474624,1,1,1
3,394,1.5707963267948966,-0.7853981633974483,1.164687054704343,-1,-1,1
3,395,1.5707963267948966,-0.7853981633974483,-2.784479442163068,-1,1,-1
3,396,1.5707963267948966,-0.7853981633974483,-0.18363327950067454,-1,-1,1
3,397,1.5707963267948966,-0.7853981633974483,0.535954362698424,1,1,1
3,398,1.5707963267948966,-0.7853981633974483,2.060799788060314,-1,1,-1
3,399,1.5707963267948966,-0.7853981633974483,2.3995322555667764,-1,-1,1
3,400,1.5707963267948966,-0.7853981633974483,-0.8282892043716767,-1,-1,1
3,401,1.5707963267948966,-0.7853981633974483,-0.20365835239370256,-1,1,-1
3,402,1.5707963267948966,-0.7853981633974483,0.9444109212465595,1,1,1
3,403,1.5707963267948966,-0.7853981633974483,2.1714257996041137,-1,-1,1
3,404,1.5707963267948966,-0.7853981633974483,1.5151153960232415,-1,-1,1
3,405,1.5707963267948966,-0.7853981633974483,1.268079555311581,-1,-1,1
3,406,1.5707963267948966,-0.7853981633974483,3.0868224211062953,1,1,1
3,407,1.5707963267948966,-0.7853981633974483,0.009020798765810856,1,1,1
3,408,1.5707963267948966,-0.7853981633974483,-2.5801986334026368,1,-1,-1
3,409,1.5707963267948966,-0.7853981633974483,1.0976039275895717,-1,1,-1
3,410,1.5707963267948966,-0.7853981633974483,-0.053239175275926254,-1,-1,1
3,411,1.5707963267948966,-0.7853981633974483,-0.8236131473975021,-1,-1,1
3,412,1.5707963267948966,-0.7853981633974483,0.5221501837614908,1,1,1
3,413,1.5707963267948966,-0.7853981633974483,-2.159993005895548,1,1,1
3,414,1.5707963267948966,-0.7853981633974483,1.832998298562634,1,1,1
3,415,1.5707963267948966,-0.7853981633974483,-0.5069346880977639,1,1,1
3,416,1.5707963267948966,-0.7853981633974483,-2.789647426126528,-1,1,-1
3,417,1.5707963267948966,-0.7853981633974483,1.3094003007783428,-1,-1,1
3,418,1.5707963267948966,-0.7853981633974483,-1.416248455460925,1,1,1
3,419,1.5707963267948966,-0.7853981633974483,2.142930304105592,-1,-1,1
3,420,1.5707963267948966,-0.7853981633974483,2.781223296874585,-1,-1,1
3,421,1.5707963267948966,-0.7853981633974483,-2.894211551132817,1,-1,-1
3,422,1.5707963267948966,-0.7853981633974483,1.8721888292227113,1,1,1
3,423,1.5707963267948966,-0.7853981633974483,-2.5433922890776426,1,1,1
3,424,1.5707963267948966,-0.7853981633974483,-2.828701654206219,-1,-1,1
3,425,1.5707963267948966,-0.7853981633974483,2.925197744801861,-1,1,-1
3,426,1.5707963267948966,-0.7853981633974483,-0.9486937127921053,-1,-1,1
3,427,1.5707963267948966,-0.7853981633974483,-2.9105396917617288,-1,-1,1
3,428,1.5707963267948966,-0.7853981633974483,1.9336331002748963,1,-1,-1
3,429,1.5707963267948966,-0.7853981633974483,-1.835771273300838,-1,-1,1
3,430,1.5707963267948966,-0.7853981633974483,-3.1388182849847865,1,1,1
3,431,1.5707963267948966,-0.7853981633974483,2.389642471017435,-1,-1,1
3,432,1.5707963267948966,-0.7853981633974483,-0.0462220196132872,1,1,1
3,433,1.5707963267948966,-0.7853981633974483,0.1629844261373523,1,1,1
3,434,1.5707963267948966,-0.7853981633974483,1.7770651191742086,1,1,1
3,435,1.5707963267948966,-0.7853981633974483,2.0902351584268066,1,1,1
3,436,1.5707963267948966,-0.7853981633974483,-0.5014852099373632,-1,-1,1
3,437,1.5707963267948966,-0.7853981633974483,-0.806403256748951,1,-1,-1
3,438,1.5707963267948966,-0.7853981633974483,-2.264306514469167,1,1,1
3,439,1.5707963267948966,-0.7853981633974483,3.0578391473206876,1,1,1
3,440,1.5707963267948966,-0.7853981633974483,2.82289505265188,-1,-1,1
3,441,1.5707963267948966,-0.7853981633974483,0.3259465265069057,1,1,1
3,442,1.5707963267948966,-0.7853981633974483,-1.447704632023181,-1,-1,1
3,443,1.5707963267948966,-0.7853981633974483,-1.8081500410359004,-1,-1,1
3,444,1.5707963267948966,-0.7853981633974483,2.7065046941204027,1,1,1
3,445,1.5707963267948966,-0.7853981633974483,1.5998443602902785,1,-1,-1
3,446,1.5707963267948966,-0.7853981633974483,0.10915452340858334,1,1,1
3,447,1.5707963267948966,-0.7853981633974483,0.24528410258636102,1,1,1
3,448,1.5707963267948966,-0.7853981633974483,0.9854604941838341,1,1,1
3,449,1.5707963267948966,-0.7853981633974483,1.2121149533726223,1,1,1
3,450,1.5707963267948966,-0.7853981633974483,-2.7664898538115903,1,-1,-1
3,451,1.5707963267948966,-0.7853981633974483,-2.862611921233711,1,-1,-1
3,452,1.5707963267948966,-0.7853981633974483,1.2925046757716272,-1,1,-1
3,453,1.5707963267948966,-0.7853981633974483,1.9624477437887364,-1,-1,1
3,454,1.5707963267948966,-0.7853981633974483,-1.3442829138715189,1,1,1
3,455,1.5707963267948966,-0.7853981633974483,1.6358412780662706,1,1,1
3,456,1.5707963267948966,-0.7853981633974483,-1.2163159893840159,-1,-1,1
3,457,1.5707963267948966,-0.7853981633974483,0.028007406787148525,-1,-1,1
3,458,1.5707963267948966,-0.7853981633974483,2.10372604759491,-1,-1,1
3,459,1.5707963267948966,-0.7853981633974483,2.2826701769212825,-1,1,-1
3,460,1.5707963267948966,-0.7853981633974483,-0.04581873822781768,1,1,1
3,461,1.5707963267948966,-0.7853981633974483,1.6025465524149842,-1,-1,1
3,462,1.5707963267948966,-0.7853981633974483,-2.8352943138267976,1,1,1
3,463,1.5707963267948966,-0.7853981633974483,3.0234797001303155,-1,1,-1
3,464,1.5707963267948966,-0.7853981633974483,-1.3247998611034544,-1,-1,1
3,465,1.5707963267948966,-0.7853981633974483,-1.6065185613360249,1,1,1
3,466,1.5707963267948966,-0.7853981633974483,-2.0145616731696583,1,1,1
3,467,1.5707963267948966,-0.7853981633974483,-0.5058954847337507,1,1,1
3,468,1.5707963267948966,-0.7853981633974483,-1.1152848066033152,1,-1,-1
3,469,1.5707963267948966,-0.7853981633974483,-1.460887922801984,-1,-1,1
3,470,1.5707963267948966,-0.7853981633974483,2.7843110559406625,-1,-1,1
3,471,1.5707963267948966,-0.7853981633974483,2.3255783505774943,1,1,1
3,472,1.5707963267948966,-0.7853981633974483,1.8372714094463207,-1,-1,1
3,473,1.5707963267948966,-0.7853981633974483,1.7598439846841272,-1,-1,1
3,474,1.5707963267948966,-0.7853981633974483,3.0474853848455243,1,1,1
3,475,1.5707963267948966,-0.7853981633974483,-2.0049386082613037,1,1,1
3,476,1.5707963267948966,-0.7853981633974483,-0.7663696762147385,1,1,1
3,477,1.5707963267948966,-0.7853981633974483,-1.0932665993363955,-1,1,-1
3,478,1.5707963267948966,-0.7853981633974483,-2.8618046167088425,-1,-1,1
3,479,1.5707963267948966,-0.7853981633974483,2.217509163003525,1,1,1
3,480,1.5707963267948966,-0.7853981633974483,-2.99817633960759,1,1,1
3,481,1.5707963267948966,-0.7853981633974483,-2.913936794158678,1,-1,-1
3,482,1.5707963267948966,-0.7853981633974483,-2.8501391932592943,-1,-1,1
3,483,1.5707963267948966,-0.7853981633974483,0.7186585031300048,-1,-1,1
3,484,1.5707963267948966,-0.7853981633974483,0.46217212376843886,-1,-1,1
3,485,1.5707963267948966,-0.7853981633974483,2.4635883968922867,1,1,1
3,486,1.5707963267948966,-0.7853981633974483,0.03615704602905101,1,1,1
3,487,1.5707963267948966,-0.7853981633974483,-2.449923863667022,-1,1,-1
3,488,1.5707963267948966,-0.7853981633974483,0.5585529381786789,1,1,1
3,489,1.5707963267948966,-0.7853981633974483,-0.9032507788579878,-1,-1,1
3,490,1.5707963267948966,-0.7853981633974483,-0.41000587760314344,1,1,1
3,491,1.5707963267948966,-0.7853981633974483,-1.859307122542933,-1,-1,1
3,492,1.5707963267948966,-0.7853981633974483,-2.462462580644484,1,1,1
3,493,1.5707963267948966,-0.7853981633974483,-0.8969951806361953,-1,-1,1
3,494,1.5707963267948966,-0.7853981633974483,0.7051018986648772,-1,-1,1
3,495,1.5707963267948966,-0.7853981633974483,-0.8214733584035185,-1,-1,1
3,496,1.5707963267948966,-0.7853981633974483,-3.019744621767621,1,1,1
3,497,1.5707963267948966,-0.7853981633974483,0.99916531059608,-1,1,-1
3,498,1.5707963267948966,-0.7853981633974483,-1.9704076991864157,1,1,1
3,499,1.5707963267948966,-0.7853981633974483,-2.4004320184425985,-1,1,-1
3,500,1.5707963267948966,-0.7853981633974483,-1.3485667316766659,-1,-1,1
3,501,1.5707963267948966,-0.7853981633974483,2.275456913211265,1,1,1
3,502,1.5707963267948966,-0.7853981633974483,0.7098321113175934,1,1,1
3,503,1.5707963267948966,-0.7853981633974483,2.808040232042117,1,1,1
3,504,1.5707963267948966,-0.7853981633974483,0.9857115722706746,-1,-1,1
3,505,1.5707963267948966,-0.7853981633974483,-1.948022859593529,-1,-1,1
3,506,1.5707963267948966,-0.7853981633974483,-0.6545947381404589,-1,-1,1
3,507,1.5707963267948966,-0.7853981633974483,1.0468997596030514,-1,-1,1
3,508,1.5707963267948966,-0.7853981633974483,0.16173236103848332,1,1,1
3,509,1.5707963267948966,-0.7853981633974483,-1.1088504489101965,-1,-1,1
3,510,1.5707963267948966,-0.7853981633974483,-2.475164228376559,-1,-1,1
3,511,1.5707963267948966,-0.7853981633974483,0.31023034476882794,1,-1,-1
3,512,1.5707963267948966,-0.7853981633974483,2.343555366610132,1,1,1
3,513,1.5707963267948966,-0.7853981633974483,3.061303976821784,1,1,1
3,514,1.5707963267948966,-0.7853981633974483,0.20233495415719593,1,1,1
3,515,1.5707963267948966,-0.7853981633974483,1.0189099931460577,-1,-1,1
3,516,1.5707963267948966,-0.7853981633974483,2.509720350091931,1,1,1
3,517,1.5707963267948966,-0.7853981633974483,-2.19617287237546,1,1,1
3,518,1.5707963267948966,-0.7853981633974483,2.180895270699451,1,1,1
3,519,1.5707963267948966,-0.7853981633974483,1.9158955552488584,-1,-1,1
3,520,1.5707963267948966,-0.7853981633974483,-2.8402176000031916,1,1,1
3,521,1.5707963267948966,-0.7853981633974483,2.2600017917165465,1,1,1
3,522,1.5707963267948966,-0.7853981633974483,-0.8961216287150515,1,1,1
3,523,1.5707963267948966,-0.7853981633974483,0.5307780719230815,1,1,1
3,524,1.5707963267948966,-0.7853981633974483,-0.4680877970776578,1,1,1
3,525,1.5707963267948966,-0.7853981633974483,1.5025513038938838,1,1,1
3,526,1.5707963267948966,-0.7853981633974483,2.7898828011305294,-1,1,-1
3,527,1.5707963267948966,-0.7853981633974483,1.867744495468326,-1,-1,1
3,528,1.5707963267948966,-0.7853981633974483,0.7308506546673401,-1,-1,1
3,529,1.5707963267948966,-0.7853981633974483,-0.6465266777325778,1,1,1
3,530,1.5707963267948966,-0.7853981633974483,-2.251297677031784,-1,-1,1
3,531,1.5707963267948966,-0.7853981633974483,2.544199583264959,-1,-1,1
3,532,1.5707963267948966,-0.7853981633974483,-1.235284381692214,-1,-1,1
3,533,1.5707963267948966,-0.7853981633974483,-3.1038100909686452,-1,-1,1
3,534,1.5707963267948966,-0.7853981633974483,-0.6073624366647263,-1,-1,1
3,535,1.5707963267948966,-0.7853981633974483,0.5314388540427366,1,-1,-1
3,536,1.5707963267948966,-0.7853981633974483,0.1039977856408818,-1,1,-1
3,537,1.5707963267948966,-0.7853981633974483,-0.6866107605478913,-1,-1,1
3,538,1.5707963267948966,-0.7853981633974483,1.2876880957292753,-1,-1,1
3,539,1.5707963267948966,-0.7853981633974483,1.274993119840059,-1,-1,1
3,540,1.5707963267948966,-0.7853981633974483,-2.156134906923194,-1,-1,1
3,541,1.5707963267948966,-0.7853981633974483,-1.6311946871787344,1,1,1
3,542,1.5707963267948966,-0.7853981633974483,-2.587825142088779,-1,-1,1
3,543,1.5707963267948966,-0.7853981633974483,-1.27380764732457,-1,-1,1
3,544,1.5707963267948966,-0.7853981633974483,1.0545620171077745,1,-1,-1
3,545,1.5707963267948966,-0.7853981633974483,-2.1238565402094984,-1,1,-1
3,546,1.5707963267948966,-0.7853981633974483,2.9288634578124633,1,1,1
3,547,1.5707963267948966,-0.7853981633974483,3.1369983463801843,-1,-1,1
3,548,1.5707963267948966,-0.7853981633974483,-2.0579544509641714,-1,1,-1
3,549,1.5707963267948966,-0.7853981633974483,-1.8640963481425796,1,1,1
3,550,1.5707963267948966,-0.7853981633974483,-2.3685907186468453,-1,-1,1
3,551,1.5707963267948966,-0.7853981633974483,-2.882924415076144,1,1,1
3,552,1.5707963267948966,-0.7853981633974483,0.3488877315079213,1,1,1
3,553,1.5707963267948966,-0.7853981633974483,2.3384697339793323,1,1,1
3,554,1.5707963267948966,-0.7853981633974483,3.0839232417617675,-1,-1,1
3,555,1.5707963267948966,-0.7853981633974483,2.654715669653143,1,1,1
3,556,1.5707963267948966,-0.7853981633974483,-2.1855044899726197,-1,-1,1
3,557,1.5707963267948966,-0.7853981633974483,1.2177690008601845,-1,-1,1
3,558,1.5707963267948966,-0.7853981633974483,1.4327077765942127,-1,-1,1
3,559,1.5707963267948966,-0.7853981633974483,-2.7912026246022723,1,1,1
3,560,1.5707963267948966,-0.7853981633974483,-0.09815670621328598,-1,-1,1
3,561,1.5707963267948966,-0.7853981633974483,-2.811855612168495,-1,-1,1
3,562,1.5707963267948966,-0.7853981633974483,1.1451229254964748,-1,-1,1
3,563,1.5707963267948966,-0.7853981633974483,-1.3286436407379791,1,1,1
3,564,1.5707963267948966,-0.7853981633974483,-3.074228190463238,-1,-1,1
3,565,1.5707963267948966,-0.7853981633974483,1.0729779100000867,-1,-1,1
3,566,1.5707963267948966,-0.7853981633974483,0.3982344272730063,-1,-1,1
3,567,1.5707963267948966,-0.7853981633974483,0.9830858767917574,-1,-1,1
3,568,1.5707963267948966,-0.7853981633974483,-0.684681073013309,-1,-1,1
3,569,1.5707963267948966,-0.7853981633974483,-2.5716837176051603,1,1,1
3,570,1.5707963267948966,-0.7853981633974483,1.4098647493041758,-1,-1,1
3,571,1.5707963267948966,-0.7853981633974483,0.49478448270669917,1,1,1
3,572,1.5707963267948966,-0.7853981633974483,0.9277375781851527,-1,-1,1
3,573,1.5707963267948966,-0.7853981633974483,-0.19494700589336578,1,1,1
3,574,1.5707963267948966,-0.7853981633974483,-1.1907572278441467,1,1,1
3,575,1.5707963267948966,-0.7853981633974483,2.241543419788578,-1,-1,1
3,576,1.5707963267948966,-0.7853981633974483,0.10066496294029825,-1,-1,1
3,577,1.5707963267948966,-0.7853981633974483,-1.162317019908923,-1,-1,1
3,578,1.5707963267948966,-0.7853981633974483,2.1897977958877357,-1,-1,1
3,579,1.5707963267948966,-0.7853981633974483,0.19445212323604366,-1,-1,1
3,580,1.5707963267948966,-0.7853981633974483,1.0050087431422723,1,1,1
3,581,1.5707963267948966,-0.7853981633974483,3.086647845933477,1,-1,-1
3,582,1.5707963267948966,-0.7853981633974483,-0.8177456961410141,1,1,1
3,583,1.5707963267948966,-0.7853981633974483,0.23231384210474548,1,1,1
3,584,1.5707963267948966,-0.7853981633974483,-0.1463909930490721,1,1,1
3,585,1.5707963267948966,-0.7853981633974483,-1.524606191784945,-1,-1,1
3,586,1.5707963267948966,-0.7853981633974483,-1.3590516572268625,-1,-1,1
3,587,1.5707963267948966,-0.7853981633974483,-3.031079486101622,1,1,1
3,588,1.5707963267948966,-0.7853981633974483,0.8555365567825937,-1,-1,1
3,589,1.5707963267948966,-0.7853981633974483,3.1315602988498785,-1,-1,1
3,590,1.5707963267948966,-0.7853981633974483,0.7810436947306281,-1,-1,1
3,591,1.5707963267948966,-0.7853981633974483,-0.6001262811674049,1,1,1
3,592,1.5707963267948966,-0.7853981633974483,-0.7937472208038994,-1,1,-1
3,593,1.5707963267948966,-0.7853981633974483,0.14656787783556746,-1,-1,1
3,594,1.5707963267948966,-0.7853981633974483,1.82633535442109,-1,-1,1
3,595,1.5707963267948966,-0.7853981633974483,-2.7129827341011112,-1,1,-1
3,596,1.5707963267948966,-0.7853981633974483,-2.094292737612781,1,1,1
3,597,1.5707963267948966,-0.7853981633974483,-2.660908392954386,1,1,1
3,598,1.5707963267948966,-0.7853981633974483,1.8144527646603663,1,1,1
3,599,1.5707963267948966,-0.7853981633974483,2.2113732328730453,-1,-1,1
3,600,1.5707963267948966,-0.7853981633974483,0.32116392942005145,-1,-1,1
3,601,1.5707963267948966,-0.7853981633974483,-0.18716241574234393,-1,-1,1
3,602,1.5707963267948966,-0.7853981633974483,2.807187760192683,1,1,1
3,603,1.5707963267948966,-0.7853981633974483,1.0617493478926594,1,-1,-1
3,604,1.5707963267948966,-0.7853981633974483,1.0972297716024224,1,1,1
3,605,1.5707963267948966,-0.7853981633974483,-0.3583479644609393,-1,1,-1
3,606,1.5707963267948966,-0.7853981633974483,1.6466762767646443,-1,1,-1
3,607,1.5707963267948966,-0.7853981633974483,-2.2857190990047926,-1,-1,1
3,608,1.5707963267948966,-0.7853981633974483,-1.1620799566308269,1,1,1
3,609,1.5707963267948966,-0.7853981633974483,1.883219993550167,1,1,1
3,610,1.5707963267948966,-0.7853981633974483,2.1190174608906824,-1,-1,1
3,611,1.5707963267948966,-0.7853981633974483,0.6251682404862562,1,1,1
3,612,1.5707963267948966,-0.7853981633974483,-1.7868017608006668,1,1,1
3,613,1.5707963267948966,-0.7853981633974483,-1.3533454477513458,-1,-1,1
3,614,1.5707963267948966,-0.7853981633974483,2.9307354420039093,-1,1,-1
3,615,1.5707963267948966,-0.7853981633974483,1.8731556510163925,1,1,1
3,616,1.5707963267948966,-0.7853981633974483,1.4442743791616772,-1,-1,1
3,617,1.5707963267948966,-0.7853981633974483,-1.0873162809674914,-1,-1,1
3,618,1.5707963267948966,-0.7853981633974483,-1.8447005778595489,1,-1,-1
3,619,1.5707963267948966,-0.7853981633974483,2.485385819445062,1,1,1
3,620,1.5707963267948966,-0.7853981633974483,-2.9593689622683517,1,1,1
3,621,1.5707963267948966,-0.7853981633974483,2.9398561239201886,1,1,1
3,622,1.5707963267948966,-0.7853981633974483,-2.5482448644590012,1,1,1
3,623,1.5707963267948966,-0.7853981633974483,-0.1543762467621792,1,1,1
3,624,1.5707963267948966,-0.7853981633974483,-1.197305257350109,-1,-1,1
3,625,1.5707963267948966,-0.7853981633974483,-2.4473318711190073,-1,-1,1
3,626,1.5707963267948966,-0.7853981633974483,1.0060831396477372,1,1,1
3,627,1.5707963267948966,-0.7853981633974483,-0.7585020280831771,-1,-1,1
3,628,1.5707963267948966,-0.7853981633974483,0.6614575018711313,-1,-1,1
3,629,1.5707963267948966,-0.7853981633974483,2.459896985207518,-1,-1,1
3,630,1.5707963267948966,-0.7853981633974483,-3.1025603166739257,-1,-1,1
3,631,1.5707963267948966,-0.7853981633974483,-2.9319622258031086,1,1,1
3,632,1.5707963267948966,-0.7853981633974483,0.5548669843724157,-1,-1,1
3,633,1.5707963267948966,-0.7853981633974483,3.1300200599874124,-1,-1,1
3,634,1.5707963267948966,-0.7853981633974483,-2.6548071808100753,-1,-1,1
3,635,1.5707963267948966,-0.7853981633974483,-1.3976365419764851,1,1,1
3,636,1.5707963267948966,-0.7853981633974483,2.6165775995106557,1,1,1
3,637,1.5707963267948966,-0.7853981633974483,2.409150484757385,-1,-1,1
3,638,1.5707963267948966,-0.7853981633974483,-0.43269661700707385,1,-1,-1
3,639,1.5707963267948966,-0.7853981633974483,-0.5036655343859096,-1,-1,1
3,640,1.5707963267948966,-0.7853981633974483,0.4426217243233048,1,-1,-1
3,641,1.5707963267948966,-0.7853981633974483,-2.2250142173930403,1,1,1
3,642,1.5707963267948966,-0.7853981633974483,-0.42569498455371324,1,1,1
3,643,1.5707963267948966,-0.7853981633974483,2.9876330491932857,-1,-1,1
3,644,1.5707963267948966,-0.7853981633974483,-0.9607744711361708,1,1,1
3,645,1.5707963267948966,-0.7853981633974483,-0.9444298059373706,1,1,1
3,646,1.5707963267948966,-0.7853981633974483,1.8436848415558176,-1,-1,1
3,647,1.5707963267948966,-0.7853981633974483,-2.3893814339168076,1,1,1
3,648,1.5707963267948966,-0.7853981633974483,-0.5322695274040901,1,1,1
3,649,1.5707963267948966,-0.7853981633974483,-1.856276089088851,1,1,1
3,650,1.5707963267948966,-0.7853981633974483,1.8287727622258183,1,-1,-1
3,651,1.5707963267948966,-0.7853981633974483,1.8672570654865845,-1,-1,1
3,652,1.5707963267948966,-0.7853981633974483,-2.5281078620868436,-1,1,-1
3,653,1.5707963267948966,-0.7853981633974483,0.29538504158200807,-1,-1,1
3,654,1.5707963267948966,-0.7853981633974483,-1.1850126008302577,1,1,1
3,655,1.5707963267948966,-0.7853981633974483,0.25299990631249036,1,1,1
3,656,1.5707963267948966,-0.7853981633974483,-2.1389156569456125,-1,-1,1
3,657,1.5707963267948966,-0.7853981633974483,-1.967850081865252,-1,1,-1
3,658,1.5707963267948966,-0.7853981633974483,2.016189230887682,1,1,1
3,659,1.5707963267948966,-0.7853981633974483,0.238228674527587,-1,-1,1
3,660,1.5707963267948966,-0.7853981633974483,1.5723322309043253,1,1,1
3,661,1.5707963267948966,-0.7853981633974483,-1.4777627905474455,-1,-1,1
3,662,1.5707963267948966,-0.7853981633974483,-2.769910688331963,1,-1,-1
3,663,1.5707963267948966,-0.7853981633974483,-3.0457051779259494,1,1,1
3,664,1.5707963267948966,-0.7853981633974483,1.7834251514632147,1,-1,-1
3,665,1.5707963267948966,-0.7853981633974483,-1.001832752772454,-1,-1,1
3,666,1.5707963267948966,-0.7853981633974483,-1.4822880048819094,1,1,1
3,667,1.5707963267948966,-0.7853981633974483,-1.0555873875506125,-1,-1,1
3,668,1.5707963267948966,-0.7853981633974483,-1.031413492052668,1,1,1
3,669,1.5707963267948966,-0.7853981633974483,2.745697517988255,-1,-1,1
3,670,1.5707963267948966,-0.7853981633974483,0.3311851835024924,1,1,1
3,671,1.5707963267948966,-0.7853981633974483,-1.421230491506708,-1,-1,1
3,672,1.5707963267948966,-0.7853981633974483,0.2520386635732921,1,1,1
3,673,1.5707963267948966,-0.7853981633974483,-0.9525184863189615,-1,1,-1
3,674,1.5707963267948966,-0.7853981633974483,-0.7076914521499496,1,1,1
3,675,1.5707963267948966,-0.7853981633974483,1.5621758864615778,-1,-1,1
3,676,1.5707963267948966,-0.7853981633974483,2.7845153505005866,-1,-1,1
3,677,1.5707963267948966,-0.7853981633974483,2.5802360217608173,1,1,1
3,678,1.5707963267948966,-0.7853981633974483,-1.175159189444307,-1,-1,1
3,679,1.5707963267948966,-0.7853981633974483,0.8211247849089687,1,1,1
3,680,1.5707963267948966,-0.7853981633974483,1.291349540587233,1,1,1
3,681,1.5707963267948966,-0.7853981633974483,-1.7865237008452097,-1,-1,1
3,682,1.5707963267948966,-0.7853981633974483,2.0628926328536323,-1,-1,1
3,683,1.5707963267948966,-0.7853981633974483,0.1875631828744222,1,1,1
3,684,1.5707963267948966,-0.7853981633974483,1.8223891562928864,-1,-1,1
3,685,1.5707963267948966,-0.7853981633974483,0.41258495812329254,1,1,1
3,686,1.5707963267948966,-0.7853981633974483,-1.214507749293138,1,1,1
3,687,1.5707963267948966,-0.7853981633974483,1.593411695725388,-1,-1,1
3,688,1.5707963267948966,-0.7853981633974483,-3.1216562529498995,-1,-1,1
3,689,1.5707963267948966,-0.7853981633974483,-1.0536652391562087,1,1,1
3,690,1.5707963267948966,-0.7853981633974483,-3.056126381880584,-1,1,-1
3,691,1.5707963267948966,-0.7853981633974483,-0.5664940948823416,1,1,1
3,692,1.5707963267948966,-0.7853981633974483,-2.951757569986774,1,1,1
3,693,1.5707963267948966,-0.7853981633974483,2.728892612203069,1,1,1
3,694,1.5707963267948966,-0.7853981633974483,-0.8583776469552094,-1,-1,1
3,695,1.5707963267948966,-0.7853981633974483,-1.045133711211883,-1,-1,1
3,696,1.5707963267948966,-0.7853981633974483,0.13920430755539392,-1,-1,1
3,697,1.5707963267948966,-0.7853981633974483,-1.5340459932083286,1,1,1
3,698,1.5707963267948966,-0.7853981633974483,-2.573013022240464,1,1,1
3,699,1.5707963267948966,-0.7853981633974483,1.3151436552953566,1,1,1
3,700,1.5707963267948966,-0.7853981633974483,-0.11145808349793818,-1,-1,1
3,701,1.5707963267948966,-0.7853981633974483,0.052248185853996265,-1,-1,1
3,702,1.5707963267948966,-0.7853981633974483,-1.5910017561095617,1,-1,-1
3,703,1.5707963267948966,-0.7853981633974483,2.02547879538651,1,-1,-1
3,704,1.5707963267948966,-0.7853981633974483,-0.39479136464813136,-1,-1,1
3,705,1.5707963267948966,-0.7853981633974483,1.5421757650672214,-1,-1,1
3,706,1.5707963267948966,-0.7853981633974483,3.122098050083334,1,-1,-1
3,707,1.5707963267948966,-0.7853981633974483,-1.9769494531914567,1,1,1
3,708,1.5707963267948966,-0.7853981633974483,1.1354799698435762,-1,-1,1
3,709,1.5707963267948966,-0.7853981633974483,3.0230657279492217,1,-1,-1
3,710,1.5707963267948966,-0.7853981633974483,0.5522214721332195,-1,-1,1
3,711,1.5707963267948966,-0.7853981633974483,-1.2478599241245956,-1,-1,1
3,712,1.5707963267948966,-0.7853981633974483,-1.300868189505032,-1,-1,1
3,713,1.5707963267948966,-0.7853981633974483,-0.5114662789460973,1,1,1
3,714,1.5707963267948966,-0.7853981633974483,-0.25111520103684937,1,1,1
3,715,1.5707963267948966,-0.7853981633974483,-0.3300869745702695,-1,-1,1
3,716,1.5707963267948966,-0.7853981633974483,-2.9284226838668643,-1,1,-1
3,717,1.5707963267948966,-0.7853981633974483,2.757112858207413,1,1,1
3,718,1.5707963267948966,-0.7853981633974483,-2.4065771342992965,1,1,1
3,719,1.5707963267948966,-0.7853981633974483,0.696247121263911,1,-1,-1
3,720,1.5707963267948966,-0.7853981633974483,2.12100832189315,1,1,1
3,721,1.5707963267948966,-0.7853981633974483,-0.4089088877724585,-1,-1,1
3,722,1.5707963267948966,-0.7853981633974483,2.1677560745791897,1,1,1
3,723,1.5707963267948966,-0.7853981633974483,-3.113258655018043,1,1,1
3,724,1.5707963267948966,-0.7853981633974483,0.037575049150335715,1,1,1
3,725,1.5707963267948966,-0.7853981633974483,-0.6062254090452082,-1,-1,1
3,726,1.5707963267948966,-0.7853981633974483,2.956140948868396,1,1,1
3,727,1.5707963267948966,-0.7853981633974483,0.7494611495536252,-1,-1,1
3,728,1.5707963267948966,-0.7853981633974483,1.5419053806740033,-1,-1,1
3,729,1.5707963267948966,-0.7853981633974483,-1.3248832519417364,-1,-1,1
3,730,1.5707963267948966,-0.7853981633974483,0.7955380472039355,1,1,1
3,731,1.5707963267948966,-0.7853981633974483,0.15051750107959538,-1,1,-1
3,732,1.5707963267948966,-0.7853981633974483,1.443562276339085,-1,1,-1
3,733,1.5707963267948966,-0.7853981633974483,-1.3852497188251776,1,1,1
3,734,1.5707963267948966,-0.7853981633974483,0.2144693849315007,1,1,1
3,735,1.5707963267948966,-0.7853981633974483,-2.2337986062105726,1,-1,-1
3,736,1.5707963267948966,-0.7853981633974483,-2.6161307461535848,-1,-1,1
3,737,1.5707963267948966,-0.7853981633974483,1.4838948554111768,1,1,1
3,738,1.5707963267948966,-0.7853981633974483,0.21112343371429,1,-1,-1
3,739,1.5707963267948966,-0.7853981633974483,2.6124178751682523,-1,1,-1
3,740,1.5707963267948966,-0.7853981633974483,-2.9681891939660447,-1,-1,1
3,741,1.5707963267948966,-0.7853981633974483,-2.3146011576282266,-1,-1,1
3,742,1.5707963267948966,-0.7853981633974483,-0.5824101310601764,1,1,1
3,743,1.5707963267948966,-0.7853981633974483,3.0654471153008274,-1,-1,1
3,744,1.5707963267948966,-0.7853981633974483,3.0458208323039937,-1,-1,1
3,745,1.5707963267948966,-0.7853981633974483,0.22797189307603372,1,1,1
3,746,1.5707963267948966,-0.7853981633974483,2.456314460255843,-1,-1,1
3,747,1.5707963267948966,-0.7853981633974483,1.8579265954185304,-1,-1,1
3,748,1.5707963267948966,-0.7853981633974483,-2.386589941905734,-1,-1,1
3,749,1.5707963267948966,-0.7853981633974483,-3.108974770997828,1,1,1
3,750,1.5707963267948966,-0.7853981633974483,1.2664067074144763,-1,-1,1
3,751,1.5707963267948966,-0.7853981633974483,-2.017492002992082,-1,-1,1
3,752,1.5707963267948966,-0.7853981633974483,-1.0771212728524695,1,1,1
3,753,1.5707963267948966,-0.7853981633974483,-2.126813144251946,-1,-1,1
3,754,1.5707963267948966,-0.7853981633974483,-2.417397300741449,-1,-1,1
3,755,1.5707963267948966,-0.7853981633974483,2.6224941341414674,1,1,1
3,756,1.5707963267948966,-0.7853981633974483,2.482900845989306,1,1,1
3,757,1.5707963267948966,-0.7853981633974483,-1.6181224437844266,1,1,1
3,758,1.5707963267948966,-0.7853981633974483,1.0231647845801826,1,1,1
3,759,1.5707963267948966,-0.7853981633974483,0.2179230069993121,1,-1,-1
3,760,1.5707963267948966,-0.7853981633974483,1.8848936124254587,-1,-1,1
3,761,1.5707963267948966,-0.7853981633974483,-0.961606237046055,-1,-1,1
3,762,1.5707963267948966,-0.7853981633974483,2.894546588539769,1,1,1
3,763,1.5707963267948966,-0.7853981633974483,2.2725293415442804,1,-1,-1
3,764,1.5707963267948966,-0.7853981633974483,0.25993357057300637,-1,-1,1
3,765,1.5707963267948966,-0.7853981633974483,0.5587113115839393,-1,-1,1
3,766,1.5707963267948966,-0.7853981633974483,-1.7409938037069677,-1,-1,1
3,767,1.5707963267948966,-0.7853981633974483,-0.4718450590839205,-1,-1,1
3,768,1.5707963267948966,-0.7853981633974483,1.8382301394124898,-1,-1,1
3,769,1.5707963267948966,-0.7853981633974483,1.8443856844357756,-1,-1,1
3,770,1.5707963267948966,-0.7853981633974483,-2.9464638796425304,1,1,1
3,771,1.5707963267948966,-0.7853981633974483,-0.0500172598687918,1,1,1
3,772,1.5707963267948966,-0.7853981633974483,2.703569602497258,-1,-1,1
3,773,1.5707963267948966,-0.7853981633974483,0.19665516721100396,-1,-1,1
3,774,1.5707963267948966,-0.7853981633974483,-1.717019963217671,-1,-1,1
3,775,1.5707963267948966,-0.7853981633974483,2.535471898852945,-1,-1,1
3,776,1.5707963267948966,-0.7853981633974483,3.0239078193194215,-1,-1,1
3,777,1.5707963267948966,-0.7853981633974483,2.920788810618106,1,1,1
3,778,1.5707963267948966,-0.7853981633974483,0.08991631540762013,-1,-1,1
3,779,1.5707963267948966,-0.7853981633974483,-1.4638030469406806,-1,-1,1
3,780,1.5707963267948966,-0.7853981633974483,-2.4646303703233965,-1,-1,1
3,781,1.5707963267948966,-0.7853981633974483,0.47966517833581435,-1,-1,1
3,782,1.5707963267948966,-0.7853981633974483,-2.322686684702356,1,1,1
3,783,1.5707963267948966,-0.7853981633974483,1.3135612242968167,1,1,1
3,784,1.5707963267948966,-0.7853981633974483,1.2632249889365568,1,-1,-1
3,785,1.5707963267948966,-0.7853981633974483,-0.8183046401627054,1,1,1
3,786,1.5707963267948966,-0.7853981633974483,1.4241894817966942,-1,-1,1
3,787,1.5707963267948966,-0.7853981633974483,0.4764891492545691,1,1,1
3,788,1.5707963267948966,-0.7853981633974483,0.9604124253661421,1,-1,-1
3,789,1.5707963267948966,-0.7853981633974483,-1.5665348624439446,1,-1,-1
3,790,1.5707963267948966,-0.7853981633974483,-2.3097207303605396,1,1,1
3,791,1.5707963267948966,-0.7853981633974483,2.769090786608256,1,1,1
3,792,1.5707963267948966,-0.7853981633974483,1.855678043196729,-1,-1,1
3,793,1.5707963267948966,-0.7853981633974483,-1.011729644574889,1,1,1
3,794,1.5707963267948966,-0.7853981633974483,-1.6736684441882537,1,1,1
3,795,1.5707963267948966,-0.7853981633974483,0.1120254177994755,1,1,1
3,796,1.5707963267948966,-0.7853981633974483,-0.07247711363322429,-1,-1,1
3,797,1.5707963267948966,-0.7853981633974483,0.8686160918725756,-1,1,-1
3,798,1.5707963267948966,-0.7853981633974483,-1.7039332899272743,-1,1,-1
3,799,1.5707963267948966,-0.7853981633974483,-0.9453279983930432,1,-1,-1
3,800,1.5707963267948966,-0.7853981633974483,0.22543003812929197,1,-1,-1
3,801,1.5707963267948966,-0.7853981633974483,2.131873050089496,1,-1,-1
3,802,1.5707963267948966,-0.7853981633974483,1.2726088493478356,-1,-1,1
3,803,1.5707963267948966,-0.7853981633974483,1.3994324572404748,-1,-1,1
3,804,1.5707963267948966,-0.7853981633974483,2.746838841341849,1,1,1
3,805,1.5707963267948966,-0.7853981633974483,-0.914368326862335,-1,1,-1
3,806,1.5707963267948966,-0.7853981633974483,-2.317087467003918,-1,-1,1
3,807,1.5707963267948966,-0.7853981633974483,0.12063789106199074,1,1,1
3,808,1.5707963267948966,-0.7853981633974483,0.6831614656576228,-1,-1,1
3,809,1.5707963267948966,-0.7853981633974483,1.2659089307991183,1,1,1
3,810,1.5707963267948966,-0.7853981633974483,0.4430349662655191,1,1,1
3,811,1.5707963267948966,-0.7853981633974483,-1.60707365595024,1,1,1
3,812,1.5707963267948966,-0.7853981633974483,-2.479077452418429,-1,-1,1
3,813,1.5707963267948966,-0.7853981633974483,0.1383326979031545,1,1,1
3,814,1.5707963267948966,-0.7853981633974483,2.3509455922966582,1,1,1
3,815,1.5707963267948966,-0.7853981633974483,-0.8615287848582907,1,1,1
3,816,1.5707963267948966,-0.7853981633974483,-1.719104777022243,1,1,1
3,817,1.5707963267948966,-0.7853981633974483,-3.0348774334849784,-1,-1,1
3,818,1.5707963267948966,-0.7853981633974483,1.4781306664664715,-1,1,-1
3,819,1.5707963267948966,-0.7853981633974483,-1.1088556503037093,-1,-1,1
3,820,1.5707963267948966,-0.7853981633974483,0.6358349400596763,1,1,1
3,821,1.5707963267948966,-0.7853981633974483,-1.0125045110247122,1,-1,-1
3,822,1.5707963267948966,-0.7853981633974483,-2.886332992338257,1,1,1
3,823,1.5707963267948966,-0.7853981633974483,-1.4817005387294218,-1,-1,1
3,824,1.5707963267948966,-0.7853981633974483,1.042512381772263,-1,-1,1
3,825,1.5707963267948966,-0.7853981633974483,-0.7584824949162812,-1,-1,1
3,826,1.5707963267948966,-0.7853981633974483,-0.8525231264810254,-1,-1,1
3,827,1.5707963267948966,-0.7853981633974483,-2.5085528996679223,1,1,1
3,828,1.5707963267948966,-0.7853981633974483,-2.5204761862120053,-1,-1,1
3,829,1.5707963267948966,-0.7853981633974483,-2.079079923643131,1,1,1
3,830,1.5707963267948966,-0.7853981633974483,1.4262650115873612,1,1,1
3,831,1.5707963267948966,-0.7853981633974483,-1.5454257695299116,1,1,1
3,832,1.5707963267948966,-0.7853981633974483,1.0554288786215453,1,1,1
3,833,1.5707963267948966,-0.7853981633974483,-1.9513258740946624,-1,-1,1
3,834,1.5707963267948966,-0.7853981633974483,2.935506952725902,-1,-1,1
3,835,1.5707963267948966,-0.7853981633974483,0.6548666131408116,1,1,1
3,836,1.5707963267948966,-0.7853981633974483,0.44159010019945244,1,1,1
3,837,1.5707963267948966,-0.7853981633974483,2.1785689239487445,1,-1,-1
3,838,1.5707963267948966,-0.7853981633974483,-0.11219884253290546,-1,-1,1
3,839,1.5707963267948966,-0.7853981633974483,-2.438930648495909,1,1,1
3,840,1.5707963267948966,-0.7853981633974483,-1.8329614468952145,1,1,1
3,841,1.5707963267948966,-0.7853981633974483,-2.215655496872773,1,1,1
3,842,1.5707963267948966,-0.7853981633974483,3.0508458486484162,-1,-1,1
3,843,1.5707963267948966,-0.7853981633974483,-1.8360872666736314,-1,1,-1
3,844,1.5707963267948966,-0.7853981633974483,0.7840205417668473,1,1,1
3,845,1.5707963267948966,-0.7853981633974483,1.7942621213335146,-1,-1,1
3,846,1.5707963267948966,-0.7853981633974483,-0.11106070564503456,1,1,1
3,847,1.5707963267948966,-0.7853981633974483,-1.0873925222254286,1,1,1
3,848,1.5707963267948966,-0.7853981633974483,1.7442795212229294,1,-1,-1
3,849,1.5707963267948966,-0.7853981633974483,1.298152710081065,1,-1,-1
3,850,1.5707963267948966,-0.7853981633974483,-2.7947905388937446,1,1,1
3,851,1.5707963267948966,-0.7853981633974483,-2.357375981776034,-1,-1,1
3,852,1.5707963267948966,-0.7853981633974483,0.26283366203385183,1,1,1
3,853,1.5707963267948966,-0.7853981633974483,2.085177101287888,-1,-1,1
3,854,1.5707963267948966,-0.7853981633974483,0.7456866514896863,-1,-1,1
3,855,1.5707963267948966,-0.7853981633974483,-0.560852600370294,-1,-1,1
3,856,1.5707963267948966,-0.7853981633974483,-1.2807030185973418,1,1,1
3,857,1.5707963267948966,-0.7853981633974483,-2.793240447867004,1,1,1
3,858,1.5707963267948966,-0.7853981633974483,3.0446537669913596,1,1,1
3,859,1.5707963267948966,-0.7853981633974483,2.9872867097962787,1,1,1
3,860,1.5707963267948966,-0.7853981633974483,-0.05992460987394832,1,1,1
3,861,1.5707963267948966,-0.7853981633974483,-2.6773622506226067,1,1,1
3,862,1.5707963267948966,-0.7853981633974483,-1.270455634394435,1,1,1
3,863,1.5707963267948966,-0.7853981633974483,-1.4242002306990942,1,1,1
3,864,1.5707963267948966,-0.7853981633974483,-0.12398423627187949,-1,-1,1
3,865,1.5707963267948966,-0.7853981633974483,2.6900232991708055,1,1,1
3,866,1.5707963267948966,-0.7853981633974483,-3.056763056837306,1,1,1
3,867,1.5707963267948966,-0.7853981633974483,-2.2132167532592524,1,1,1
3,868,1.5707963267948966,-0.7853981633974483,-1.9219578513738427,1,1,1
3,869,1.5707963267948966,-0.7853981633974483,2.8831139880120107,-1,-1,1
3,870,1.5707963267948966,-0.7853981633974483,-3.072451598551614,1,1,1
3,871,1.5707963267948966,-0.7853981633974483,0.8315237284965198,-1,-1,1
3,872,1.5707963267948966,-0.7853981633974483,2.0405741740976104,1,1,1
3,873,1.5707963267948966,-0.7853981633974483,2.1587938662837685,-1,-1,1
3,874,1.5707963267948966,-0.7853981633974483,1.419424830676994,-1,-1,1
3,875,1.5707963267948966,-0.7853981633974483,2.801345952604188,-1,-1,1
3,876,1.5707963267948966,-0.7853981633974483,-2.916212793761816,1,1,1
3,877,1.5707963267948966,-0.7853981633974483,-1.622936701475008,1,1,1
3,878,1.5707963267948966,-0.7853981633974483,-2.6956885263988606,1,1,1
3,879,1.5707963267948966,-0.7853981633974483,0.8738688963285508,-1,-1,1
3,880,1.5707963267948966,-0.7853981633974483,-2.474436552097968,-1,-1,1
3,881,1.5707963267948966,-0.7853981633974483,1.1843047321485818,-1,-1,1
3,882,1.5707963267948966,-0.7853981633974483,2.227585611737654,1,1,1
3,883,1.5707963267948966,-0.7853981633974483,0.7061904778911647,1,1,1
3,884,1.5707963267948966,-0.7853981633974483,0.2870344474148703,1,1,1
3,885,1.5707963267948966,-0.7853981633974483,0.8737860252240806,1,1,1
3,886,1.5707963267948966,-0.7853981633974483,0.062284419028253435,-1,-1,1
3,887,1.5707963267948966,-0.7853981633974483,2.818998322869903,1,1,1
3,888,1.5707963267948966,-0.7853981633974483,0.16644749522112656,-1,-1,1
3,889,1.5707963267948966,-0.7853981633974483,-2.304084832717868,1,1,1
3,890,1.5707963267948966,-0.7853981633974483,-1.1309536460476326,-1,-1,1
3,891,1.5707963267948966,-0.7853981633974483,-0.2871002182856155,-1,-1,1
3,892,1.5707963267948966,-0.7853981633974483,0.25466954793103813,-1,-1,1
3,893,1.5707963267948966,-0.7853981633974483,-0.7808060682806657,-1,-1,1
3,894,1.5707963267948966,-0.7853981633974483,-1.5712444956770617,-1,-1,1
3,895,1.5707963267948966,-0.7853981633974483,1.441047002431893,-1,-1,1
3,896,1.5707963267948966,-0.7853981633974483,3.1405851202293853,-1,-1,1
3,897,1.5707963267948966,-0.7853981633974483,-2.178297585065428,-1,-1,1
3,898,1.5707963267948966,-0.7853981633974483,-0.6793624320295297,-1,1,-1
3,899,1.5707963267948966,-0.7853981633974483,-2.5923150733826517,1,-1,-1
3,900,1.5707963267948966,-0.7853981633974483,-1.0411824280592774,-1,-1,1
3,901,1.5707963267948966,-0.7853981633974483,1.7399560458478431,1,1,1
3,902,1.5707963267948966,-0.7853981633974483,1.1488539279121133,1,1,1
3,903,1.5707963267948966,-0.7853981633974483,-1.0208014567927548,-1,1,-1
3,904,1.5707963267948966,-0.7853981633974483,-0.18149797321079664,1,1,1
3,905,1.5707963267948966,-0.7853981633974483,-1.8410859286107581,-1,-1,1
3,906,1.5707963267948966,-0.7853981633974483,1.053746438226013,-1,-1,1
3,907,1.5707963267948966,-0.7853981633974483,-0.5125959977653132,-1,-1,1
3,908,1.5707963267948966,-0.7853981633974483,0.3291677466717262,1,1,1
3,909,1.5707963267948966,-0.7853981633974483,-0.015663627509426625,-1,-1,1
3,910,1.5707963267948966,-0.7853981633974483,-2.771481638467324,1,1,1
3,911,1.5707963267948966,-0.7853981633974483,0.3044807081112255,-1,-1,1
3,912,1.5707963267948966,-0.7853981633974483,-1.2755065829898147,1,1,1
3,913,1.5707963267948966,-0.7853981633974483,-2.3213621380707745,1,-1,-1
3,914,1.5707963267948966,-0.7853981633974483,-1.1125269975672327,1,-1,-1
3,915,1.5707963267948966,-0.7853981633974483,-2.049941390360572,-1,-1,1
3,916,1.5707963267948966,-0.7853981633974483,2.3703647896431956,1,1,1
3,917,1.5707963267948966,-0.7853981633974483,2.7224078405029086,1,1,1
3,918,1.5707963267948966,-0.7853981633974483,0.9235454072648555,1,1,1
3,919,1.5707963267948966,-0.7853981633974483,-2.8500973243033707,-1,-1,1
3,920,1.5707963267948966,-0.7853981633974483,2.286368135444489,-1,-1,1
3,921,1.5707963267948966,-0.7853981633974483,2.823199039337375,-1,-1,1
3,922,1.5707963267948966,-0.7853981633974483,0.2087636598563809,1,1,1
3,923,1.5707963267948966,-0.7853981633974483,0.914500903039861,1,1,1
3,924,1.5707963267948966,-0.7853981633974483,-0.08893657901322927,-1,-1,1
3,925,1.5707963267948966,-0.7853981633974483,-1.1064045789848405,1,1,1
3,926,1.5707963267948966,-0.7853981633974483,-0.004085433454324328,-1,-1,1
3,927,1.5707963267948966,-0.7853981633974483,1.6680369965013844,1,1,1
3,928,1.5707963267948966,-0.7853981633974483,-2.0737868049563475,1,1,1
3,929,1.5707963267948966,-0.7853981633974483,2.6151468979139043,1,1,1
3,930,1.5707963267948966,-0.7853981633974483,1.5945766348603252,-1,-1,1
3,931,1.5707963267948966,-0.7853981633974483,-3.140647133714024,-1,-1,1
3,932,1.5707963267948966,-0.7853981633974483,1.4990385458423967,-1,-1,1
3,933,1.5707963267948966,-0.7853981633974483,-0.26076286490275136,1,1,1
3,934,1.5707963267948966,-0.7853981633974483,-1.9653949662858101,-1,-1,1
3,935,1.5707963267948966,-0.7853981633974483,-1.2296316074821307,1,1,1
3,936,1.5707963267948966,-0.7853981633974483,-1.9498460289501323,-1,-1,1
3,937,1.5707963267948966,-0.7853981633974483,0.35462084457264087,-1,1,-1
3,938,1.5707963267948966,-0.7853981633974483,-1.6588093120255747,1,-1,-1
3,939,1.5707963267948966,-0.7853981633974483,1.2875806812371726,1,1,1
3,940,1.5707963267948966,-0.7853981633974483,-2.8065048255800136,1,1,1
3,941,1.5707963267948966,-0.7853981633974483,-1.4155898880416318,-1,-1,1
3,942,1.5707963267948966,-0.7853981633974483,1.6678765264442985,-1,-1,1
3,943,1.5707963267948966,-0.7853981633974483,0.19729354632148777,1,1,1
3,944,1.5707963267948966,-0.7853981633974483,-1.2192126545021502,-1,-1,1
3,945,1.5707963267948966,-0.7853981633974483,0.42322324849772697,1,1,1
3,946,1.5707963267948966,-0.7853981633974483,-0.018554266449523293,-1,-1,1
3,947,1.5707963267948966,-0.7853981633974483,1.0375861583501544,-1,-1,1
3,948,1.5707963267948966,-0.7853981633974483,-2.423128294164986,1,1,1
3,949,1.5707963267948966,-0.7853981633974483,1.2749024573170074,-1,-1,1
3,950,1.5707963267948966,-0.7853981633974483,1.5812461739609205,1,1,1
3,951,1.5707963267948966,-0.7853981633974483,-0.4084284207506732,1,1,1
3,952,1.5707963267948966,-0.7853981633974483,1.0216963973131392,1,1,1
3,953,1.5707963267948966,-0.7853981633974483,-0.1434326904194534,1,-1,-1
3,954,1.5707963267948966,-0.7853981633974483,0.4129791507892304,1,1,1
3,955,1.5707963267948966,-0.7853981633974483,2.525097476131532,1,1,1
3,956,1.5707963267948966,-0.7853981633974483,0.8432894974048684,1,1,1
3,957,1.5707963267948966,-0.7853981633974483,-0.7064491003412297,1,1,1
3,958,1.5707963267948966,-0.7853981633974483,1.917054627689823,-1,-1,1
3,959,1.5707963267948966,-0.7853981633974483,1.3606181809547033,-1,1,-1
3,960,1.5707963267948966,-0.7853981633974483,-2.133035192905816,1,-1,-1
3,961,1.5707963267948966,-0.7853981633974483,2.578325350134005,-1,-1,1
3,962,1.5707963267948966,-0.7853981633974483,1.4074511578735605,-1,-1,1
3,963,1.5707963267948966,-0.7853981633974483,-2.266265060457367,1,1,1
3,964,1.5707963267948966,-0.7853981633974483,-0.5558846342773234,-1,-1,1
3,965,1.5707963267948966,-0.7853981633974483,-0.9770846235346675,-1,-1,1
3,966,1.5707963267948966,-0.7853981633974483,-2.4949637887664515,1,1,1
3,967,1.5707963267948966,-0.7853981633974483,-2.7812153187983353,1,1,1
3,968,1.5707963267948966,-0.7853981633974483,2.72174033427566,-1,-1,1
3,969,1.5707963267948966,-0.7853981633974483,0.00204548256215098,1,1,1
3,970,1.5707963267948966,-0.7853981633974483,2.8367031593373015,-1,-1,1
3,971,1.5707963267948966,-0.7853981633974483,0.502096376214693,-1,-1,1
3,972,1.5707963267948966,-0.7853981633974483,2.456821438183983,1,1,1
3,973,1.5707963267948966,-0.7853981633974483,1.0454012006362294,1,1,1
3,974,1.5707963267948966,-0.7853981633974483,2.527517163006758,1,1,1
3,975,1.5707963267948966,-0.7853981633974483,2.9803624778521476,1,1,1
3,976,1.5707963267948966,-0.7853981633974483,1.680682734405588,1,-1,-1
3,977,1.5707963267948966,-0.7853981633974483,-2.3855633744150366,1,1,1
3,978,1.5707963267948966,-0.7853981633974483,-1.3559888687369845,-1,1,-1
3,979,1.5707963267948966,-0.7853981633974483,-1.4451084364630433,1,-1,-1
3,980,1.5707963267948966,-0.7853981633974483,-1.5335033018413031,-1,-1,1
3,981,1.5707963267948966,-0.7853981633974483,-2.8123434011340507,1,1,1
3,982,1.5707963267948966,-0.7853981633974483,1.0060748576073157,-1,-1,1
3,983,1.5707963267948966,-0.7853981633974483,3.135924685629419,-1,-1,1
3,984,1.5707963267948966,-0.7853981633974483,-1.3763378748982769,1,1,1
3,985,1.5707963267948966,-0.7853981633974483,-0.5309483268093071,-1,-1,1
3,986,1.5707963267948966,-0.7853981633974483,2.969315289108418,-1,-1,1
3,987,1.5707963267948966,-0.7853981633974483,-2.0064929917917915,1,-1,-1
3,988,1.5707963267948966,-0.7853981633974483,1.9473087329740393,-1,-1,1
3,989,1.5707963267948966,-0.7853981633974483,2.5650046094505567,1,1,1
3,990,1.5707963267948966,-0.7853981633974483,-2.3240017626362426,1,-1,-1
3,991,1.5707963267948966,-0.7853981633974483,-0.7694584550779089,1,1,1
3,992,1.5707963267948966,-0.7853981633974483,2.2641582513781984,1,-1,-1
3,993,1.5707963267948966,-0.7853981633974483,1.6976888113080895,-1,-1,1
3,994,1.5707963267948966,-0.7853981633974483,-1.865666886900235,1,1,1
3,995,1.5707963267948966,-0.7853981633974483,1.4906071493303097,1,1,1
3,996,1.5707963267948966,-0.7853981633974483,-2.96970252150135,-1,-1,1
3,997,1.5707963267948966,-0.7853981633974483,3.060946308289326,1,1,1
3,998,1.5707963267948966,-0.7853981633974483,0.2464472307724037,-1,1,-1
3,999,1.5707963267948966,-0.7853981633974483,0.8129631333019045,-1,1,-1
