scenario,time,pair,Q_real,Q_imag,R,delta
free,0.0,AB,1.0,2.4456244684357855e-11,1.0,2.4456244684357855e-11
free,0.0,BC,0.00230686075417591,-0.007420739779384018,0.007771035028391611,-1.2694001544577862
free,0.0,AC,0.0023068607595171844,-0.007420739743457589,0.007771034995670217,-1.2694001524290475
free,0.1,AB,1.0,2.4456244684357855e-11,1.0,2.4456244684357855e-11
free,0.1,BC,0.00230686075417591,-0.007420739779384018,0.007771035028391611,-1.2694001544577862
free,0.1,AC,0.0023068607595171844,-0.007420739743457589,0.007771034995670217,-1.2694001524290475
free,0.2,AB,1.0,2.4456244684357855e-11,1.0,2.4456244684357855e-11
free,0.2,BC,0.00230686075417591,-0.007420739779384018,0.007771035028391611,-1.2694001544577862
free,0.2,AC,0.0023068607595171844,-0.007420739743457589,0.007771034995670217,-1.2694001524290475
free,0.3,AB,1.0,2.4456244684357855e-11,1.0,2.4456244684357855e-11
free,0.3,BC,0.00230686075417591,-0.007420739779384018,0.007771035028391611,-1.2694001544577862
free,0.3,AC,0.0023068607595171844,-0.007420739743457589,0.007771034995670217,-1.2694001524290475
free,0.4,AB,1.0,2.4456244684357855e-11,1.0,2.4456244684357855e-11
free,0.4,BC,0.00230686075417591,-0.007420739779384018,0.007771035028391611,-1.2694001544577862
free,0.4,AC,0.0023068607595171844,-0.007420739743457589,0.007771034995670217,-1.2694001524290475
free,0.5,AB,1.0,2.4456244684357855e-11,1.0,2.4456244684357855e-11
free,0.5,BC,0.00230686075417591,-0.007420739779384018,0.007771035028391611,-1.2694001544577862
free,0.5,AC,0.0023068607595171844,-0.007420739743457589,0.007771034995670217,-1.2694001524290475
free,0.6,AB,1.0,2.4456244684357855e-11,1.0,2.4456244684357855e-11
free,0.6,BC,0.00230686075417591,-0.007420739779384018,0.007771035028391611,-1.2694001544577862
free,0.6,AC,0.0023068607595171844,-0.007420739743457589,0.007771034995670217,-1.2694001524290475
free,0.7000000000000001,AB,1.0,2.4456244684357855e-11,1.0,2.4456244684357855e-11
free,0.7000000000000001,BC,0.00230686075417591,-0.007420739779384018,0.007771035028391611,-1.2694001544577862
free,0.7000000000000001,AC,0.0023068607595171844,-0.007420739743457589,0.007771034995670217,-1.2694001524290475
free,0.8,AB,1.0,2.4456244684357855e-11,1.0,2.4456244684357855e-11
free,0.8,BC,0.00230686075417591,-0.007420739779384018,0.007771035028391611,-1.2694001544577862
free,0.8,AC,0.0023068607595171844,-0.007420739743457589,0.007771034995670217,-1.2694001524290475
free,0.9,AB,1.0,2.4456244684357855e-11,1.0,2.4456244684357855e-11
free,0.9,BC,0.00230686075417591,-0.007420739779384018,0.007771035028391611,-1.2694001544577862
free,0.9,AC,0.0023068607595171844,-0.007420739743457589,0.007771034995670217,-1.2694001524290475
free,1.0,AB,1.0,2.4456244684357855e-11,1.0,2.4456244684357855e-11
free,1.0,BC,0.00230686075417591,-0.007420739779384018,0.007771035028391611,-1.2694001544577862
free,1.0,AC,0.0023068607595171844,-0.007420739743457589,0.007771034995670217,-1.2694001524290475
free,1.1,AB,1.0,2.4456244684357855e-11,1.0,2.4456244684357855e-11
free,1.1,BC,0.00230686075417591,-0.007420739779384018,0.007771035028391611,-1.2694001544577862
free,1.1,AC,0.0023068607595171844,-0.007420739743457589,0.007771034995670217,-1.2694001524290475
free,1.2,AB,1.0,2.4456244684357855e-11,1.0,2.4456244684357855e-11
free,1.2,BC,0.00230686075417591,-0.007420739779384018,0.007771035028391611,-1.2694001544577862
free,1.2,AC,0.0023068607595171844,-0.007420739743457589,0.007771034995670217,-1.2694001524290475
free,1.3,AB,1.0,2.4456244684357855e-11,1.0,2.4456244684357855e-11
free,1.3,BC,0.00230686075417591,-0.007420739779384018,0.007771035028391611,-1.2694001544577862
free,1.3,AC,0.0023068607595171844,-0.007420739743457589,0.007771034995670217,-1.2694001524290475
free,1.4000000000000001,AB,1.0,2.4456244684357855e-11,1.0,2.4456244684357855e-11
free,1.4000000000000001,BC,0.00230686075417591,-0.007420739779384018,0.007771035028391611,-1.2694001544577862
free,1.4000000000000001,AC,0.0023068607595171844,-0.007420739743457589,0.007771034995670217,-1.2694001524290475
free,1.5,AB,1.0,2.4456244684357855e-11,1.0,2.4456244684357855e-11
free,1.5,BC,0.00230686075417591,-0.007420739779384018,0.007771035028391611,-1.2694001544577862
free,1.5,AC,0.0023068607595171844,-0.007420739743457589,0.007771034995670217,-1.2694001524290475
free,1.6,AB,1.0,2.4456244684357855e-11,1.0,2.4456244684357855e-11
free,1.6,BC,0.00230686075417591,-0.007420739779384018,0.007771035028391611,-1.2694001544577862
free,1.6,AC,0.0023068607595171844,-0.007420739743457589,0.007771034995670217,-1.2694001524290475
free,1.7,AB,1.0,2.4456244684357855e-11,1.0,2.4456244684357855e-11
free,1.7,BC,0.00230686075417591,-0.007420739779384018,0.007771035028391611,-1.2694001544577862
free,1.7,AC,0.0023068607595171844,-0.007420739743457589,0.007771034995670217,-1.2694001524290475
free,1.8,AB,1.0,2.4456244684357855e-11,1.0,2.4456244684357855e-11
free,1.8,BC,0.00230686075417591,-0.007420739779384018,0.007771035028391611,-1.2694001544577862
free,1.8,AC,0.0023068607595171844,-0.007420739743457589,0.007771034995670217,-1.2694001524290475
free,1.9000000000000001,AB,1.0,2.4456244684357855e-11,1.0,2.4456244684357855e-11
free,1.9000000000000001,BC,0.00230686075417591,-0.007420739779384018,0.007771035028391611,-1.2694001544577862
free,1.9000000000000001,AC,0.0023068607595171844,-0.007420739743457589,0.007771034995670217,-1.2694001524290475
free,2.0,AB,1.0,2.4456244684357855e-11,1.0,2.4456244684357855e-11
free,2.0,BC,0.00230686075417591,-0.007420739779384018,0.007771035028391611,-1.2694001544577862
free,2.0,AC,0.0023068607595171844,-0.007420739743457589,0.007771034995670217,-1.2694001524290475
free,2.1,AB,1.0,2.4456244684357855e-11,1.0,2.4456244684357855e-11
free,2.1,BC,0.00230686075417591,-0.007420739779384018,0.007771035028391611,-1.2694001544577862
free,2.1,AC,0.0023068607595171844,-0.007420739743457589,0.007771034995670217,-1.2694001524290475
free,2.2,AB,1.0,2.4456244684357855e-11,1.0,2.4456244684357855e-11
free,2.2,BC,0.00230686075417591,-0.007420739779384018,0.007771035028391611,-1.2694001544577862
free,2.2,AC,0.0023068607595171844,-0.007420739743457589,0.007771034995670217,-1.2694001524290475
free,2.3000000000000003,AB,1.0,2.4456244684357855e-11,1.0,2.4456244684357855e-11
free,2.3000000000000003,BC,0.00230686075417591,-0.007420739779384018,0.007771035028391611,-1.2694001544577862
free,2.3000000000000003,AC,0.0023068607595171844,-0.007420739743457589,0.007771034995670217,-1.2694001524290475
free,2.4,AB,1.0,2.4456244684357855e-11,1.0,2.4456244684357855e-11
free,2.4,BC,0.00230686075417591,-0.007420739779384018,0.007771035028391611,-1.2694001544577862
free,2.4,AC,0.0023068607595171844,-0.007420739743457589,0.007771034995670217,-1.2694001524290475
free,2.5,AB,1.0,2.4456244684357855e-11,1.0,2.4456244684357855e-11
free,2.5,BC,0.00230686075417591,-0.007420739779384018,0.007771035028391611,-1.2694001544577862
free,2.5,AC,0.0023068607595171844,-0.007420739743457589,0.007771034995670217,-1.2694001524290475
free,2.6,AB,1.0,2.4456244684357855e-11,1.0,2.4456244684357855e-11
free,2.6,BC,0.00230686075417591,-0.007420739779384018,0.007771035028391611,-1.2694001544577862
free,2.6,AC,0.0023068607595171844,-0.007420739743457589,0.007771034995670217,-1.2694001524290475
free,2.7,AB,1.0,2.4456244684357855e-11,1.0,2.4456244684357855e-11
free,2.7,BC,0.00230686075417591,-0.007420739779384018,0.007771035028391611,-1.2694001544577862
free,2.7,AC,0.0023068607595171844,-0.007420739743457589,0.007771034995670217,-1.2694001524290475
free,2.8000000000000003,AB,1.0,2.4456244684357855e-11,1.0,2.4456244684357855e-11
free,2.8000000000000003,BC,0.00230686075417591,-0.007420739779384018,0.007771035028391611,-1.2694001544577862
free,2.8000000000000003,AC,0.0023068607595171844,-0.007420739743457589,0.007771034995670217,-1.2694001524290475
free,2.9,AB,1.0,2.4456244684357855e-11,1.0,2.4456244684357855e-11
free,2.9,BC,0.00230686075417591,-0.007420739779384018,0.007771035028391611,-1.2694001544577862
free,2.9,AC,0.0023068607595171844,-0.007420739743457589,0.007771034995670217,-1.2694001524290475
free,3.0,AB,1.0,2.4456244684357855e-11,1.0,2.4456244684357855e-11
free,3.0,BC,0.00230686075417591,-0.007420739779384018,0.007771035028391611,-1.2694001544577862
free,3.0,AC,0.0023068607595171844,-0.007420739743457589,0.007771034995670217,-1.2694001524290475
free,3.1,AB,1.0,2.4456244684357855e-11,1.0,2.4456244684357855e-11
free,3.1,BC,0.00230686075417591,-0.007420739779384018,0.007771035028391611,-1.2694001544577862
free,3.1,AC,0.0023068607595171844,-0.007420739743457589,0.007771034995670217,-1.2694001524290475
free,3.2,AB,1.0,2.4456244684357855e-11,1.0,2.4456244684357855e-11
free,3.2,BC,0.00230686075417591,-0.007420739779384018,0.007771035028391611,-1.2694001544577862
free,3.2,AC,0.0023068607595171844,-0.007420739743457589,0.007771034995670217,-1.2694001524290475
free,3.3000000000000003,AB,1.0,2.4456244684357855e-11,1.0,2.4456244684357855e-11
free,3.3000000000000003,BC,0.00230686075417591,-0.007420739779384018,0.007771035028391611,-1.2694001544577862
free,3.3000000000000003,AC,0.0023068607595171844,-0.007420739743457589,0.007771034995670217,-1.2694001524290475
free,3.4,AB,1.0,2.4456244684357855e-11,1.0,2.4456244684357855e-11
free,3.4,BC,0.00230686075417591,-0.007420739779384018,0.007771035028391611,-1.2694001544577862
free,3.4,AC,0.0023068607595171844,-0.007420739743457589,0.007771034995670217,-1.2694001524290475
free,3.5,AB,1.0,2.4456244684357855e-11,1.0,2.4456244684357855e-11
free,3.5,BC,0.00230686075417591,-0.007420739779384018,0.007771035028391611,-1.2694001544577862
free,3.5,AC,0.0023068607595171844,-0.007420739743457589,0.007771034995670217,-1.2694001524290475
free,3.6,AB,1.0,2.4456244684357855e-11,1.0,2.4456244684357855e-11
free,3.6,BC,0.00230686075417591,-0.007420739779384018,0.007771035028391611,-1.2694001544577862
free,3.6,AC,0.0023068607595171844,-0.007420739743457589,0.007771034995670217,-1.2694001524290475
free,3.7,AB,1.0,2.4456244684357855e-11,1.0,2.4456244684357855e-11
free,3.7,BC,0.00230686075417591,-0.007420739779384018,0.007771035028391611,-1.2694001544577862
free,3.7,AC,0.0023068607595171844,-0.007420739743457589,0.007771034995670217,-1.2694001524290475
free,3.8000000000000003,AB,1.0,2.4456244684357855e-11,1.0,2.4456244684357855e-11
free,3.8000000000000003,BC,0.00230686075417591,-0.007420739779384018,0.007771035028391611,-1.2694001544577862
free,3.8000000000000003,AC,0.0023068607595171844,-0.007420739743457589,0.007771034995670217,-1.2694001524290475
free,3.9,AB,1.0,2.4456244684357855e-11,1.0,2.4456244684357855e-11
free,3.9,BC,0.00230686075417591,-0.007420739779384018,0.007771035028391611,-1.2694001544577862
free,3.9,AC,0.0023068607595171844,-0.007420739743457589,0.007771034995670217,-1.2694001524290475
free,4.0,AB,1.0,2.4456244684357855e-11,1.0,2.4456244684357855e-11
free,4.0,BC,0.00230686075417591,-0.007420739779384018,0.007771035028391611,-1.2694001544577862
free,4.0,AC,0.0023068607595171844,-0.007420739743457589,0.007771034995670217,-1.2694001524290475
free,4.1,AB,1.0,2.4456244684357855e-11,1.0,2.4456244684357855e-11
free,4.1,BC,0.00230686075417591,-0.007420739779384018,0.007771035028391611,-1.2694001544577862
free,4.1,AC,0.0023068607595171844,-0.007420739743457589,0.007771034995670217,-1.2694001524290475
free,4.2,AB,1.0,2.4456244684357855e-11,1.0,2.4456244684357855e-11
free,4.2,BC,0.00230686075417591,-0.007420739779384018,0.007771035028391611,-1.2694001544577862
free,4.2,AC,0.0023068607595171844,-0.007420739743457589,0.007771034995670217,-1.2694001524290475
free,4.3,AB,1.0,2.4456244684357855e-11,1.0,2.4456244684357855e-11
free,4.3,BC,0.00230686075417591,-0.007420739779384018,0.007771035028391611,-1.2694001544577862
free,4.3,AC,0.0023068607595171844,-0.007420739743457589,0.007771034995670217,-1.2694001524290475
free,4.4,AB,1.0,2.4456244684357855e-11,1.0,2.4456244684357855e-11
free,4.4,BC,0.00230686075417591,-0.007420739779384018,0.007771035028391611,-1.2694001544577862
free,4.4,AC,0.0023068607595171844,-0.007420739743457589,0.007771034995670217,-1.2694001524290475
free,4.5,AB,1.0,2.4456244684357855e-11,1.0,2.4456244684357855e-11
free,4.5,BC,0.00230686075417591,-0.007420739779384018,0.007771035028391611,-1.2694001544577862
free,4.5,AC,0.0023068607595171844,-0.007420739743457589,0.007771034995670217,-1.2694001524290475
free,4.6000000000000005,AB,1.0,2.4456244684357855e-11,1.0,2.4456244684357855e-11
free,4.6000000000000005,BC,0.00230686075417591,-0.007420739779384018,0.007771035028391611,-1.2694001544577862
free,4.6000000000000005,AC,0.0023068607595171844,-0.007420739743457589,0.007771034995670217,-1.2694001524290475
free,4.7,AB,1.0,2.4456244684357855e-11,1.0,2.4456244684357855e-11
free,4.7,BC,0.00230686075417591,-0.007420739779384018,0.007771035028391611,-1.2694001544577862
free,4.7,AC,0.0023068607595171844,-0.007420739743457589,0.007771034995670217,-1.2694001524290475
free,4.8,AB,1.0,2.4456244684357855e-11,1.0,2.4456244684357855e-11
free,4.8,BC,0.00230686075417591,-0.007420739779384018,0.007771035028391611,-1.2694001544577862
free,4.8,AC,0.0023068607595171844,-0.007420739743457589,0.007771034995670217,-1.2694001524290475
free,4.9,AB,1.0,2.4456244684357855e-11,1.0,2.4456244684357855e-11
free,4.9,BC,0.00230686075417591,-0.007420739779384018,0.007771035028391611,-1.2694001544577862
free,4.9,AC,0.0023068607595171844,-0.007420739743457589,0.007771034995670217,-1.2694001524290475
free,5.0,AB,1.0,2.4456244684357855e-11,1.0,2.4456244684357855e-11
free,5.0,BC,0.00230686075417591,-0.007420739779384018,0.007771035028391611,-1.2694001544577862
free,5.0,AC,0.0023068607595171844,-0.007420739743457589,0.007771034995670217,-1.2694001524290475
free,5.1000000000000005,AB,1.0,2.4456244684357855e-11,1.0,2.4456244684357855e-11
free,5.1000000000000005,BC,0.00230686075417591,-0.007420739779384018,0.007771035028391611,-1.2694001544577862
free,5.1000000000000005,AC,0.0023068607595171844,-0.007420739743457589,0.007771034995670217,-1.2694001524290475
free,5.2,AB,1.0,2.4456244684357855e-11,1.0,2.4456244684357855e-11
free,5.2,BC,0.00230686075417591,-0.007420739779384018,0.007771035028391611,-1.2694001544577862
free,5.2,AC,0.0023068607595171844,-0.007420739743457589,0.007771034995670217,-1.2694001524290475
free,5.3,AB,1.0,2.4456244684357855e-11,1.0,2.4456244684357855e-11
free,5.3,BC,0.00230686075417591,-0.007420739779384018,0.007771035028391611,-1.2694001544577862
free,5.3,AC,0.0023068607595171844,-0.007420739743457589,0.007771034995670217,-1.2694001524290475
free,5.4,AB,1.0,2.4456244684357855e-11,1.0,2.4456244684357855e-11
free,5.4,BC,0.00230686075417591,-0.007420739779384018,0.007771035028391611,-1.2694001544577862
free,5.4,AC,0.0023068607595171844,-0.007420739743457589,0.007771034995670217,-1.2694001524290475
free,5.5,AB,1.0,2.4456244684357855e-11,1.0,2.4456244684357855e-11
free,5.5,BC,0.00230686075417591,-0.007420739779384018,0.007771035028391611,-1.2694001544577862
free,5.5,AC,0.0023068607595171844,-0.007420739743457589,0.007771034995670217,-1.2694001524290475
free,5.6000000000000005,AB,1.0,2.4456244684357855e-11,1.0,2.4456244684357855e-11
free,5.6000000000000005,BC,0.00230686075417591,-0.007420739779384018,0.007771035028391611,-1.2694001544577862
free,5.6000000000000005,AC,0.0023068607595171844,-0.007420739743457589,0.007771034995670217,-1.2694001524290475
free,5.7,AB,1.0,2.4456244684357855e-11,1.0,2.4456244684357855e-11
free,5.7,BC,0.00230686075417591,-0.007420739779384018,0.007771035028391611,-1.2694001544577862
free,5.7,AC,0.0023068607595171844,-0.007420739743457589,0.007771034995670217,-1.2694001524290475
free,5.8,AB,1.0,2.4456244684357855e-11,1.0,2.4456244684357855e-11
free,5.8,BC,0.00230686075417591,-0.007420739779384018,0.007771035028391611,-1.2694001544577862
free,5.8,AC,0.0023068607595171844,-0.007420739743457589,0.007771034995670217,-1.2694001524290475
free,5.9,AB,1.0,2.4456244684357855e-11,1.0,2.4456244684357855e-11
free,5.9,BC,0.00230686075417591,-0.007420739779384018,0.007771035028391611,-1.2694001544577862
free,5.9,AC,0.0023068607595171844,-0.007420739743457589,0.007771034995670217,-1.2694001524290475
free,6.0,AB,1.0,2.4456244684357855e-11,1.0,2.4456244684357855e-11
free,6.0,BC,0.00230686075417591,-0.007420739779384018,0.007771035028391611,-1.2694001544577862
free,6.0,AC,0.0023068607595171844,-0.007420739743457589,0.007771034995670217,-1.2694001524290475
free,6.1000000000000005,AB,1.0,2.4456244684357855e-11,1.0,2.4456244684357855e-11
free,6.1000000000000005,BC,0.00230686075417591,-0.007420739779384018,0.007771035028391611,-1.2694001544577862
free,6.1000000000000005,AC,0.0023068607595171844,-0.007420739743457589,0.007771034995670217,-1.2694001524290475
free,6.2,AB,1.0,2.4456244684357855e-11,1.0,2.4456244684357855e-11
free,6.2,BC,0.00230686075417591,-0.007420739779384018,0.007771035028391611,-1.2694001544577862
free,6.2,AC,0.0023068607595171844,-0.007420739743457589,0.007771034995670217,-1.2694001524290475
free,6.3,AB,1.0,2.4456244684357855e-11,1.0,2.4456244684357855e-11
free,6.3,BC,0.00230686075417591,-0.007420739779384018,0.007771035028391611,-1.2694001544577862
free,6.3,AC,0.0023068607595171844,-0.007420739743457589,0.007771034995670217,-1.2694001524290475
free,6.4,AB,1.0,2.4456244684357855e-11,1.0,2.4456244684357855e-11
free,6.4,BC,0.00230686075417591,-0.007420739779384018,0.007771035028391611,-1.2694001544577862
free,6.4,AC,0.0023068607595171844,-0.007420739743457589,0.007771034995670217,-1.2694001524290475
free,6.5,AB,1.0,2.4456244684357855e-11,1.0,2.4456244684357855e-11
free,6.5,BC,0.00230686075417591,-0.007420739779384018,0.007771035028391611,-1.2694001544577862
free,6.5,AC,0.0023068607595171844,-0.007420739743457589,0.007771034995670217,-1.2694001524290475
free,6.6000000000000005,AB,1.0,2.4456244684357855e-11,1.0,2.4456244684357855e-11
free,6.6000000000000005,BC,0.00230686075417591,-0.007420739779384018,0.007771035028391611,-1.2694001544577862
free,6.6000000000000005,AC,0.0023068607595171844,-0.007420739743457589,0.007771034995670217,-1.2694001524290475
free,6.7,AB,1.0,2.4456244684357855e-11,1.0,2.4456244684357855e-11
free,6.7,BC,0.00230686075417591,-0.007420739779384018,0.007771035028391611,-1.2694001544577862
free,6.7,AC,0.0023068607595171844,-0.007420739743457589,0.007771034995670217,-1.2694001524290475
free,6.8,AB,1.0,2.4456244684357855e-11,1.0,2.4456244684357855e-11
free,6.8,BC,0.00230686075417591,-0.007420739779384018,0.007771035028391611,-1.2694001544577862
free,6.8,AC,0.0023068607595171844,-0.007420739743457589,0.007771034995670217,-1.2694001524290475
free,6.9,AB,1.0,2.4456244684357855e-11,1.0,2.4456244684357855e-11
free,6.9,BC,0.00230686075417591,-0.007420739779384018,0.007771035028391611,-1.2694001544577862
free,6.9,AC,0.0023068607595171844,-0.007420739743457589,0.007771034995670217,-1.2694001524290475
free,7.0,AB,1.0,2.4456244684357855e-11,1.0,2.4456244684357855e-11
free,7.0,BC,0.00230686075417591,-0.007420739779384018,0.007771035028391611,-1.2694001544577862
free,7.0,AC,0.0023068607595171844,-0.007420739743457589,0.007771034995670217,-1.2694001524290475
free,7.1000000000000005,AB,1.0,2.4456244684357855e-11,1.0,2.4456244684357855e-11
free,7.1000000000000005,BC,0.00230686075417591,-0.007420739779384018,0.007771035028391611,-1.2694001544577862
free,7.1000000000000005,AC,0.0023068607595171844,-0.007420739743457589,0.007771034995670217,-1.2694001524290475
free,7.2,AB,1.0,2.4456244684357855e-11,1.0,2.4456244684357855e-11
free,7.2,BC,0.00230686075417591,-0.007420739779384018,0.007771035028391611,-1.2694001544577862
free,7.2,AC,0.0023068607595171844,-0.007420739743457589,0.007771034995670217,-1.2694001524290475
free,7.3,AB,1.0,2.4456244684357855e-11,1.0,2.4456244684357855e-11
free,7.3,BC,0.00230686075417591,-0.007420739779384018,0.007771035028391611,-1.2694001544577862
free,7.3,AC,0.0023068607595171844,-0.007420739743457589,0.007771034995670217,-1.2694001524290475
free,7.4,AB,1.0,2.4456244684357855e-11,1.0,2.4456244684357855e-11
free,7.4,BC,0.00230686075417591,-0.007420739779384018,0.007771035028391611,-1.2694001544577862
free,7.4,AC,0.0023068607595171844,-0.007420739743457589,0.007771034995670217,-1.2694001524290475
free,7.5,AB,1.0,2.4456244684357855e-11,1.0,2.4456244684357855e-11
free,7.5,BC,0.00230686075417591,-0.007420739779384018,0.007771035028391611,-1.2694001544577862
free,7.5,AC,0.0023068607595171844,-0.007420739743457589,0.007771034995670217,-1.2694001524290475
free,7.6000000000000005,AB,1.0,2.4456244684357855e-11,1.0,2.4456244684357855e-11
free,7.6000000000000005,BC,0.00230686075417591,-0.007420739779384018,0.007771035028391611,-1.2694001544577862
free,7.6000000000000005,AC,0.0023068607595171844,-0.007420739743457589,0.007771034995670217,-1.2694001524290475
free,7.7,AB,1.0,2.4456244684357855e-11,1.0,2.4456244684357855e-11
free,7.7,BC,0.00230686075417591,-0.007420739779384018,0.007771035028391611,-1.2694001544577862
free,7.7,AC,0.0023068607595171844,-0.007420739743457589,0.007771034995670217,-1.2694001524290475
free,7.8,AB,1.0,2.4456244684357855e-11,1.0,2.4456244684357855e-11
free,7.8,BC,0.00230686075417591,-0.007420739779384018,0.007771035028391611,-1.2694001544577862
free,7.8,AC,0.0023068607595171844,-0.007420739743457589,0.007771034995670217,-1.2694001524290475
free,7.9,AB,1.0,2.4456244684357855e-11,1.0,2.4456244684357855e-11
free,7.9,BC,0.00230686075417591,-0.007420739779384018,0.007771035028391611,-1.2694001544577862
free,7.9,AC,0.0023068607595171844,-0.007420739743457589,0.007771034995670217,-1.2694001524290475
free,8.0,AB,1.0,2.4456244684357855e-11,1.0,2.4456244684357855e-11
free,8.0,BC,0.00230686075417591,-0.007420739779384018,0.007771035028391611,-1.2694001544577862
free,8.0,AC,0.0023068607595171844,-0.007420739743457589,0.007771034995670217,-1.2694001524290475
free,8.1,AB,1.0,2.4456244684357855e-11,1.0,2.4456244684357855e-11
free,8.1,BC,0.00230686075417591,-0.007420739779384018,0.007771035028391611,-1.2694001544577862
free,8.1,AC,0.0023068607595171844,-0.007420739743457589,0.007771034995670217,-1.2694001524290475
free,8.2,AB,1.0,2.4456244684357855e-11,1.0,2.4456244684357855e-11
free,8.2,BC,0.00230686075417591,-0.007420739779384018,0.007771035028391611,-1.2694001544577862
free,8.2,AC,0.0023068607595171844,-0.007420739743457589,0.007771034995670217,-1.2694001524290475
free,8.3,AB,1.0,2.4456244684357855e-11,1.0,2.4456244684357855e-11
free,8.3,BC,0.00230686075417591,-0.007420739779384018,0.007771035028391611,-1.2694001544577862
free,8.3,AC,0.0023068607595171844,-0.007420739743457589,0.007771034995670217,-1.2694001524290475
free,8.4,AB,1.0,2.4456244684357855e-11,1.0,2.4456244684357855e-11
free,8.4,BC,0.00230686075417591,-0.007420739779384018,0.007771035028391611,-1.2694001544577862
free,8.4,AC,0.0023068607595171844,-0.007420739743457589,0.007771034995670217,-1.2694001524290475
free,8.5,AB,1.0,2.4456244684357855e-11,1.0,2.4456244684357855e-11
free,8.5,BC,0.00230686075417591,-0.007420739779384018,0.007771035028391611,-1.2694001544577862
free,8.5,AC,0.0023068607595171844,-0.007420739743457589,0.007771034995670217,-1.2694001524290475
free,8.6,AB,1.0,2.4456244684357855e-11,1.0,2.4456244684357855e-11
free,8.6,BC,0.00230686075417591,-0.007420739779384018,0.007771035028391611,-1.2694001544577862
free,8.6,AC,0.0023068607595171844,-0.007420739743457589,0.007771034995670217,-1.2694001524290475
free,8.700000000000001,AB,1.0,2.4456244684357855e-11,1.0,2.4456244684357855e-11
free,8.700000000000001,BC,0.00230686075417591,-0.007420739779384018,0.007771035028391611,-1.2694001544577862
free,8.700000000000001,AC,0.0023068607595171844,-0.007420739743457589,0.007771034995670217,-1.2694001524290475
free,8.8,AB,1.0,2.4456244684357855e-11,1.0,2.4456244684357855e-11
free,8.8,BC,0.00230686075417591,-0.007420739779384018,0.007771035028391611,-1.2694001544577862
free,8.8,AC,0.0023068607595171844,-0.007420739743457589,0.007771034995670217,-1.2694001524290475
free,8.9,AB,1.0,2.4456244684357855e-11,1.0,2.4456244684357855e-11
free,8.9,BC,0.00230686075417591,-0.007420739779384018,0.007771035028391611,-1.2694001544577862
free,8.9,AC,0.0023068607595171844,-0.007420739743457589,0.007771034995670217,-1.2694001524290475
free,9.0,AB,1.0,2.4456244684357855e-11,1.0,2.4456244684357855e-11
free,9.0,BC,0.00230686075417591,-0.007420739779384018,0.007771035028391611,-1.2694001544577862
free,9.0,AC,0.0023068607595171844,-0.007420739743457589,0.007771034995670217,-1.2694001524290475
free,9.1,AB,1.0,2.4456244684357855e-11,1.0,2.4456244684357855e-11
free,9.1,BC,0.00230686075417591,-0.007420739779384018,0.007771035028391611,-1.2694001544577862
free,9.1,AC,0.0023068607595171844,-0.007420739743457589,0.007771034995670217,-1.2694001524290475
free,9.200000000000001,AB,1.0,2.4456244684357855e-11,1.0,2.4456244684357855e-11
free,9.200000000000001,BC,0.00230686075417591,-0.007420739779384018,0.007771035028391611,-1.2694001544577862
free,9.200000000000001,AC,0.0023068607595171844,-0.007420739743457589,0.007771034995670217,-1.2694001524290475
free,9.3,AB,1.0,2.4456244684357855e-11,1.0,2.4456244684357855e-11
free,9.3,BC,0.00230686075417591,-0.007420739779384018,0.007771035028391611,-1.2694001544577862
free,9.3,AC,0.0023068607595171844,-0.007420739743457589,0.007771034995670217,-1.2694001524290475
free,9.4,AB,1.0,2.4456244684357855e-11,1.0,2.4456244684357855e-11
free,9.4,BC,0.00230686075417591,-0.007420739779384018,0.007771035028391611,-1.2694001544577862
free,9.4,AC,0.0023068607595171844,-0.007420739743457589,0.007771034995670217,-1.2694001524290475
free,9.5,AB,1.0,2.4456244684357855e-11,1.0,2.4456244684357855e-11
free,9.5,BC,0.00230686075417591,-0.007420739779384018,0.007771035028391611,-1.2694001544577862
free,9.5,AC,0.0023068607595171844,-0.007420739743457589,0.007771034995670217,-1.2694001524290475
free,9.6,AB,1.0,2.4456244684357855e-11,1.0,2.4456244684357855e-11
free,9.6,BC,0.00230686075417591,-0.007420739779384018,0.007771035028391611,-1.2694001544577862
free,9.6,AC,0.0023068607595171844,-0.007420739743457589,0.007771034995670217,-1.2694001524290475
free,9.700000000000001,AB,1.0,2.4456244684357855e-11,1.0,2.4456244684357855e-11
free,9.700000000000001,BC,0.00230686075417591,-0.007420739779384018,0.007771035028391611,-1.2694001544577862
free,9.700000000000001,AC,0.0023068607595171844,-0.007420739743457589,0.007771034995670217,-1.2694001524290475
free,9.8,AB,1.0,2.4456244684357855e-11,1.0,2.4456244684357855e-11
free,9.8,BC,0.00230686075417591,-0.007420739779384018,0.007771035028391611,-1.2694001544577862
free,9.8,AC,0.0023068607595171844,-0.007420739743457589,0.007771034995670217,-1.2694001524290475
free,9.9,AB,1.0,2.4456244684357855e-11,1.0,2.4456244684357855e-11
free,9.9,BC,0.00230686075417591,-0.007420739779384018,0.007771035028391611,-1.2694001544577862
free,9.9,AC,0.0023068607595171844,-0.007420739743457589,0.007771034995670217,-1.2694001524290475
free,10.0,AB,1.0,2.4456244684357855e-11,1.0,2.4456244684357855e-11
free,10.0,BC,0.00230686075417591,-0.007420739779384018,0.007771035028391611,-1.2694001544577862
free,10.0,AC,0.0023068607595171844,-0.007420739743457589,0.007771034995670217,-1.2694001524290475
free,10.1,AB,1.0,2.4456244684357855e-11,1.0,2.4456244684357855e-11
free,10.1,BC,0.00230686075417591,-0.007420739779384018,0.007771035028391611,-1.2694001544577862
free,10.1,AC,0.0023068607595171844,-0.007420739743457589,0.007771034995670217,-1.2694001524290475
free,10.200000000000001,AB,1.0,2.4456244684357855e-11,1.0,2.4456244684357855e-11
free,10.200000000000001,BC,0.00230686075417591,-0.007420739779384018,0.007771035028391611,-1.2694001544577862
free,10.200000000000001,AC,0.0023068607595171844,-0.007420739743457589,0.007771034995670217,-1.2694001524290475
free,10.3,AB,1.0,2.4456244684357855e-11,1.0,2.4456244684357855e-11
free,10.3,BC,0.00230686075417591,-0.007420739779384018,0.007771035028391611,-1.2694001544577862
free,10.3,AC,0.0023068607595171844,-0.007420739743457589,0.007771034995670217,-1.2694001524290475
free,10.4,AB,1.0,2.4456244684357855e-11,1.0,2.4456244684357855e-11
free,10.4,BC,0.00230686075417591,-0.007420739779384018,0.007771035028391611,-1.2694001544577862
free,10.4,AC,0.0023068607595171844,-0.007420739743457589,0.007771034995670217,-1.2694001524290475
free,10.5,AB,1.0,2.4456244684357855e-11,1.0,2.4456244684357855e-11
free,10.5,BC,0.00230686075417591,-0.007420739779384018,0.007771035028391611,-1.2694001544577862
free,10.5,AC,0.0023068607595171844,-0.007420739743457589,0.007771034995670217,-1.2694001524290475
free,10.6,AB,1.0,2.4456244684357855e-11,1.0,2.4456244684357855e-11
free,10.6,BC,0.00230686075417591,-0.007420739779384018,0.007771035028391611,-1.2694001544577862
free,10.6,AC,0.0023068607595171844,-0.007420739743457589,0.007771034995670217,-1.2694001524290475
free,10.700000000000001,AB,1.0,2.4456244684357855e-11,1.0,2.4456244684357855e-11
free,10.700000000000001,BC,0.00230686075417591,-0.007420739779384018,0.007771035028391611,-1.2694001544577862
free,10.700000000000001,AC,0.0023068607595171844,-0.007420739743457589,0.007771034995670217,-1.2694001524290475
free,10.8,AB,1.0,2.4456244684357855e-11,1.0,2.4456244684357855e-11
free,10.8,BC,0.00230686075417591,-0.007420739779384018,0.007771035028391611,-1.2694001544577862
free,10.8,AC,0.0023068607595171844,-0.007420739743457589,0.007771034995670217,-1.2694001524290475
free,10.9,AB,1.0,2.4456244684357855e-11,1.0,2.4456244684357855e-11
free,10.9,BC,0.00230686075417591,-0.007420739779384018,0.007771035028391611,-1.2694001544577862
free,10.9,AC,0.0023068607595171844,-0.007420739743457589,0.007771034995670217,-1.2694001524290475
free,11.0,AB,1.0,2.4456244684357855e-11,1.0,2.4456244684357855e-11
free,11.0,BC,0.00230686075417591,-0.007420739779384018,0.007771035028391611,-1.2694001544577862
free,11.0,AC,0.0023068607595171844,-0.007420739743457589,0.007771034995670217,-1.2694001524290475
free,11.1,AB,1.0,2.4456244684357855e-11,1.0,2.4456244684357855e-11
free,11.1,BC,0.00230686075417591,-0.007420739779384018,0.007771035028391611,-1.2694001544577862
free,11.1,AC,0.0023068607595171844,-0.007420739743457589,0.007771034995670217,-1.2694001524290475
free,11.200000000000001,AB,1.0,2.4456244684357855e-11,1.0,2.4456244684357855e-11
free,11.200000000000001,BC,0.00230686075417591,-0.007420739779384018,0.007771035028391611,-1.2694001544577862
free,11.200000000000001,AC,0.0023068607595171844,-0.007420739743457589,0.007771034995670217,-1.2694001524290475
free,11.3,AB,1.0,2.4456244684357855e-11,1.0,2.4456244684357855e-11
free,11.3,BC,0.00230686075417591,-0.007420739779384018,0.007771035028391611,-1.2694001544577862
free,11.3,AC,0.0023068607595171844,-0.007420739743457589,0.007771034995670217,-1.2694001524290475
free,11.4,AB,1.0,2.4456244684357855e-11,1.0,2.4456244684357855e-11
free,11.4,BC,0.00230686075417591,-0.007420739779384018,0.007771035028391611,-1.2694001544577862
free,11.4,AC,0.0023068607595171844,-0.007420739743457589,0.007771034995670217,-1.2694001524290475
free,11.5,AB,1.0,2.4456244684357855e-11,1.0,2.4456244684357855e-11
free,11.5,BC,0.00230686075417591,-0.007420739779384018,0.007771035028391611,-1.2694001544577862
free,11.5,AC,0.0023068607595171844,-0.007420739743457589,0.007771034995670217,-1.2694001524290475
free,11.6,AB,1.0,2.4456244684357855e-11,1.0,2.4456244684357855e-11
free,11.6,BC,0.00230686075417591,-0.007420739779384018,0.007771035028391611,-1.2694001544577862
free,11.6,AC,0.0023068607595171844,-0.007420739743457589,0.007771034995670217,-1.2694001524290475
free,11.700000000000001,AB,1.0,2.4456244684357855e-11,1.0,2.4456244684357855e-11
free,11.700000000000001,BC,0.00230686075417591,-0.007420739779384018,0.007771035028391611,-1.2694001544577862
free,11.700000000000001,AC,0.0023068607595171844,-0.007420739743457589,0.007771034995670217,-1.2694001524290475
free,11.8,AB,1.0,2.4456244684357855e-11,1.0,2.4456244684357855e-11
free,11.8,BC,0.00230686075417591,-0.007420739779384018,0.007771035028391611,-1.2694001544577862
free,11.8,AC,0.0023068607595171844,-0.007420739743457589,0.007771034995670217,-1.2694001524290475
free,11.9,AB,1.0,2.4456244684357855e-11,1.0,2.4456244684357855e-11
free,11.9,BC,0.00230686075417591,-0.007420739779384018,0.007771035028391611,-1.2694001544577862
free,11.9,AC,0.0023068607595171844,-0.007420739743457589,0.007771034995670217,-1.2694001524290475
free,12.0,AB,1.0,2.4456244684357855e-11,1.0,2.4456244684357855e-11
free,12.0,BC,0.00230686075417591,-0.007420739779384018,0.007771035028391611,-1.2694001544577862
free,12.0,AC,0.0023068607595171844,-0.007420739743457589,0.007771034995670217,-1.2694001524290475
drift,0.0,AB,1.0,2.4456244684357855e-11,1.0,2.4456244684357855e-11
drift,0.0,BC,0.00230686075417591,-0.007420739779384018,0.007771035028391611,-1.2694001544577862
drift,0.0,AC,0.0023068607595171844,-0.007420739743457589,0.007771034995670217,-1.2694001524290475
drift,0.1,AB,0.9968017063006649,0.07991469399355078,0.9999999999999999,0.08000000002445631
drift,0.1,BC,0.001706456587470753,-0.007581358145317169,0.007771035028391605,-1.3494001544577863
drift,0.1,AC,0.0023068607595171844,-0.007420739743457589,0.007771034995670217,-1.2694001524290475
drift,0.2,AB,0.9872272833717306,0.15931820663838997,1.0,0.16000000002445638
drift,0.2,BC,0.0010951369220684737,-0.007693481691302826,0.007771035028391611,-1.4294001544577866
drift,0.2,AC,0.0023068607595171844,-0.007420739743457589,0.007771034995670217,-1.2694001524290475
drift,0.3,AB,0.9713379748462162,0.23770262645089008,1.0,0.24000000002445646
drift,0.3,BC,0.0004768121176349574,-0.007756393209280064,0.007771035028391612,-1.5094001544577864
drift,0.3,AC,0.0023068607595171844,-0.007420739743457589,0.007771034995670217,-1.2694001524290475
drift,0.4,AB,0.9492354180747476,0.31456656063933275,1.0,0.3200000000244565
drift,0.4,BC,-0.00014456265717989643,-0.007769690280226007,0.007771035028391611,-1.5894001544577865
drift,0.4,AC,0.0023068607595171844,-0.007420739743457589,0.007771034995670217,-1.2694001524290475
drift,0.5,AB,0.9210609939933612,0.3894183423311765,0.9999999999999999,0.4000000000244566
drift,0.5,BC,-0.0007650127243240788,-0.007733287848264259,0.007771035028391611,-1.6694001544577866
drift,0.5,AC,0.0023068607595171844,-0.007420739743457589,0.007771034995670217,-1.2694001524290475
drift,0.6,AB,0.8869949227679906,0.4617791755631758,1.0,0.48000000002445664
drift,0.6,BC,-0.001380569320719019,-0.007647418764732244,0.007771035028391612,-1.7494001544577868
drift,0.6,AC,0.0023068607595171844,-0.007420739743457589,0.007771034995670217,-1.2694001524290475
drift,0.7000000000000001,AB,0.847255111000425,0.5311861979416045,1.0,0.5600000000244567
drift,0.7000000000000001,BC,-0.001987294984799451,-0.007512632298727283,0.007771035028391613,-1.8294001544577867
drift,0.7000000000000001,AC,0.0023068607595171844,-0.007420739743457589,0.007771034995670217,-1.2694001524290475
drift,0.8,AB,0.8020957578696872,0.5971954413820088,1.0,0.6400000000244568
drift,0.8,BC,-0.0025813087428304474,-0.007329790623658804,0.007771035028391612,-1.909400154457787
drift,0.8,AC,0.0023068607595171844,-0.007420739743457589,0.007771034995670217,-1.2694001524290475
drift,0.9,AB,0.7518057291247686,0.65938467198986,1.0,0.7200000000244567
drift,0.9,BC,-0.0031588109338950583,-0.007100063302280788,0.007771035028391607,-1.9894001544577866
drift,0.9,AC,0.0023068607595171844,-0.007420739743457589,0.007771034995670217,-1.2694001524290475
drift,1.0,AB,0.6967067093296211,0.717356090916562,1.0,0.8000000000244569
drift,1.0,BC,-0.003716107514757495,-0.0068249198054814,0.00777103502839161,-2.0694001544577874
drift,1.0,AC,0.0023068607595171844,-0.007420739743457589,0.007771034995670217,-1.2694001524290475
drift,1.1,AB,0.6371511441797303,0.7707388789145522,1.0,0.880000000024457
drift,1.1,BC,-0.004249633689133447,-0.006506120112684014,0.007771035028391611,-2.149400154457787
drift,1.1,AC,0.0023068607595171844,-0.007420739743457589,0.007771034995670217,-1.2694001524290475
drift,1.2,AB,0.5735199860524216,0.8191915683150248,0.9999999999999999,0.9600000000244571
drift,1.2,BC,-0.004755976710221134,-0.006145703453985031,0.007771035028391609,-2.2294001544577866
drift,1.2,AC,0.0023068607595171844,-0.007420739743457589,0.007771034995670217,-1.2694001524290475
drift,1.3,AB,0.5062202572116865,0.8624042272557191,1.0,1.0400000000244571
drift,1.3,BC,-0.005231897710634452,-0.005745975266040342,0.00777103502839161,-2.3094001544577876
drift,1.3,AC,0.0023068607595171844,-0.007420739743457589,0.007771034995670217,-1.2694001524290475
drift,1.4000000000000001,AB,0.4356824462546982,0.9001004421871606,1.0,1.1200000000244572
drift,1.4000000000000001,BC,-0.005674352420101237,-0.005309492445138293,0.007771035028391609,-2.389400154457787
drift,1.4000000000000001,AC,0.0023068607595171844,-0.007420739743457589,0.007771034995670217,-1.2694001524290475
drift,1.5,AB,0.36235775445387847,0.9320390859760886,1.0,1.2000000000244573
drift,1.5,BC,-0.006080510638404176,-0.004839046991789094,0.007771035028391613,-2.4694001544577877
drift,1.5,AC,0.0023068607595171844,-0.007420739743457589,0.007771034995670217,-1.2694001524290475
drift,1.6,AB,0.28671520960852503,0.9580158602962372,0.9999999999999999,1.2800000000244574
drift,1.6,BC,-0.006447774339003778,-0.004337648151449554,0.007771035028391607,-2.549400154457788
drift,1.6,AC,0.0023068607595171844,-0.007420739743457589,0.007771034995670217,-1.2694001524290475
drift,1.7,AB,0.20923866586750334,0.9778646024404336,0.9999999999999999,1.3600000000244574
drift,1.7,BC,-0.0067737942875422535,-0.003808503165621546,0.007771035028391611,-2.629400154457788
drift,1.7,AC,0.0023068607595171844,-0.007420739743457589,0.007771034995670217,-1.2694001524290475
drift,1.8,AB,0.13042370871389697,0.9914583481948762,0.9999999999999999,1.4400000000244575
drift,1.8,BC,-0.007056485068926324,-0.003254996756451416,0.00777103502839161,-2.709400154457788
drift,1.8,AC,0.0023068607595171844,-0.007420739743457589,0.007771034995670217,-1.2694001524290475
drift,1.9000000000000001,AB,0.050774484909153234,0.9987101439768249,1.0,1.5200000000244576
drift,1.9000000000000001,BC,-0.0072940384268671814,-0.002680669476058979,0.00777103502839161,-2.789400154457788
drift,1.9000000000000001,AC,0.0023068607595171844,-0.007420739743457589,0.007771034995670217,-1.2694001524290475
drift,2.0,AB,-0.029199522325735874,0.999573603040791,1.0,1.6000000000244576
drift,2.0,BC,-0.007484934830549832,-0.0020891950590864626,0.007771035028391607,-2.8694001544577876
drift,2.0,AC,0.0023068607595171844,-0.007420739743457589,0.007771034995670217,-1.2694001524290475
drift,2.1,AB,-0.10898675226418313,0.9940432021954104,1.0,1.6800000000244577
drift,2.1,BC,-0.0076279531944447865,-0.0014843569233337975,0.00777103502839161,-2.9494001544577877
drift,2.1,AC,0.0023068607595171844,-0.007420739743457589,0.007771034995670217,-1.2694001524290475
drift,2.2,AB,-0.18807683891690136,0.9821543171330186,1.0,1.7600000000244578
drift,2.2,BC,-0.007722178689088322,-0.0008700239687960045,0.007771035028391609,-3.029400154457788
drift,2.2,AC,0.0023068607595171844,-0.007420739743457589,0.007771034995670217,-1.2694001524290475
drift,2.3000000000000003,AB,-0.2659638756325572,0.9639829961459432,0.9999999999999999,1.8400000000244578
drift,2.3000000000000003,BC,-0.007767008592869137,-0.000250125829906276,0.007771035028391605,-3.109400154457788
drift,2.3000000000000003,AC,0.0023068607595171844,-0.007420739743457589,0.007771034995670217,-1.2694001524290475
drift,2.4,AB,-0.3421496511738799,0.9396454736769566,0.9999999999999999,1.920000000024458
drift,2.4,BC,-0.007762156147389811,0.0003713722607141378,0.007771035028391608,3.0937851527217988
drift,2.4,AC,0.0023068607595171844,-0.007420739743457589,0.007771034995670217,-1.2694001524290475
drift,2.5,AB,-0.4161468365693819,0.9092974268155036,1.0,2.0000000000244578
drift,2.5,BC,-0.007707652391741919,0.000990494836212906,0.0077710350283916076,3.0137851527217983
drift,2.5,AC,0.0023068607595171844,-0.007420739743457589,0.007771034995670217,-1.2694001524290475
drift,2.6,AB,-0.4874821023557143,0.8731329794955937,0.9999999999999999,2.080000000024458
drift,2.6,BC,-0.007603845963961811,0.0016032816249277743,0.007771035028391608,2.9337851527217986
drift,2.6,AC,0.0023068607595171844,-0.007420739743457589,0.007771034995670217,-1.2694001524290475
drift,2.7,AB,-0.5556991462709466,0.8313834607650918,1.0,2.160000000024458
drift,2.7,BC,-0.00745140087093692,0.0022058128826103855,0.007771035028391613,2.8537851527217977
drift,2.7,AC,0.0023068607595171844,-0.007420739743457589,0.007771034995670217,-1.2694001524290475
drift,2.8000000000000003,AB,-0.6203616120318625,0.7843159250692471,0.9999999999999999,2.240000000024458
drift,2.8000000000000003,BC,-0.007251292241027677,0.002794234465412883,0.007771035028391612,2.7737851527217976
drift,2.8000000000000003,AC,0.0023068607595171844,-0.007420739743457589,0.007771034995670217,-1.2694001524290475
drift,2.9,AB,-0.6810558805250616,0.7322314440135939,0.9999999999999999,2.320000000024458
drift,2.9,BC,-0.007004800086573747,0.003364782483255913,0.00777103502839161,2.6937851527217975
drift,2.9,AC,0.0023068607595171844,-0.007420739743457589,0.007771034995670217,-1.2694001524290475
drift,3.0,AB,-0.7373937155577661,0.6754631805331156,1.0,2.400000000024458
drift,3.0,BC,-0.006713501116183221,0.003913807375880433,0.007771035028391613,2.613785152721798
drift,3.0,AC,0.0023068607595171844,-0.007420739743457589,0.007771034995670217,-1.2694001524290475
drift,3.1,AB,-0.7890147472445577,0.6143742577864137,1.0,2.480000000024458
drift,3.1,BC,-0.006379258649178198,0.004437797257578875,0.007771035028391613,2.533785152721798
drift,3.1,AC,0.0023068607595171844,-0.007420739743457589,0.007771034995670217,-1.2694001524290475
drift,3.2,AB,-0.8355887771448439,0.5493554364066895,1.0,2.5600000000244583
drift,3.2,BC,-0.006004210696709918,0.00493340038127898,0.007771035028391609,2.4537851527217978
drift,3.2,AC,0.0023068607595171844,-0.007420739743457589,0.007771034995670217,-1.2694001524290475
drift,3.3000000000000003,AB,-0.8768178904060415,0.48082261496720274,1.0,2.6400000000244583
drift,3.3000000000000003,BC,-0.005590756285783576,0.005397446578286889,0.007771035028391612,2.3737851527217972
drift,3.3000000000000003,AC,0.0023068607595171844,-0.007420739743457589,0.007771034995670217,-1.2694001524290475
drift,3.4,AB,-0.9124383614019667,0.4092141696497006,0.9999999999999999,2.7200000000244584
drift,3.4,BC,-0.005141540113672412,0.005826967536548228,0.007771035028391614,2.2937851527217976
drift,3.4,AC,0.0023068607595171844,-0.007420739743457589,0.007771034995670217,-1.2694001524290475
drift,3.5,AB,-0.9422223406768515,0.33498815013285954,1.0,2.8000000000244585
drift,3.5,BC,-0.004659435630880467,0.006219215787715603,0.0077710350283916145,2.2137851527217975
drift,3.5,AC,0.0023068607595171844,-0.007420739743457589,0.007771034995670217,-1.2694001524290475
drift,3.6,AB,-0.9659793124043002,0.25861934963748423,1.0,2.8800000000244586
drift,3.6,BC,-0.0041475266608653315,0.006571682281569974,0.0077710350283916145,2.1337851527217975
drift,3.6,AC,0.0023068607595171844,-0.007420739743457589,0.007771034995670217,-1.2694001524290475
drift,3.7,AB,-0.9835573130384236,0.18059626787017638,1.0,2.9600000000244586
drift,3.7,BC,-0.00360908767409187,0.006882112435379677,0.007771035028391614,2.053785152721798
drift,3.7,AC,0.0023068607595171844,-0.007420739743457589,0.007771034995670217,-1.2694001524290475
drift,3.8000000000000003,AB,-0.99484390336194,0.10141798629226925,0.9999999999999999,3.0400000000244587
drift,3.8000000000000003,BC,-0.00304756284259572,0.007148520555535904,0.007771035028391614,1.973785152721797
drift,3.8000000000000003,AC,0.0023068607595171844,-0.007420739743457589,0.007771034995670217,-1.2694001524290475
drift,3.9,AB,-0.9997668877134565,0.02159097570164295,0.9999999999999999,3.1200000000244588
drift,3.9,BC,-0.00246654400903588,0.0073692025392153955,0.007771035028391612,1.8937851527217968
drift,3.9,AC,0.0023068607595171844,-0.007420739743457589,0.007771034995670217,-1.2694001524290475
drift,4.0,AB,-0.9982947757933254,-0.05837414345199708,1.0,-3.0831853071551274
drift,4.0,BC,-0.0018697477111592233,0.007542746774823103,0.007771035028391615,1.8137851527217972
drift,4.0,AC,0.0023068607595171844,-0.007420739743457589,0.007771034995670217,-1.2694001524290475
drift,4.1,AB,-0.9904369840940986,-0.13796586729545207,1.0,-3.0031853071551278
drift,4.1,BC,-0.0012609914086419757,0.007668043171489096,0.007771035028391612,1.733785152721797
drift,4.1,AC,0.0023068607595171844,-0.007420739743457589,0.007771034995670217,-1.2694001524290475
drift,4.2,AB,-0.9762437756671103,-0.21667508041125771,1.0,-2.9231853071551273
drift,4.2,BC,-0.0006441690643753089,0.0077442902598618595,0.007771035028391612,1.6537851527217968
drift,4.2,AC,0.0023068607595171844,-0.007420739743457589,0.007771034995670217,-1.2694001524290475
drift,4.3,AB,-0.9558059386104755,-0.29399831243894575,1.0,-2.8431853071551276
drift,4.3,BC,-2.322623639136427e-05,0.007771000318777025,0.007771035028391619,1.5737851527217968
drift,4.3,AC,0.0023068607595171844,-0.007420739743457589,0.007771034995670217,-1.2694001524290475
drift,4.4,AB,-0.9292542053350871,-0.3694409585672058,1.0,-2.7631853071551276
drift,4.4,BC,0.0005978651602435159,0.00774800249500842,0.00777103502839163,1.493785152721796
drift,4.4,AC,0.0023068607595171844,-0.007420739743457589,0.007771034995670217,-1.2694001524290475
drift,4.5,AB,-0.8967584163233233,-0.44252044331678636,1.0,-2.6831853071551275
drift,4.5,BC,0.0012151322601306122,0.00767544389614566,0.007771035028391636,1.413785152721796
drift,4.5,AC,0.0023068607595171844,-0.007420739743457589,0.007771034995670217,-1.2694001524290475
drift,4.6000000000000005,AB,-0.8585264337295598,-0.5127693073767225,1.0,-2.6031853071551274
drift,4.6000000000000005,BC,0.0018246266603195865,0.0075537886496076165,0.0077710350283916405,1.333785152721796
drift,4.6000000000000005,AC,0.0023068607595171844,-0.007420739743457589,0.007771034995670217,-1.2694001524290475
drift,4.7,AB,-0.8148028117717324,-0.5797381977486724,1.0,-2.5231853071551273
drift,4.7,BC,0.002422449676613026,0.007383814933810802,0.0077710350283916475,1.2537851527217951
drift,4.7,AC,0.0023068607595171844,-0.007420739743457589,0.007771034995670217,-1.2694001524290475
drift,4.8,AB,-0.76586723241891,-0.6429987420726414,1.0,-2.4431853071551273
drift,4.8,BC,0.0030047772818405944,0.007166610000483127,0.007771035028391656,1.173785152721795
drift,4.8,AC,0.0023068607595171844,-0.007420739743457589,0.007771034995670217,-1.2694001524290475
drift,4.9,AB,-0.7120327163811362,-0.7021462887482213,1.0,-2.363185307155127
drift,4.9,BC,0.003567884566583081,0.006903563219963184,0.0077710350283916605,1.093785152721794
drift,4.9,AC,0.0023068607595171844,-0.007420739743457589,0.007771034995670217,-1.2694001524290475
drift,5.0,AB,-0.6536436208451011,-0.7568024953239159,1.0,-2.283185307155127
drift,5.0,BC,0.004108169565881004,0.006596357193971494,0.007771035028391674,1.0137851527217934
drift,5.0,AC,0.0023068607595171844,-0.007420739743457589,0.007771034995670217,-1.2694001524290475
drift,5.1000000000000005,AB,-0.5910734367633024,-0.8066177485976976,1.0,-2.2031853071551275
drift,5.1000000000000005,BC,0.00462217629951828,0.006246956992701497,0.00777103502839169,0.9337851527217913
drift,5.1000000000000005,AC,0.0023068607595171844,-0.007420739743457589,0.007771034995670217,-1.2694001524290475
drift,5.2,AB,-0.524722399786525,-0.8512734009484086,1.0,-2.1231853071551274
drift,5.2,BC,0.005106616878501696,0.0058575975850763806,0.007771035028391717,0.8537851527217902
drift,5.2,AC,0.0023068607595171844,-0.007420739743457589,0.007771034995670217,-1.2694001524290475
drift,5.3,AB,-0.4550149301215246,-0.8904838085931176,1.0,-2.0431853071551274
drift,5.3,BC,0.005558392536330222,0.005430769542574977,0.007771035028391749,0.7737851527217887
drift,5.3,AC,0.0023068607595171844,-0.007420739743457589,0.007771034995670217,-1.2694001524290475
drift,5.4,AB,-0.38239691769008066,-0.9239981587325408,1.0,-1.9631853071551277
drift,5.4,BC,0.005974613450525721,0.004969203108073678,0.007771035028391776,0.6937851527217872
drift,5.4,AC,0.0023068607595171844,-0.007420739743457589,0.007771034995670217,-1.2694001524290475
drift,5.5,AB,-0.30733286995514475,-0.9516020738970329,1.0,-1.8831853071551279
drift,5.5,BC,0.006352617227635027,0.004475850731609267,0.007771035028391813,0.6137851527217856
drift,5.5,AC,0.0023068607595171844,-0.007420739743457589,0.007771034995670217,-1.2694001524290475
drift,5.6000000000000005,AB,-0.23030294065825818,-0.9731189832308066,1.0,-1.803185307155128
drift,5.6000000000000005,BC,0.006689985933462296,0.003953868184774213,0.00777103502839185,0.5337851527217852
drift,5.6000000000000005,AC,0.0023068607595171844,-0.007420739743457589,0.007771034995670217,-1.2694001524290475
drift,5.7,AB,-0.15179985847418048,-0.9884112519428432,0.9999999999999999,-1.7231853071551284
drift,5.7,BC,0.006984561559596465,0.0034065943745478864,0.007771035028391901,0.45378515272178477
drift,5.7,AC,0.0023068607595171844,-0.007420739743457589,0.007771034995670217,-1.2694001524290475
drift,5.8,AB,-0.07232577522886038,-0.9973810616998623,1.0,-1.6431853071551286
drift,5.8,BC,0.007234459827300568,0.002837529985686262,0.0077710350283919346,0.37378515272178625
drift,5.8,AC,0.0023068607595171844,-0.007420739743457589,0.007771034995670217,-1.2694001524290475
drift,5.9,AB,0.00761094615860489,-0.9999710363298383,1.0,-1.563185307155129
drift,5.9,BC,0.007438082240465467,0.002250315088285923,0.007771035028391975,0.29378515272178585
drift,5.9,AC,0.0023068607595171844,-0.007420739743457589,0.007771034995670217,-1.2694001524290475
drift,6.0,AB,0.08749898346380978,-0.9961646088337007,1.0,-1.4831853071551295
drift,6.0,BC,0.007594126310529798,0.0016487058537576135,0.007771035028392006,0.21378515272178658
drift,6.0,AC,0.0023068607595171844,-0.007420739743457589,0.007771034995670217,-1.2694001524290475
drift,6.1000000000000005,AB,0.1668273258743356,-0.9859861273575903,1.0,-1.40318530715513
drift,6.1000000000000005,BC,0.0077015938879619735,0.0010365505281474605,0.007771035028392035,0.1337851527217842
drift,6.1000000000000005,AC,0.0023068607595171844,-0.007420739743457589,0.007771034995670217,-1.2694001524290475
drift,6.2,AB,0.24508854271507186,-0.9695006994478149,0.9999999999999999,-1.3231853071551305
drift,6.2,BC,0.007759797547010847,0.00041776481649493,0.007771035028392074,0.053785152721782914
drift,6.2,AC,0.0023068607595171844,-0.007420739743457589,0.007771034995670217,-1.2694001524290475
drift,6.3,AB,0.32178202927287647,-0.9468137755847397,1.0,-1.243185307155131
drift,6.3,BC,0.007768364982884598,-0.00020369316431678372,0.0077710350283921,-0.026214847278219815
drift,6.3,AC,0.0023068607595171844,-0.007420739743457589,0.007771034995670217,-1.2694001524290475
drift,6.4,AB,0.3964172089583735,-0.9180704746595728,1.0,-1.1631853071551317
drift,6.4,BC,0.007727241393230933,-0.0008238482040012277,0.0077710350283921375,-0.1062148472782216
drift,6.4,AC,0.0023068607595171844,-0.007420739743457589,0.007771034995670217,-1.2694001524290475
drift,6.5,AB,0.468516671321981,-0.8834546557086962,1.0,-1.0831853071551325
drift,6.5,BC,0.007636689828685043,-0.0014387334266487677,0.00777103502839217,-0.18621484727822368
drift,6.5,AC,0.0023068607595171844,-0.007420739743457589,0.007771034995670217,-1.2694001524290475
drift,6.6000000000000005,AB,0.5376192258515748,-0.8431877418432703,1.0,-1.003185307155133
drift,6.6000000000000005,BC,0.007497289510243297,-0.002044415665194992,0.007771035028392219,-0.26621484727822553
drift,6.6000000000000005,AC,0.0023068607595171844,-0.007420739743457589,0.007771034995670217,-1.2694001524290475
drift,6.7,AB,0.603282852017905,-0.7975273038969528,1.0,-0.9231853071551341
drift,6.7,BC,0.007309932124225428,-0.0026370206202675824,0.007771035028392247,-0.34621484727822804
drift,6.7,AC,0.0023068607595171844,-0.007420739743457589,0.007771034995670217,-1.2694001524290475
drift,6.8,AB,0.665087526697542,-0.7467654128515502,0.9999999999999999,-0.8431853071551351
drift,6.8,BC,0.007075816118525189,-0.0032127576424808395,0.007771035028392288,-0.42621484727822884
drift,6.8,AC,0.0023068607595171844,-0.007420739743457589,0.007771034995670217,-1.2694001524290475
drift,6.9,AB,0.7226379108874927,-0.691226771579458,1.0,-0.763185307155136
drift,6.9,BC,0.006796439036633524,-0.003767943979655783,0.007771035028392311,-0.5062148472782303
drift,6.9,AC,0.0023068607595171844,-0.007420739743457589,0.007771034995670217,-1.2694001524290475
drift,7.0,AB,0.7755658785256838,-0.6312666378533591,0.9999999999999999,-0.683185307155137
drift,7.0,BC,0.00647358793847087,-0.0042990283338663095,0.007771035028392348,-0.5862148472782327
drift,7.0,AC,0.0023068607595171844,-0.007420739743457589,0.007771034995670217,-1.2694001524290475
drift,7.1000000000000005,AB,0.8235328712414909,-0.5672685519088345,1.0,-0.6031853071551382
drift,7.1000000000000005,BC,0.006109327969302106,-0.004802613577626704,0.00777103502839238,-0.6662148472782349
drift,7.1000000000000005,AC,0.0023068607595171844,-0.007420739743457589,0.007771034995670217,-1.2694001524290475
drift,7.2,AB,0.866232063973943,-0.49964188309572544,0.9999999999999999,-0.5231853071551394
drift,7.2,BC,0.005705989149854459,-0.005275478483914544,0.007771035028392429,-0.7462148472782348
drift,7.2,AC,0.0023068607595171844,-0.007420739743457589,0.007771034995670217,-1.2694001524290475
drift,7.3,AB,0.9033903276050417,-0.4288192113113117,1.0,-0.4431853071551407
drift,7.3,BC,0.005266151472136168,-0.005714598331030836,0.007771035028392444,-0.8262148472782374
drift,7.3,AC,0.0023068607595171844,-0.007420739743457589,0.007771034995670217,-1.2694001524290475
drift,7.4,AB,0.9347699760540329,-0.3552535599651927,1.0,-0.3631853071551421
drift,7.4,BC,0.004792628396292336,-0.006117164250496741,0.007771035028392485,-0.9062148472782372
drift,7.4,AC,0.0023068607595171844,-0.007420739743457589,0.007771034995670217,-1.2694001524290475
drift,7.5,AB,0.9601702866571957,-0.2794154981754565,1.0,-0.28318530715514356
drift,7.5,BC,0.004288448854060977,-0.006480601194226225,0.0077710350283925035,-0.9862148472782386
drift,7.5,AC,0.0023068607595171844,-0.007420739743457589,0.007771034995670217,-1.2694001524290475
drift,7.6000000000000005,AB,0.979428784107903,-0.2017901307321905,0.9999999999999999,-0.20318530715514524
drift,7.6000000000000005,BC,0.0037568378739466506,-0.00680258440604626,0.007771035028392534,-1.0662148472782407
drift,7.6000000000000005,AC,0.0023068607595171844,-0.007420739743457589,0.007771034995670217,-1.2694001524290475
drift,7.7,AB,0.9924222797441198,-0.12287399508229582,1.0,-0.12318530715514692
drift,7.7,BC,0.003201195952043663,-0.007081054292202759,0.007771035028392541,-1.1462148472782425
drift,7.7,AC,0.0023068607595171844,-0.007420739743457589,0.007771034995670217,-1.2694001524290475
drift,7.8,AB,0.9990676595354453,-0.04317188518431392,1.0,-0.04318530715514871
drift,7.8,BC,0.0026250773004656835,-0.007314229595732142,0.007771035028392561,-1.2262148472782433
drift,7.8,AC,0.0023068607595171844,-0.007420739743457589,0.007771034995670217,-1.2694001524290475
drift,7.9,AB,0.999322415729273,0.03680637745024591,1.0,0.03681469284484936
drift,7.9,BC,0.002032167112517265,-0.007500618790427067,0.007771035028392573,-1.306214847278244
drift,7.9,AC,0.0023068607595171844,-0.007420739743457589,0.007771034995670217,-1.2694001524290475
drift,8.0,AB,0.993184918755345,0.11654920487476061,1.0,0.11681469284484736
drift,8.0,BC,0.0014262579900328615,-0.007639029621514249,0.0077710350283925955,-1.3862148472782458
drift,8.0,AC,0.0023068607595171844,-0.007420739743457589,0.007771034995670217,-1.2694001524290475
drift,8.1,AB,0.9806944276494397,0.19554651512450394,1.0,0.1968146928448453
drift,8.1,BC,0.0008112256836677149,-0.00772857673201623,0.007771035028392602,-1.4662148472782497
drift,8.1,AC,0.0023068607595171844,-0.007420739743457589,0.007771034995670217,-1.2694001524290475
drift,8.2,AB,0.9619308389295199,0.2732929950005123,1.0,0.27681469284484306
drift,8.2,BC,0.00019100430132013707,-0.00776868732601477,0.007771035028392634,-1.5462148472782504
drift,8.2,AC,0.0023068607595171844,-0.007420739743457589,0.007771034995670217,-1.2694001524290475
drift,8.3,AB,0.9370141755306718,0.34929133234962384,1.0,0.35681469284484074
drift,8.3,BC,-0.0004304388567336146,-0.007759104832589842,0.007771035028392626,-1.6262148472782512
drift,8.3,AC,0.0023068607595171844,-0.007420739743457589,0.007771034995670217,-1.2694001524290475
drift,8.4,AB,0.906103819067912,0.42305539716512847,1.0,0.4368146928448383
drift,8.4,BC,-0.0010491286750221665,-0.007699890546998149,0.0077710350283926284,-1.7062148472782517
drift,8.4,AC,0.0023068607595171844,-0.007420739743457589,0.007771034995670217,-1.2694001524290475
drift,8.5,AB,0.8693974903377578,0.494113351159841,1.0,0.5168146928448358
drift,8.5,BC,-0.0016611076500525936,-0.007591423238592488,0.007771035028392634,-1.7862148472782529
drift,8.5,AC,0.0023068607595171844,-0.007420739743457589,0.007771034995670217,-1.2694001524290475
drift,8.6,AB,0.8271299845798725,0.5620106659209413,1.0,0.596814692844833
drift,8.6,BC,-0.002262461204827381,-0.007434396727990563,0.007771035028392663,-1.8662148472782567
drift,8.6,AC,0.0023068607595171844,-0.007420739743457589,0.007771034995670217,-1.2694001524290475
drift,8.700000000000001,AB,0.779571669588795,0.6263130303406905,1.0,0.6768146928448303
drift,8.700000000000001,BC,-0.0028493427287782317,-0.007229815448990713,0.007771035028392689,-1.9462148472782599
drift,8.700000000000001,AC,0.0023068607595171844,-0.007420739743457589,0.007771034995670217,-1.2694001524290475
drift,8.8,AB,0.7270267562827131,0.686609128725388,1.0,0.7568146928448275
drift,8.8,BC,-0.003417998182946854,-0.006978988023623401,0.007771035028392734,-2.0262148472782657
drift,8.8,AC,0.0023068607595171844,-0.007420739743457589,0.007771034995670217,-1.2694001524290475
drift,8.9,AB,0.6698313527917396,0.742513271812153,1.0,0.8368146928448246
drift,8.9,BC,-0.0039647901130231075,-0.006683518891435972,0.007771035028392763,-2.1062148472782702
drift,8.9,AC,0.0023068607595171844,-0.007420739743457589,0.007771034995670217,-1.2694001524290475
drift,9.0,AB,0.6083513145128829,0.7936678638640016,1.0,0.9168146928448213
drift,9.0,BC,-0.004486220916639527,-0.006345298046554919,0.007771035028392786,-2.186214847278276
drift,9.0,AC,0.0023068607595171844,-0.007420739743457589,0.007771034995670217,-1.2694001524290475
drift,9.1,AB,0.5429799038840271,0.8397456900622311,1.0,0.9968146928448183
drift,9.1,BC,-0.004978955216090448,-0.005966488948173265,0.007771035028392807,-2.2662148472782806
drift,9.1,AC,0.0023068607595171844,-0.007420739743457589,0.007771034995670217,-1.2694001524290475
drift,9.200000000000001,AB,0.4741352748463785,0.8804520095646038,1.0,1.0768146928448148
drift,9.200000000000001,BC,-0.005439841193367035,-0.005549514681794739,0.007771035028392824,-2.346214847278284
drift,9.200000000000001,AC,0.0023068607595171844,-0.007420739743457589,0.007771034995670217,-1.2694001524290475
drift,9.3,AB,0.40225779808623624,0.9155264408409037,1.0,1.1568146928448115
drift,9.3,BC,-0.005865930751036629,-0.005097042459755596,0.007771035028392841,-2.4262148472782883
drift,9.3,AC,0.0023068607595171844,-0.007420739743457589,0.007771034995670217,-1.2694001524290475
drift,9.4,AB,0.3278072441654115,0.9447446272261506,1.0,1.2368146928448078
drift,9.4,BC,-0.00625449837000561,-0.004611966560167819,0.007771035028392873,-2.5062148472782924
drift,9.4,AC,0.0023068607595171844,-0.007420739743457589,0.007771034995670217,-1.2694001524290475
drift,9.5,AB,0.25125984255864714,0.9679196720376149,1.0,1.3168146928448041
drift,9.5,BC,-0.006603058543540473,-0.004097389813416232,0.007771035028392932,-2.5862148472782946
drift,9.5,AC,0.0023068607595171844,-0.007420739743457589,0.007771034995670217,-1.2694001524290475
drift,9.6,AB,0.17310523541016273,0.9849033340757823,1.0,1.3968146928448004
drift,9.6,BC,-0.0069093816760288475,-0.0035566037546327194,0.007771035028392985,-2.666214847278296
drift,9.6,AC,0.0023068607595171844,-0.007420739743457589,0.007771034995670217,-1.2694001524290475
drift,9.700000000000001,AB,0.09384334549488674,0.995586975862143,0.9999999999999999,1.4768146928447965
drift,9.700000000000001,BC,-0.007171508344782749,-0.002993067569104161,0.007771035028393046,-2.7462148472782966
drift,9.700000000000001,AC,0.0023068607595171844,-0.007420739743457589,0.007771034995670217,-1.2694001524290475
drift,9.8,AB,0.013981178418736131,0.999902258548316,1.0,1.5568146928447923
drift,9.8,BC,-0.0073877618336569695,-0.002410385965291386,0.007771035028393082,-2.8262148472782975
drift,9.8,AC,0.0023068607595171844,-0.007420739743457589,0.007771034995670217,-1.2694001524290475
drift,9.9,AB,-0.06597042048705157,0.9978215790514663,1.0,1.6368146928447882
drift,9.9,BC,-0.00755675885831051,-0.0018122861169965043,0.007771035028393105,-2.9062148472782985
drift,9.9,AC,0.0023068607595171844,-0.007420739743457589,0.007771034995670217,-1.2694001524290475
drift,10.0,AB,-0.14550003383272464,0.9893582466198358,1.0,1.716814692844784
drift,10.0,BC,-0.007677418414505735,-0.001202593822169938,0.007771035028393132,-2.9862148472783
drift,10.0,AC,0.0023068607595171844,-0.007420739743457589,0.007771034995670217,-1.2694001524290475
drift,10.1,AB,-0.22409894349604592,0.9745663976989747,1.0,1.7968146928447795
drift,10.1,BC,-0.007748968692846439,-0.0005852090308594692,0.007771035028393176,-3.0662148472783
drift,10.1,AC,0.0023068607595171844,-0.007420739743457589,0.007771034995670217,-1.2694001524290475
drift,10.200000000000001,AB,-0.30126438468222116,0.953540649643235,1.0,1.876814692844775
drift,10.200000000000001,BC,-0.007770952015724069,3.59191011610957e-05,0.007771035028393206,3.136970459901287
drift,10.200000000000001,AC,0.0023068607595171844,-0.007420739743457589,0.007771034995670217,-1.2694001524290475
drift,10.3,AB,-0.3765027619028477,0.9264154954875958,1.0,1.9568146928447703
drift,10.3,BC,-0.007743227764892631,0.0006568174735119489,0.007771035028393242,3.056970459901288
drift,10.3,AC,0.0023068607595171844,-0.007420739743457589,0.007771034995670217,-1.2694001524290475
drift,10.4,AB,-0.44933280630259387,0.8933644436512098,1.0,2.0368146928447657
drift,10.4,BC,-0.007665973280945501,0.0012735144554910753,0.007771035028393261,2.976970459901289
drift,10.4,AC,0.0023068607595171844,-0.007420739743457589,0.007771034995670217,-1.2694001524290475
drift,10.5,AB,-0.5192886541374924,0.8545989080756374,1.0,2.116814692844761
drift,10.5,BC,-0.007539682728940882,0.001882065290957165,0.007771035028393265,2.89697045990129
drift,10.5,AC,0.0023068607595171844,-0.007420739743457589,0.007771034995670217,-1.2694001524290475
drift,10.6,AB,-0.5859228267130929,0.8103668558970925,1.0,2.1968146928447556
drift,10.6,BC,-0.0073651639374318284,0.002478577331306988,0.007771035028393269,2.8169704599012926
drift,10.6,AC,0.0023068607595171844,-0.007420739743457589,0.007771034995670217,-1.2694001524290475
drift,10.700000000000001,AB,-0.648809092721038,0.7609512213029844,1.0,2.276814692844751
drift,10.700000000000001,BC,-0.00714353323112024,0.0030592349351424384,0.007771035028393267,2.736970459901294
drift,10.700000000000001,AC,0.0023068607595171844,-0.007420739743457589,0.007771034995670217,-1.2694001524290475
drift,10.8,AB,-0.7075451946648776,0.7066680957186624,1.0,2.3568146928447455
drift,10.8,BC,-0.006876208290188428,0.0036203238753541433,0.007771035028393277,2.6569704599012964
drift,10.8,AC,0.0023068607595171844,-0.007420739743457589,0.007771034995670217,-1.2694001524290475
drift,10.9,AB,-0.7617554219353004,0.647864705900987,1.0,2.4368146928447403
drift,10.9,BC,-0.006564899081983846,0.004158255097499801,0.007771035028393285,2.5769704599012995
drift,10.9,AC,0.0023068607595171844,-0.007420739743457589,0.007771034995670217,-1.2694001524290475
drift,11.0,AB,-0.8110930140758816,0.5849171928720353,1.0,2.516814692844735
drift,11.0,BC,-0.006211596923063576,0.0046695876775045796,0.007771035028393289,2.4969704599013047
drift,11.0,AC,0.0023068607595171844,-0.007420739743457589,0.007771034995670217,-1.2694001524290475
drift,11.1,AB,-0.8552423788666467,0.5182282059001799,1.0,2.5968146928447293
drift,11.1,BC,-0.005818561741563887,0.005151050831832711,0.007771035028393286,2.4169704599013078
drift,11.1,AC,0.0023068607595171844,-0.007420739743457589,0.007771034995670217,-1.2694001524290475
drift,11.200000000000001,AB,-0.8939211110372884,0.44822432691885417,1.0,2.676814692844724
drift,11.200000000000001,BC,-0.0053883076213724875,0.005599564839340161,0.007771035028393286,2.3369704599013126
drift,11.200000000000001,AC,0.0023068607595171844,-0.007420739743457589,0.007771034995670217,-1.2694001524290475
drift,11.3,AB,-0.9268817986971589,0.3753533418579345,1.0,2.756814692844718
drift,11.3,BC,-0.004923586720571132,0.006012260740980168,0.0077710350283933085,2.256970459901316
drift,11.3,AC,0.0023068607595171844,-0.007420739743457589,0.007771034995670217,-1.2694001524290475
drift,11.4,AB,-0.9539136059270503,0.30008137634190535,1.0,2.836814692844712
drift,11.4,BC,-0.0044273716670159445,0.006386498691350424,0.007771035028393336,2.1769704599013173
drift,11.4,AC,0.0023068607595171844,-0.007420739743457589,0.007771034995670217,-1.2694001524290475
drift,11.5,AB,-0.9748436214095784,0.22288991407656536,1.0,2.916814692844706
drift,11.5,BC,-0.003902836543663599,0.006719884844694917,0.007771035028393352,2.09697045990132
drift,11.5,AC,0.0023068607595171844,-0.007420739743457589,0.007771034995670217,-1.2694001524290475
drift,11.6,AB,-0.9895379644715354,0.1442727169964241,0.9999999999999999,2.9968146928447004
drift,11.6,BC,-0.003353336585272256,0.007010286667347598,0.00777103502839338,2.016970459901324
drift,11.6,AC,0.0023068607595171844,-0.007420739743457589,0.007771034995670217,-1.2694001524290475
drift,11.700000000000001,AB,-0.9979026414633172,0.06473266687333584,1.0,3.0768146928446938
drift,11.700000000000001,BC,-0.0027823867163491688,0.007255846578670252,0.007771035028393394,1.9369704599013284
drift,11.700000000000001,AC,0.0023068607595171844,-0.007420739743457589,0.007771034995670217,-1.2694001524290475
drift,11.8,AB,-0.9998841469975166,-0.015221451410703534,0.9999999999999999,-3.126370614334899
drift,11.8,BC,-0.00219363906762893,0.00745499383322948,0.007771035028393419,1.8569704599013326
drift,11.8,AC,0.0023068607595171844,-0.007420739743457589,0.007771034995670217,-1.2694001524290475
drift,11.9,AB,-0.9954698062008114,-0.09507820435051914,1.0,-3.046370614334905
drift,11.9,BC,-0.0015908596149000398,0.007606454568207055,0.007771035028393443,1.7769704599013372
drift,11.9,AC,0.0023068607595171844,-0.007420739743457589,0.007771034995670217,-1.2694001524290475
drift,12.0,AB,-0.9846878557898976,-0.17432678124686965,1.0,-2.966370614334912
drift,12.0,BC,-0.0009779040896116462,0.00770925995177483,0.007771035028393479,1.6969704599013418
drift,12.0,AC,0.0023068607595171844,-0.007420739743457589,0.007771034995670217,-1.2694001524290475
diffusion,0.0,AB,1.0,2.4456244684357855e-11,1.0,2.4456244684357855e-11
diffusion,0.0,BC,0.00230686075417591,-0.007420739779384018,0.007771035028391611,-1.2694001544577862
diffusion,0.0,AC,0.0023068607595171844,-0.007420739743457589,0.007771034995670217,-1.2694001524290475
diffusion,0.1,AB,0.9899083800533928,0.005023584012204853,0.9899211268056965,0.005074753370141453
diffusion,0.1,BC,0.0008135036561315841,-0.006957238640666919,0.00700463829913639,-1.4543957979697335
diffusion,0.1,AC,0.0017408637413268797,-0.006931945588208373,0.0071472005851066014,-1.3247484131503713
diffusion,0.2,AB,0.9794942182362685,0.007441623357193129,0.9795224863761266,0.007597268105341318
diffusion,0.2,BC,0.00046461567606628784,-0.007836152089576177,0.007849913840126885,-1.51157435528057
diffusion,0.2,AC,0.0024278950569364115,-0.006230411662592538,0.006686755857130225,-1.1992141016028866
diffusion,0.3,AB,0.9699446182586752,0.007101448276883329,0.969970614532521,0.007321367898532552
diffusion,0.3,BC,1.4471587775425829e-05,-0.008430641065601423,0.008430653486169257,-1.569079781937966
diffusion,0.3,AC,0.0020837133341821672,-0.005521470251318955,0.00590156716434277,-1.2099374037217598
diffusion,0.4,AB,0.9604843379843234,0.0071966634125603494,0.9605112989847948,0.007492603945758602
diffusion,0.4,BC,0.002273741688334609,-0.01066251318231684,0.010902251539400066,-1.360696968126395
diffusion,0.4,AC,0.0002334999699489925,-0.004494597638881645,0.004500658859701171,-1.5188917379244449
diffusion,0.5,AB,0.9500389967586088,0.008578163921628528,0.9500777232723491,0.009029030221534683
diffusion,0.5,BC,0.001594176701610806,-0.01005257652063958,0.01017819699452083,-1.4135221301115142
diffusion,0.5,AC,0.0016580925827354917,-0.0032059237541346413,0.003609323777419699,-1.0934863424202705
diffusion,0.6,AB,0.9407165573148727,0.006520356611058283,0.9407391542062452,0.006931154921644361
diffusion,0.6,BC,0.0012654141981167334,-0.009238196815475335,0.00932445995724439,-1.434667164014129
diffusion,0.6,AC,0.0019348639892691148,-0.003210999400353038,0.00374889527808366,-1.0284865029630912
diffusion,0.7000000000000001,AB,0.9303211546552405,0.004955960240787142,0.9303343551331252,0.005327099503045371
diffusion,0.7000000000000001,BC,0.0004560881106729156,-0.009753001874226723,0.009763660272836573,-1.524066500918887
diffusion,0.7000000000000001,AC,0.0013474800552346622,-0.0034585555214080525,0.003711779734024816,-1.199280758290865
diffusion,0.8,AB,0.9206004016825886,0.006325862036013319,0.9206221353566523,0.006871344466961637
diffusion,0.8,BC,0.0012132169017730421,-0.010105212272891555,0.010177780226107552,-1.451309704877368
diffusion,0.8,AC,0.001745426121630967,-0.003923748831413964,0.004294451913585035,-1.1522447806828664
diffusion,0.9,AB,0.9122913425009094,0.004748839386624872,0.9123037022163352,0.005205350828522436
diffusion,0.9,BC,0.0014237169391729167,-0.009479896450180133,0.009586209189717579,-1.421727653250449
diffusion,0.9,AC,0.0010536036750522434,-0.00279707601530124,0.0029889320734096747,-1.2105532552952052
diffusion,1.0,AB,0.9027661787984689,0.0043406665254412825,0.9027766141013368,0.004808147644144182
diffusion,1.0,BC,0.0016461611062828022,-0.009314064821865574,0.009458416880945352,-1.3958635632996677
diffusion,1.0,AC,0.0009202225006837688,-0.0034845489474824316,0.003604010379863744,-1.3126043037601187
diffusion,1.1,AB,0.8928151103403805,0.0029887533265216294,0.8928201128438766,0.003347548812543262
diffusion,1.1,BC,0.0012939684569140634,-0.010384172298422392,0.010464482246667128,-1.4468256591557156
diffusion,1.1,AC,0.0006324503497608441,-0.0027333413875046397,0.002805556733619622,-1.3434142588187368
diffusion,1.2,AB,0.8844786168917982,-0.0013790702830667793,0.8844796920074954,-0.00155918881382818
diffusion,1.2,BC,0.0008421932848884659,-0.009173976466274566,0.009212553051834806,-1.4792504996788831
diffusion,1.2,AC,-0.0011007869239446442,-0.003543245434173649,0.003710299187224653,-1.872014905979116
diffusion,1.3,AB,0.8762377555679833,0.0036838632787901332,0.8762454993501957,0.0042041575489462964
diffusion,1.3,BC,0.0024305078990405782,-0.009115872769402438,0.00943432588981489,-1.3102340319140073
diffusion,1.3,AC,-0.0018967612266320025,-0.0020795683417628094,0.0028146594179254904,-2.3102530052705768
diffusion,1.4000000000000001,AB,0.8688580783135618,0.004854617701330934,0.8688716404416487,0.00558729590648224
diffusion,1.4000000000000001,BC,0.003848346740579521,-0.009779348887364505,0.010509302417217158,-1.1958906123983837
diffusion,1.4000000000000001,AC,-0.0007544092376611192,-0.0008897706392962616,0.0011665440790737866,-2.2740521272391776
diffusion,1.5,AB,0.8597417294918157,0.0042132745996835645,0.8597520532760773,0.004900589010343454
diffusion,1.5,BC,0.0034921911527822738,-0.007634621644506959,0.008395406285722266,-1.1417931461379287
diffusion,1.5,AC,-0.002134542983225571,-0.0011967247390459327,0.002447125629852721,-2.6306120637021575
diffusion,1.6,AB,0.850322049546955,0.0031074237426431143,0.8503277274251678,0.0036543917819224815
diffusion,1.6,BC,0.002961633411848104,-0.006163737764004442,0.006838343051470109,-1.1228756718718864
diffusion,1.6,AC,-0.002117035655857721,-0.0007537552121624717,0.0022472175880486125,-2.799544707123225
diffusion,1.7,AB,0.8426075440686003,0.0035146267542444038,0.8426148740216611,0.004171107173572033
diffusion,1.7,BC,0.0031458792730111994,-0.008689963681610931,0.0092418626471117,-1.2234598997520225
diffusion,1.7,AC,-0.0022788727783190684,-0.00030716253106495475,0.002299480367442588,-3.007613073460365
diffusion,1.8,AB,0.8337618590985981,0.006015171451509196,0.833783557030925,0.007214370659929039
diffusion,1.8,BC,0.004954294217115685,-0.009124202049894807,0.010382489789884241,-1.0733557610191933
diffusion,1.8,AC,-0.00427277257767396,-0.0010258021951163737,0.00439418429791334,-2.9059731477362476
diffusion,1.9000000000000001,AB,0.8253130429055476,0.005820931625405278,0.8253335701611816,0.0070528815193059485
diffusion,1.9000000000000001,BC,0.004661053868924262,-0.009221202234394649,0.01033227921693073,-1.1027811958249154
diffusion,1.9000000000000001,AC,-0.001685994225826412,-0.0009508525542854685,0.0019356386825828838,-2.628086142338848
diffusion,2.0,AB,0.8176685961912181,0.00256406191385641,0.8176726164002408,0.003135810182014017
diffusion,2.0,BC,0.005154959404063821,-0.010149706858790422,0.011383767204968809,-1.1008547174273526
diffusion,2.0,AC,-0.0014156859466310009,-0.0001708227118737797,0.001425954802362412,-3.021508938419364
diffusion,2.1,AB,0.8082061060729294,0.0030351914170910887,0.8082118053335435,0.0037554494149836747
diffusion,2.1,BC,0.005892998580365984,-0.009936962323833214,0.011552949947674676,-1.0355114981440317
diffusion,2.1,AC,-0.002925550021688022,-0.001220570985553367,0.0031699584319314824,-2.7463380063635188
diffusion,2.2,AB,0.800914827767086,0.005427328077532071,0.8009332164589269,0.006776307314859605
diffusion,2.2,BC,0.005351918665004065,-0.008677831123272693,0.010195478723476358,-1.0181627643307816
diffusion,2.2,AC,-0.002896867018198057,0.001084409321875865,0.003093183166011184,2.783401913041337
diffusion,2.3000000000000003,AB,0.7929749934939276,0.007207122368696251,0.7930077445520516,0.009088463053999359
diffusion,2.3000000000000003,BC,0.005413389908601868,-0.005976656301333691,0.00806382110706979,-0.834810421204439
diffusion,2.3000000000000003,AC,-0.0031482225567404237,0.0017120908175859532,0.0035836518015051836,2.6435005546783628
diffusion,2.4,AB,0.7860636157550183,0.005399787377201978,0.7860821621927139,0.0068692944630456545
diffusion,2.4,BC,0.006380406700699649,-0.006628156816172265,0.00920011154530769,-0.8044410167607249
diffusion,2.4,AC,-0.0018196871979288968,0.0032187206041574806,0.0036974888540649065,2.085344251950442
diffusion,2.5,AB,0.7760056904992878,0.00556580297179115,0.7760256502526172,0.007172250928622773
diffusion,2.5,BC,0.007568406475968924,-0.006592117042974639,0.010036771577243603,-0.7165626467534192
diffusion,2.5,AC,-0.0020508315290686946,0.0034586543797931763,0.004020970042102373,2.1060206717577126
diffusion,2.6,AB,0.7714246544293095,0.006520592947214076,0.7714522121257822,0.008452462107656189
diffusion,2.6,BC,0.007111409890455277,-0.0067847952697785135,0.009828814652992193,-0.7618986185419524
diffusion,2.6,AC,-0.0014743884215694288,0.0036047980955103386,0.0038946617988026835,1.959043345467606
diffusion,2.7,AB,0.7634426261056491,0.006905980254691866,0.7634738606647696,0.009045593816812247
diffusion,2.7,BC,0.0056436866122157175,-0.005508595584897424,0.00788643290054853,-0.7732854479810023
diffusion,2.7,AC,-0.0013275709170328075,0.002777054278405313,0.0030780635154201387,2.01673028121921
diffusion,2.8000000000000003,AB,0.7548941241677591,0.004526902525130626,0.7549076973706654,0.005996666443134511
diffusion,2.8000000000000003,BC,0.006620101002925023,-0.0039165727134773,0.0076918969772666506,-0.5342336692274247
diffusion,2.8000000000000003,AC,-0.0006558403936259994,0.0024918041450362333,0.0025766673279900257,1.8281584973143599
diffusion,2.9,AB,0.7504000134500776,0.003303550537977068,0.7504072851672174,0.004402357591914276
diffusion,2.9,BC,0.0053276625364703815,-0.002872460427391218,0.006052686759567073,-0.4944823726997167
diffusion,2.9,AC,0.0007428673282685386,0.0017148879264934688,0.0018688746527902574,1.1620116191948617
diffusion,3.0,AB,0.7444555265473513,0.0038622325952457686,0.7444655451043479,0.005187949860026206
diffusion,3.0,BC,0.006109850596625074,-0.0024958076585664853,0.006599949255989692,-0.38780311772085174
diffusion,3.0,AC,0.0005714998329762657,0.0007109877710622979,0.0009122037435200725,0.8937358845353409
diffusion,3.1,AB,0.7353834706037985,0.004418703401226281,0.7353967458297839,0.00600863413521239
diffusion,3.1,BC,0.005351762332983882,-0.0027738506512725095,0.006027902413303488,-0.47818494745772083
diffusion,3.1,AC,-0.0007904468464385132,0.0010905759425723057,0.0013469083500973864,2.1979718517803324
diffusion,3.2,AB,0.7294301506740984,0.007020132239734601,0.7294639312324505,0.009623835128329053
diffusion,3.2,BC,0.005510617121617012,-0.0036395746261401844,0.006604044557716281,-0.5836974618551378
diffusion,3.2,AC,-9.012846886104209e-05,0.000908244847982056,0.0009127057821582944,1.6697061785613836
diffusion,3.3000000000000003,AB,0.7227192090086387,0.007168571684150596,0.7227547602680063,0.00991856383072856
diffusion,3.3000000000000003,BC,0.0063803420619688925,-0.003318435213992733,0.007191715865994461,-0.47960038594472604
diffusion,3.3000000000000003,AC,-0.00014963030617810673,-0.0008666320410497062,0.0008794545599978055,-1.741767958677839
diffusion,3.4,AB,0.7162216670802688,0.008616292836380858,0.7162734930859034,0.012029623790829546
diffusion,3.4,BC,0.0055101617000043405,-0.002697305843300664,0.006134927935395707,-0.4552243400432788
diffusion,3.4,AC,-0.0004150027074058208,0.0006611448941577953,0.0007806022151038797,2.13133709178878
diffusion,3.5,AB,0.7070581910490124,0.008348115228381789,0.7071074717165474,0.01180628052123192
diffusion,3.5,BC,0.0046769124543440625,0.00111841594284255,0.004808779920811826,0.2347274329667732
diffusion,3.5,AC,0.0003727526823408423,0.0013448581630271274,0.001395560117247907,1.3004149481485596
diffusion,3.6,AB,0.6998467763042493,0.010739799112910063,0.6999291775518689,0.015344724774306366
diffusion,3.6,BC,0.004762486701099035,0.00043636971375593525,0.004782436419360806,0.09137131270123842
diffusion,3.6,AC,-6.425132278291626e-05,0.001928050068352589,0.0019291203432014751,1.6041085086117535
diffusion,3.7,AB,0.6935699911055138,0.012979799678581443,0.6936914355545977,0.018712292704615267
diffusion,3.7,BC,0.005775307295015993,-0.000691027771533511,0.005816501846719857,-0.11908597199051749
diffusion,3.7,AC,-4.227864797059187e-05,0.0019498900699746824,0.001950348371204512,1.5924755101203987
diffusion,3.8000000000000003,AB,0.6862430261525883,0.011028833515215103,0.6863316444050706,0.016069939810983126
diffusion,3.8000000000000003,BC,0.005922537410373483,-0.0015286775480384453,0.0061166415967547315,-0.25259872653401605
diffusion,3.8000000000000003,AC,-0.0001381942138330254,0.0030218039177997407,0.0030249622408167,1.6164968408859235
diffusion,3.9,AB,0.679553764833221,0.01031975183231517,0.6796321185589196,0.01518490393770495
diffusion,3.9,BC,0.005737607266824564,-0.001705143556953604,0.005985620410461929,-0.2888742694379954
diffusion,3.9,AC,-0.0002502762546623301,0.003492147639164742,0.00350110458817952,1.6423422906447387
diffusion,4.0,AB,0.6729148919692098,0.01061115055665584,0.6729985500356367,0.015767627220206703
diffusion,4.0,BC,0.004476774452751553,-0.0010189863657582478,0.004591278984597883,-0.22380317466151572
diffusion,4.0,AC,-0.0018480464852032776,0.004946586163117796,0.005280529375036241,1.9283393713341175
diffusion,4.1,AB,0.6652532119215454,0.009078462331898645,0.66531515423162,0.01364577978763594
diffusion,4.1,BC,0.004798335115067923,-0.0016853306996154355,0.005085701470157303,-0.33777229275886955
diffusion,4.1,AC,-0.0021145942615673763,0.00381026627009375,0.004357710171646092,2.0774494320732146
diffusion,4.2,AB,0.6559083852390216,0.009279510312278638,0.6559740232192861,0.014146627007386902
diffusion,4.2,BC,0.00657193711226256,-0.000999970812388418,0.006647578433772911,-0.1509994933421035
diffusion,4.2,AC,-0.0018298641665568036,0.002573237889817866,0.0031575237300205568,2.1889421301246452
diffusion,4.3,AB,0.6515804411427137,0.009274589381623649,0.6516464450052123,0.014233028661147066
diffusion,4.3,BC,0.0057142547213925865,-0.0006040702746287051,0.005746095014672788,-0.10532170303599622
diffusion,4.3,AC,-0.003843015422212378,0.0018269788243120994,0.004255187323708206,2.697816031371959
diffusion,4.4,AB,0.6435957393024967,0.007451224931835879,0.6436388711081021,0.011576975400872195
diffusion,4.4,BC,0.00580984460671774,-0.0008533771156379408,0.005872184163980361,-0.14584178779830484
diffusion,4.4,AC,-0.003837038877046995,0.001358411646050597,0.004070399187315166,2.8013356813745487
diffusion,4.5,AB,0.6368657434752368,0.009675800701046084,0.6369392406905642,0.015191673345975883
diffusion,4.5,BC,0.005518463002403779,-0.0004962383239517244,0.005540729769900148,-0.0896820755393658
diffusion,4.5,AC,-0.0031523940757927013,0.0016785951009613397,0.003571452074725955,2.6522978704207465
diffusion,4.6000000000000005,AB,0.6300582538528561,0.010679789335102989,0.6301487611257776,0.01694885609629717
diffusion,4.6000000000000005,BC,0.005144742454044388,-0.0007894025168348768,0.005204952569623657,-0.15225125644226487
diffusion,4.6000000000000005,AC,-0.005225898528061589,0.002162884164455782,0.0056558008570360635,2.749180069814163
diffusion,4.7,AB,0.6206898737542818,0.00945146067941165,0.6207618299235872,0.015226171185570445
diffusion,4.7,BC,0.006874543448791186,-0.001377722095627077,0.0070112385355297156,-0.1977890383323297
diffusion,4.7,AC,-0.006136436270877796,0.003889663958687853,0.007265351733953412,2.576644845748051
diffusion,4.8,AB,0.6130115955413546,0.010043262709946335,0.6130938618140116,0.016382013535924077
diffusion,4.8,BC,0.007714062145757162,-0.003153294976485005,0.008333668099782303,-0.3880457609572859
diffusion,4.8,AC,-0.004255647808913665,0.004337890112572192,0.006076827206878871,2.3466245326615653
diffusion,4.9,AB,0.6067773104055026,0.01198808199403574,0.6068957229482108,0.019754401413319068
diffusion,4.9,BC,0.005624117103202819,-0.0019770055978701167,0.00596148004479997,-0.3380308220546941
diffusion,4.9,AC,-0.0033372798891112936,0.0052715853341104586,0.006239154509472831,2.135177394724772
diffusion,5.0,AB,0.5982582053429069,0.01631659152175332,0.598480669210797,0.027266734525931865
diffusion,5.0,BC,0.005691838817317321,-0.0032992543918650436,0.00657891394263225,-0.5253192288412454
diffusion,5.0,AC,-0.0033208081289405854,0.002884992942736017,0.004398971574001644,2.426306444607509
diffusion,5.1000000000000005,AB,0.5926669923066363,0.01789659199774952,0.5929371398174754,0.03018753463188728
diffusion,5.1000000000000005,BC,0.004946731244032277,-0.0032696330680084245,0.0059296416755230084,-0.5840472724226011
diffusion,5.1000000000000005,AC,-0.004155033579013399,0.0033076966580821913,0.0053108531541191184,2.469252786997459
diffusion,5.2,AB,0.5860620701774002,0.014452043734565538,0.5862402337512547,0.02465458205514865
diffusion,5.2,BC,0.006196532077290633,-0.00378925691179054,0.007263296615755421,-0.5488416080051699
diffusion,5.2,AC,-0.004039698417466634,0.004297835040698727,0.005898351408753149,2.3252435871209127
diffusion,5.3,AB,0.5805419216512561,0.013710467781968126,0.5807037968890281,0.023612282131381897
diffusion,5.3,BC,0.005597385074713385,-0.004128849857792898,0.006955438219323107,-0.6355430562465344
diffusion,5.3,AC,-0.0046357776706370864,0.006014119559141519,0.00759342272517644,2.227486916595975
diffusion,5.4,AB,0.573621895363787,0.014849211332356286,0.5738140621472573,0.025880978125978487
diffusion,5.4,BC,0.006030168730602467,-0.001954429463220206,0.006338984890835361,-0.3134254348534081
diffusion,5.4,AC,-0.0037935136334912786,0.005184308156513742,0.006424001614973265,2.2025017124746755
diffusion,5.5,AB,0.5676523856937885,0.01526034278366343,0.5678574724750257,0.026876779694026985
diffusion,5.5,BC,0.004493156559398493,-0.0013181623595170874,0.004682521529402012,-0.28536421016341945
diffusion,5.5,AC,-0.0067785351849314855,0.006276796645568847,0.009238328603333963,2.3946072814368122
diffusion,5.6000000000000005,AB,0.5601294645858406,0.014908072390123837,0.5603278216540828,0.02660912277535862
diffusion,5.6000000000000005,BC,0.003548412058441112,-0.0005573421632966129,0.003591915703838056,-0.15579519636656652
diffusion,5.6000000000000005,AC,-0.007232277514291818,0.006213731571401925,0.009535003832467404,2.43180089617412
diffusion,5.7,AB,0.5539111762481298,0.013187362177737562,0.5540681345229966,0.023803223377161134
diffusion,5.7,BC,0.003044151432533365,0.0006047367513397194,0.0031036372988182525,0.1961022248971907
diffusion,5.7,AC,-0.006631504699664632,0.005724908083473718,0.008760789185107516,2.4294337918230275
diffusion,5.8,AB,0.5491739077995063,0.01071306730186912,0.5492783909993137,0.019505130377458622
diffusion,5.8,BC,0.0029296437855916334,0.002689051627433348,0.003976658316408089,0.7426043729541205
diffusion,5.8,AC,-0.00730993842791593,0.00628940829293769,0.00964322853069424,2.4310966847677684
diffusion,5.9,AB,0.5435083399482823,0.011655796408283677,0.5436333076470287,0.021442191734371813
diffusion,5.9,BC,0.002972656692064285,0.0019106952853387097,0.0035337578131912424,0.5712664716927958
diffusion,5.9,AC,-0.006101577460843791,0.006684461578578963,0.0090504847442651,2.3106384872162855
diffusion,6.0,AB,0.5374489455782352,0.010029910932360296,0.537542526891099,0.018659905979832185
diffusion,6.0,BC,0.002797531804225143,0.002478984275262816,0.003737853292018226,0.7251005405266244
diffusion,6.0,AC,-0.006561543447647337,0.0056046915410289545,0.008629392776171753,2.434681081809295
diffusion,6.1000000000000005,AB,0.5343295171410379,0.01208783930651692,0.5344662278828055,0.022618585474549653
diffusion,6.1000000000000005,BC,0.0033987269539084534,0.002274618486952304,0.004089649638833261,0.5897930936592157
diffusion,6.1000000000000005,AC,-0.007326368458981649,0.005150151790011209,0.008955430657255787,2.5288821591333983
diffusion,6.2,AB,0.5254298184584203,0.01261948175362836,0.5255813404649927,0.024012828518152906
diffusion,6.2,BC,0.004659587910273114,0.0036163200254564817,0.005898265000835495,0.6599987887419186
diffusion,6.2,AC,-0.008063824162384907,0.005747619340589814,0.009902544531896068,2.5223502173681065
diffusion,6.3,AB,0.5202456617500353,0.013106296674881805,0.5204107258524387,0.02518718751658561
diffusion,6.3,BC,0.004908368800809935,0.004292695434945476,0.006520683889130502,0.7185844838628256
diffusion,6.3,AC,-0.006651333508008343,0.004846001815074795,0.008229457517143081,2.5119444991047057
diffusion,6.4,AB,0.5181011427639977,0.012262827664643433,0.5182462455972962,0.02366437264016791
diffusion,6.4,BC,0.005005099309501879,0.0025347659451741295,0.005610352706808252,0.4687836947945901
diffusion,6.4,AC,-0.006403357469230431,0.0050897412740127995,0.008179758744311386,2.46999673470383
diffusion,6.5,AB,0.5093080171209143,0.011878149412675868,0.5094465101824797,0.023317906101662175
diffusion,6.5,BC,0.0033378043202549673,0.0007248543020387885,0.003415604110475461,0.2138445890340716
diffusion,6.5,AC,-0.006802135130340796,0.005170209310797177,0.00854400998646831,2.4916675415440785
diffusion,6.6000000000000005,AB,0.5043944420890831,0.015033983536343047,0.5046184438477536,0.0297971837124925
diffusion,6.6000000000000005,BC,0.0024540952036903848,0.0015943735929149529,0.002926535566597592,0.5761493780288555
diffusion,6.6000000000000005,AC,-0.00712641580923311,0.007290068206322928,0.010194650398072902,2.344843222580022
diffusion,6.7,AB,0.49910427689597714,0.01393742925052713,0.49929883952395654,0.027917629223064837
diffusion,6.7,BC,0.002074423467223559,0.0017857326507023583,0.002737165289337179,0.7107497873323645
diffusion,6.7,AC,-0.007008272173821739,0.00898949205538072,0.011398545796553049,2.2329783177157494
diffusion,6.8,AB,0.49379268964003326,0.011577863620534682,0.4939284029775509,0.023442515266360597
diffusion,6.8,BC,0.003090696031693158,0.002312056833356009,0.0038597938754539795,0.6422647335616327
diffusion,6.8,AC,-0.007557623541844346,0.009114412927805913,0.0118401941123782,2.2630871963778105
diffusion,6.9,AB,0.48846269453698854,0.012467428651008246,0.4886217767675765,0.02551826881432637
diffusion,6.9,BC,0.0030503699977243795,0.0033624032647547597,0.004539880266906882,0.8340179018300194
diffusion,6.9,AC,-0.008362679711392224,0.009610129470681078,0.01273927001042776,2.2868980126547442
diffusion,7.0,AB,0.48417491031190585,0.013903408205142697,0.484374492036132,0.0287077836176062
diffusion,7.0,BC,0.005062638227475176,0.002245728635343277,0.0055383754771497545,0.41750943363185106
diffusion,7.0,AC,-0.006416950023540972,0.00927643714585668,0.011279606984538606,2.1759620420909247
diffusion,7.1000000000000005,AB,0.48207482990580275,0.014248192572858311,0.4822853435677907,0.02954737521809448
diffusion,7.1000000000000005,BC,0.0055927549098372395,0.0021195942257140263,0.005980935308393562,0.36226353679416035
diffusion,7.1000000000000005,AC,-0.005392964638057959,0.008057669894408412,0.009695881172673233,2.160616893279375
diffusion,7.2,AB,0.4787928726809991,0.012697176795750793,0.4789612022165324,0.026512929248125525
diffusion,7.2,BC,0.006360692624374083,0.0012652348619874316,0.006485308775822106,0.19635172371466936
diffusion,7.2,AC,-0.0054040529722697165,0.007570350729391371,0.009301290162826532,2.1907535737385655
diffusion,7.3,AB,0.4723761192995397,0.011800565451548546,0.4725234929921149,0.024976096621549752
diffusion,7.3,BC,0.0037672647166579884,0.0007189464170881225,0.0038352532375346537,0.188572968566179
diffusion,7.3,AC,-0.005255718052535385,0.00689324776698904,0.008668300699955311,2.222214385069328
diffusion,7.4,AB,0.46705070270017895,0.010992985829455402,0.4671800558994118,0.023532683780771727
diffusion,7.4,BC,0.002535469479581191,-8.534466259087735e-05,0.0025369054364166722,-0.033647595795949836
diffusion,7.4,AC,-0.006718787501639171,0.007740708418587306,0.010249910844186456,2.28563708392856
diffusion,7.5,AB,0.4628985376460629,0.010602428613809944,0.4630199430341791,0.022900429095315953
diffusion,7.5,BC,0.0025061853478514098,-0.002313491146859019,0.003410748639870747,-0.7454387121151356
diffusion,7.5,AC,-0.004566420699857357,0.006106457091457523,0.0076250256535894765,2.2128892175669703
diffusion,7.6000000000000005,AB,0.4571660908883386,0.009862171333305353,0.45727245388447807,0.021569057960790578
diffusion,7.6000000000000005,BC,0.001022875908988273,-0.0038346723872012285,0.003968751370689799,-1.31012172321125
diffusion,7.6000000000000005,AC,-0.0041279646732826115,0.006175797460041233,0.007428362310181226,2.1600048705330623
diffusion,7.7,AB,0.4516226972411691,0.008070914902836093,0.4516948088375131,0.01786902189425536
diffusion,7.7,BC,0.0011078084021895929,-0.004920069111317002,0.005043244939133685,-1.3493285081390967
diffusion,7.7,AC,-0.0007784965082683615,0.005256937765179102,0.005314268668438987,1.717817148489124
diffusion,7.8,AB,0.44578987176998536,0.004272267975741281,0.4458103431352356,0.009583298001328263
diffusion,7.8,BC,0.00015351214664655012,-0.0052875502216666054,0.0052897781924967895,-1.5417717255760282
diffusion,7.8,AC,-0.0010725057828696056,0.005505457128518125,0.005608950601337097,1.7631944017970238
diffusion,7.9,AB,0.442643658093944,0.004710287724534103,0.44266871909051386,0.010640861691665875
diffusion,7.9,BC,0.0004340217437601604,-0.005039335341473623,0.005057991257197039,-1.4848815582540484
diffusion,7.9,AC,0.0009482131670071892,0.005228041691085594,0.005313334935218645,1.3913761001837277
diffusion,8.0,AB,0.4360445925114356,0.0057979932365964555,0.436083138156058,0.013296006115934142
diffusion,8.0,BC,0.0014764220541568424,-0.004225265519925282,0.004475789404772099,-1.2346320242466382
diffusion,8.0,AC,0.00042876618556380794,0.006630931426828242,0.006644779306281086,1.5062246883240318
diffusion,8.1,AB,0.43030702137960636,0.003483979771297804,0.43032112516542315,0.008096320702280224
diffusion,8.1,BC,0.0009714155848832748,-0.00410418975313822,0.004217584826452086,-1.3383845900247986
diffusion,8.1,AC,-0.00067059700695816,0.008036686335945694,0.008064615775603787,1.6540454534174653
diffusion,8.2,AB,0.4260211645016564,0.0010639159522409687,0.42602249297484374,0.002497326023067306
diffusion,8.2,BC,0.001358031364913193,-0.003177634786219647,0.0034556637600728995,-1.1669184953686984
diffusion,8.2,AC,-7.962754881514662e-05,0.007979939143130405,0.00798033641362287,1.580774461303496
diffusion,8.3,AB,0.4225055129053351,0.00025915368919406274,0.42250559238433155,0.0006133734324832932
diffusion,8.3,BC,0.0015695538214418893,-0.005351340259768477,0.005576768040202299,-1.2854966145274622
diffusion,8.3,AC,-0.002009248417856279,0.00710975999126591,0.007388218075968209,1.8462183172638638
diffusion,8.4,AB,0.4180157976527482,-0.0003591624142410769,0.4180159519502852,-0.0008592075416179232
diffusion,8.4,BC,0.0021136620298446425,-0.0022162414609029762,0.003062563205785692,-0.8090846604502722
diffusion,8.4,AC,-0.003127432874844998,0.006264870932555244,0.007002102840449921,2.0338049200301143
diffusion,8.5,AB,0.413744724009044,0.0032600002628512697,0.4137575669967062,0.007879092138290881
diffusion,8.5,BC,0.0002847422911617134,-0.0013315954983098106,0.0013616992118287265,-1.360133552424027
diffusion,8.5,AC,-0.0023428844700626866,0.0044381840453706035,0.005018623841317766,2.056508214557577
diffusion,8.6,AB,0.4085876289782568,0.0008950818815224217,0.4085886093929299,0.0021906694823772195
diffusion,8.6,BC,0.0005826135763680263,-0.001988242695353671,0.002071846421672121,-1.2857467773809905
diffusion,8.6,AC,-0.0013178107860632414,0.004125359578205907,0.004330729374754308,1.8799925088892908
diffusion,8.700000000000001,AB,0.40393297978219395,-0.0010392411049510433,0.4039343166627422,-0.0025728001028637463
diffusion,8.700000000000001,BC,-0.00018910100430622996,-0.0012283912163930672,0.0012428612836279291,-1.7235392868192783
diffusion,8.700000000000001,AC,-0.0009174372040603625,0.0032737668183458277,0.003399888263501649,1.8440266590660799
diffusion,8.8,AB,0.401675913687453,-0.002071724523188056,0.401681256320419,-0.005157655916854048
diffusion,8.8,BC,0.001254039331424398,-0.00046424042718091335,0.0013372112095658144,-0.3545523648535284
diffusion,8.8,AC,-0.0011974402099324735,0.004066484179044184,0.004239122153793139,1.8571681025829823
diffusion,8.9,AB,0.3994797414697538,-0.0026122538120641643,0.3994882823246759,-0.006539046435200833
diffusion,8.9,BC,0.00246044390071164,0.0008915998436301404,0.0026170086873586037,0.34765523871264975
diffusion,8.9,AC,-0.0032053758427837004,0.00357653826141412,0.004802713839993015,2.3015207637260304
diffusion,9.0,AB,0.3971160930054992,-0.0030766512618702084,0.39712801098252876,-0.007747330720447039
diffusion,9.0,BC,0.004191202367506529,0.0010598859034050374,0.004323139532056425,0.24769069419288636
diffusion,9.0,AC,-0.002354737310419106,0.0009448684690350762,0.0025372355477677852,2.7599981364164963
diffusion,9.1,AB,0.39315678471502225,-0.003792941302125461,0.39317508030287945,-0.009647102081140621
diffusion,9.1,BC,0.003163205110141001,0.0016588211722582038,0.003571771864264881,0.4829855561915661
diffusion,9.1,AC,-0.0006819335929995445,0.0019483891842306603,0.0020642804650745222,1.9074699475523842
diffusion,9.200000000000001,AB,0.38890115457078633,-0.00458102082228427,0.3889281344647939,-0.011778851534616447
diffusion,9.200000000000001,BC,0.006210442957065326,0.0018684093366625387,0.006485410948605343,0.29223607008837793
diffusion,9.200000000000001,AC,-0.0010576990160950112,0.0012543974083588103,0.0016408047009762174,2.2713252329522464
diffusion,9.3,AB,0.3884886011792167,-0.0041757851205993,0.3885110428643669,-0.010748383093733209
diffusion,9.3,BC,0.006185370506268535,0.002582255721488156,0.006702749653013679,0.39548218088217296
diffusion,9.3,AC,-0.00039846536588592114,0.0010295194294563607,0.0011039406249607592,1.940080748115772
diffusion,9.4,AB,0.386365057948337,-0.0009358895915942489,0.38636619144633944,-0.002422288822194362
diffusion,9.4,BC,0.005221846416456649,6.948472725072565e-05,0.005222308696772171,0.01330575835852671
diffusion,9.4,AC,-0.0017298530484854083,0.0015106404757887068,0.0022966118993955837,2.4237394788121542
diffusion,9.5,AB,0.3837513105764146,0.0007740351058586996,0.3837520911988115,0.002017019967980886
diffusion,9.5,BC,0.005439371183324142,0.0008264552405084715,0.0055017985363461815,0.1507862098137236
diffusion,9.5,AC,-0.0011433363074430086,0.001401923332814324,0.0018090348097830058,2.254946346823295
diffusion,9.6,AB,0.38022240624908854,0.0006554904591301273,0.3802229712702652,0.0017239641824699807
diffusion,9.6,BC,0.006105659972810045,-0.0007030648298303847,0.006146005520540897,-0.11464475668170832
diffusion,9.6,AC,-0.0010073701571923907,0.001803791017565829,0.0020660243630347126,2.0801221037886406
diffusion,9.700000000000001,AB,0.3749138462873373,0.0003590216120109421,0.374914018188815,0.0009576106772878683
diffusion,9.700000000000001,BC,0.004542287390314372,-0.00016340942909029866,0.0045452257785202005,-0.035959633182930856
diffusion,9.700000000000001,AC,-0.00039669024722320534,0.0009772551915849222,0.0010546994177118383,1.956398188592885
diffusion,9.8,AB,0.3695377215179721,-0.002265045729601043,0.3695446631421586,-0.006129326541623621
diffusion,9.8,BC,0.004866833452275604,0.00037275077072831345,0.004881087070445212,0.0764407645100973
diffusion,9.8,AC,-0.00020571510080663429,-0.0002295011721083779,0.00030820365133950474,-2.301595358361194
diffusion,9.9,AB,0.36777977210408375,-0.0027145702630218347,0.36778979004404766,-0.007380832702437031
diffusion,9.9,BC,0.004994563926407036,6.162315662298912e-05,0.004994944066593603,0.012337419423648181
diffusion,9.9,AC,0.00022655709764427077,-0.0010513542749886551,0.0010754877637750772,-1.3585511681893823
diffusion,10.0,AB,0.365754966320239,-0.003954719920128017,0.365776345869393,-0.010812063211397563
diffusion,10.0,BC,0.007136430575550455,0.0005927809598904685,0.007161007654377984,0.08287381834029804
diffusion,10.0,AC,4.231566225729698e-05,0.0004295862365541513,0.0004316653216428589,1.4726097732937207
diffusion,10.1,AB,0.3600815565595066,-0.004188004997515975,0.36010591047659346,-0.011630187924277405
diffusion,10.1,BC,0.007682108929415113,0.00028095258400772944,0.007687244757249506,0.0365560324276344
diffusion,10.1,AC,0.0007887739478983228,-0.0006172005514778998,0.0010015492307558973,-0.6639669058570021
diffusion,10.200000000000001,AB,0.3567429493603159,-0.002149467879613602,0.3567494248495187,-0.006025183883264126
diffusion,10.200000000000001,BC,0.008454623702061254,-0.0014488583788773114,0.008577869930553794,-0.16972016936462944
diffusion,10.200000000000001,AC,0.0010138626882419052,0.000775337344812008,0.001276348521709191,0.6528656650998625
diffusion,10.3,AB,0.3507863218691586,-0.0017284685392506614,0.3507905802811474,-0.004927371573462429
diffusion,10.3,BC,0.008281809366780189,-0.001796501597851447,0.008474419412489028,-0.213611930796797
diffusion,10.3,AC,4.412622981483753e-06,8.55508222998699e-05,8.566454597883908e-05,1.5192630276595644
diffusion,10.4,AB,0.34648058417052596,-0.0018636753925297608,0.3464855963717939,-0.005378822088518349
diffusion,10.4,BC,0.007840573625981924,-0.000996980834460837,0.007903705812384818,-0.1264778682743328
diffusion,10.4,AC,0.0006622009786525834,0.0006885516466726234,0.0009553080687736393,0.8049038267985666
diffusion,10.5,AB,0.3417028546587786,0.0034407268845851368,0.34172017716759523,0.010069013347388417
diffusion,10.5,BC,0.008485225687159512,0.00023523849940193086,0.008488485855182448,0.027716205695123525
diffusion,10.5,AC,0.0008327999485325619,-0.0006356909773438078,0.001047692117442984,-0.6519701224229177
diffusion,10.6,AB,0.33660280308030766,0.004115151323638678,0.3366279571157702,0.012224931825424452
diffusion,10.6,BC,0.0068252503897114946,0.0009545445740972739,0.006891676009955449,0.1389536083031739
diffusion,10.6,AC,-0.0004071717694636807,0.0017631333709663098,0.0018095380995334716,1.7977539376084544
diffusion,10.700000000000001,AB,0.33340381538980507,0.0050771778894954985,0.33344247157763335,0.015227136707194739
diffusion,10.700000000000001,BC,0.0064990142206309415,-0.0007250220864222102,0.006539330460051948,-0.11109940722331728
diffusion,10.700000000000001,AC,-0.0011489952489347477,0.0027892353827860166,0.003016624620774033,1.9615525150483464
diffusion,10.8,AB,0.3305562336364207,0.007172281873787065,0.3306340351856914,0.02169421092112214
diffusion,10.8,BC,0.008049669844573512,-0.0014381793413920539,0.008177135465714325,-0.17679773812864352
diffusion,10.8,AC,-0.0005134989234923705,0.0019681746696743234,0.0020340581788079355,1.826008236577541
diffusion,10.9,AB,0.329262063521878,0.00629720238679995,0.32932227563981387,0.019122867375709507
diffusion,10.9,BC,0.00856029614832661,-0.0007082467495781839,0.008589545017365207,-0.08254823103295086
diffusion,10.9,AC,0.00025552667504931664,0.0017051810569819904,0.0017242204959783934,1.4220500454034832
diffusion,11.0,AB,0.3262464340800623,0.006075597581499451,0.3263030012671179,0.01862057249376209
diffusion,11.0,BC,0.007799798289371051,0.00015876810877587643,0.007801414017166365,0.020352601464189324
diffusion,11.0,AC,0.001332207629155032,0.000984657007333017,0.0016566009143028034,0.6364993823674031
diffusion,11.1,AB,0.32403733673294993,0.005373643460149782,0.3240818903317802,0.016581888354943834
diffusion,11.1,BC,0.009371281601032302,-0.00028154286729471095,0.009375509865173791,-0.03003412116775186
diffusion,11.1,AC,0.001721391295660425,0.002574049419846191,0.0030965978764744364,0.9813539439602064
diffusion,11.200000000000001,AB,0.3214612032546458,0.0076310593440061065,0.32155176607295505,0.023734205939917975
diffusion,11.200000000000001,BC,0.01050022017041854,0.001734980675612223,0.010642592803072577,0.16375323072182482
diffusion,11.200000000000001,AC,0.001607539334573309,0.0005248319395582783,0.001691044433768936,0.31557132959172846
diffusion,11.3,AB,0.31784258615028427,0.008975198743588538,0.31796928116280004,0.028230371683072967
diffusion,11.3,BC,0.01015389127140632,0.003958639437678906,0.010898272071713396,0.37173826000333604
diffusion,11.3,AC,0.002209930234017024,-0.00020698439611066023,0.0022196022570397235,-0.09338860987609429
diffusion,11.4,AB,0.3147829717458454,0.009340906035057139,0.3149215328088911,0.029665409503175547
diffusion,11.4,BC,0.008998577387600694,0.0028729523698884443,0.009446070628588701,0.3090382495513207
diffusion,11.4,AC,-0.0010978959366952055,0.001889463023870339,0.002185279388633199,2.09717473222367
diffusion,11.5,AB,0.31189737208926793,0.00845802327774418,0.31201203321980725,0.027111324588612946
diffusion,11.5,BC,0.009572974001241526,0.002964451053480523,0.010021467022194303,0.30030344923015717
diffusion,11.5,AC,-0.0008181657356487494,0.0029423468839960797,0.0030539810668619247,1.8420104514560083
diffusion,11.6,AB,0.3085544137261628,0.007507663074307952,0.3086457374316603,0.024326931235892354
diffusion,11.6,BC,0.011558399890969295,0.0013379340837176533,0.011635578011080172,0.11524138293151613
diffusion,11.6,AC,0.00020196964442951645,0.001977436839383638,0.0019877243750134315,1.4690121943899628
diffusion,11.700000000000001,AB,0.30531357974151635,0.010129596698926779,0.30548157179093827,0.033165515970816344
diffusion,11.700000000000001,BC,0.012602775084684974,-0.0005005874387266763,0.012612712936516368,-0.03969954422591685
diffusion,11.700000000000001,AC,0.0014236612470946092,0.00315775480992555,0.003463845664299569,1.1472390570120339
diffusion,11.8,AB,0.304451250013564,0.010161439478552834,0.30462077816048255,0.033363859750445715
diffusion,11.8,BC,0.011725564910142594,-0.000854875044103684,0.011756686769791844,-0.07277817224665119
diffusion,11.8,AC,0.002166002592283844,0.003435153749226803,0.004061015699379564,1.0082229511265186
diffusion,11.9,AB,0.29998512924822135,0.007628752074171208,0.3000821148090656,0.02542495425922542
diffusion,11.9,BC,0.012890074552218533,-0.0005364743966517552,0.012901233535597079,-0.04159517956690856
diffusion,11.9,AC,0.002419785013712599,0.0045196903675780165,0.005126690992381498,1.079241222713886
diffusion,12.0,AB,0.299720338195074,0.010591388449089145,0.29990741677565935,0.0353228718788464
diffusion,12.0,BC,0.013144073989639272,-0.0007253124488494451,0.013164070768328756,-0.055125799988914606
diffusion,12.0,AC,0.0019107905008739503,0.0059598637705125185,0.006258681690364019,1.2605403585452681
spread,0.0,AB,1.0,2.4456244684357855e-11,1.0,2.4456244684357855e-11
spread,0.0,BC,0.00230686075417591,-0.007420739779384018,0.007771035028391611,-1.2694001544577862
spread,0.0,AC,0.0023068607595171844,-0.007420739743457589,0.007771034995670217,-1.2694001524290475
spread,0.1,AB,0.9993803881228378,-0.0004670724860798808,0.9993804972688136,-0.0004673620351406652
spread,0.1,BC,0.0022068025291010944,-0.007403668174053019,0.007725560163116494,-1.2811122107334487
spread,0.1,AC,0.0023068607595171844,-0.007420739743457589,0.007771034995670217,-1.2694001524290475
spread,0.2,AB,0.997523929723158,-0.000930111836317929,0.9975243633507704,-0.0009324203049718039
spread,0.2,BC,0.002124310926558702,-0.007404488125561362,0.007703190333509611,-1.2914053666445529
spread,0.2,AC,0.0023068607595171844,-0.007420739743457589,0.007771034995670217,-1.2694001524290475
spread,0.3,AB,0.9944377412458494,-0.0013851242114474775,0.9944387058955559,-0.0013928708236246596
spread,0.3,BC,0.0020578804381924188,-0.007423833706241303,0.007703776917578773,-1.30038672973
spread,0.3,AC,0.0023068607595171844,-0.007420739743457589,0.007771034995670217,-1.2694001524290475
spread,0.4,AB,0.9901336327314814,-0.0018281940355736176,0.990135320529205,-0.0018464093103810128
spread,0.4,BC,0.002005934016058212,-0.0074622952322310485,0.00772720010157351,-1.308194663107096
spread,0.4,AC,0.0023068607595171844,-0.007420739743457589,0.007771034995670217,-1.2694001524290475
spread,0.5,AB,0.9846280322205572,-0.002255521966541811,0.9846306156188056,-0.0022907310654241434
spread,0.5,BC,0.001966840635722478,-0.007520408263936281,0.007773352078904589,-1.3149921644935179
spread,0.5,AC,0.0023068607595171844,-0.007420739743457589,0.007771034995670217,-1.2694001524290475
spread,0.6,AB,0.977941880825969,-0.002663461556894954,0.9779455078381918,-0.0027235309414565686
spread,0.6,BC,0.0019389323001634063,-0.007598641924032916,0.007842118180331613,-1.3209593575545837
spread,0.6,AC,0.0023068607595171844,-0.007420739743457589,0.007771034995670217,-1.2694001524290475
spread,0.7000000000000001,AB,0.9701004993691428,-0.003048554162274957,0.9701052894190096,-0.003142503409794882
spread,0.7000000000000001,BC,0.001920520310649979,-0.007697386714340752,0.007933357454049867,-1.3262855768198218
spread,0.7000000000000001,AC,0.0023068607595171844,-0.007420739743457589,0.007771034995670217,-1.2694001524290475
spread,0.8,AB,0.9611334277156213,-0.003407561700377208,0.9611394682090219,-0.003545342743306177
spread,0.8,BC,0.0019099106507695432,-0.00781694202926925,0.008046883954853519,-1.3311615498304181
spread,0.8,AC,0.0023068607595171844,-0.007420739743457589,0.007771034995670217,-1.2694001524290475
spread,0.9,AB,0.9510742381746381,-0.003737496890276582,0.9510815818858407,-0.0039297433375842005
spread,0.9,BC,0.001905418351286243,-0.007957503577027358,0.008182449649818908,-1.3357721552115727
spread,0.9,AC,0.0023068607595171844,-0.007420739743457589,0.007771034995670217,-1.2694001524290475
spread,1.0,AB,0.939960324542306,-0.004035650633221275,0.9399689878872125,-0.004293400190470282
spread,1.0,BC,0.0019053807261666432,-0.00811915093013418,0.008339729464313939,-1.3402901640114038
spread,1.0,AC,0.0023068607595171844,-0.007420739743457589,0.007771034995670217,-1.2694001524290475
spread,1.1,AB,0.927832668567249,-0.00429961623143086,0.9278426308164333,-0.0046340095583283294
spread,1.1,BC,0.0019081693935211527,-0.008301835433748506,0.00851830863513486,-1.344871263039275
spread,1.1,AC,0.0023068607595171844,-0.007420739743457589,0.007771034995670217,-1.2694001524290475
spread,1.2,AB,0.9147355857988968,-0.004527310180578402,0.9147467892615541,-0.004949269805291957
spread,1.2,BC,0.001912201018992728,-0.008505368703781133,0.00871767225377832,-1.349650528633731
spread,1.2,AC,0.0023068607595171844,-0.007420739743457589,0.007771034995670217,-1.2694001524290475
spread,1.3,AB,0.9007164529404916,-0.004716989313977087,0.9007288041280178,-0.005236882458905819
spread,1.3,BC,0.0019159467428923643,-0.008729411946548419,0.008937196699980488,-1.3547403857588323
spread,1.3,AC,0.0023068607595171844,-0.007420739743457589,0.007771034995670217,-1.2694001524290475
spread,1.4000000000000001,AB,0.8858254189695727,-0.004867264121482306,0.8858387907247273,-0.005494553482053825
spread,1.4000000000000001,BC,0.0019179402757563834,-0.008973466327803669,0.009176142590304205,-1.3602299678325451
spread,1.4000000000000001,AC,0.0023068607595171844,-0.007420739743457589,0.007771034995670217,-1.2694001524290475
spread,1.5,AB,0.8701151024070297,-0.004977108113179968,0.8701293369620209,-0.0057199947666555844
spread,1.5,BC,0.0019167846696191196,-0.009236864611338488,0.009433648886718446,-1.3661856999571653
spread,1.5,AC,0.0023068607595171844,-0.007420739743457589,0.007771034995670217,-1.2694001524290475
spread,1.6,AB,0.8536402772106784,-0.00504586314645433,0.8536551901155505,-0.005910925849148185
spread,1.6,BC,0.001911157793811227,-0.009518764276027877,0.009708727900988362,-1.372652868718559
spread,1.6,AC,0.0023068607595171844,-0.007420739743457589,0.007771034995670217,-1.2694001524290475
spread,1.7,AB,0.8364575498399205,-0.005073240684389695,0.836472934681837,-0.006065075841059369
spread,1.7,BC,0.0018998165641871088,-0.009818142305307441,0.010000261061833706,-1.379657915721037
spread,1.7,AC,0.0023068607595171844,-0.007420739743457589,0.007771034995670217,-1.2694001524290475
spread,1.8,AB,0.8186250300838779,-0.0050593190030259125,0.8186406638987611,-0.006180185559800452
spread,1.8,BC,0.0018815999930626515,-0.0101337918247798,0.01030699545366482,-1.3872111950004031
spread,1.8,AC,0.0023068607595171844,-0.007420739743457589,0.007771034995670217,-1.2694001524290475
spread,1.9000000000000001,AB,0.8002019982661781,-0.005004536414122825,0.8002176475271617,-0.006254009834917472
spread,1.9000000000000001,BC,0.0018554311435462893,-0.010464320742166331,0.010627541264251765,-1.3953099590984175
spread,1.9000000000000001,AC,0.0023068607595171844,-0.007420739743457589,0.007771034995670217,-1.2694001524290475
spread,2.0,AB,0.7812485714353159,-0.004909680618165548,0.7812639984880234,-0.006284319953163357
spread,2.0,BC,0.0018203180861498607,-0.010808152519416591,0.010960370377762582,-1.4039413767621094
spread,2.0,AC,0.0023068607595171844,-0.007420739743457589,0.007771034995670217,-1.2694001524290475
spread,2.1,AB,0.7618253711205254,-0.004775874348748739,0.761840340923688,-0.006268906191590985
spread,2.1,BC,0.0017753539673863736,-0.011163529179776158,0.011303816411160801,-1.4130854295024724
spread,2.1,AC,0.0023068607595171844,-0.007420739743457589,0.007771034995670217,-1.2694001524290475
spread,2.2,AB,0.7419931951798902,-0.004604557513624493,0.7420074822016007,-0.00620558037108653
spread,2.2,BC,0.0017197163093580856,-0.01152851662335228,0.011656076514830452,-1.422717578700279
spread,2.2,AC,0.0023068607595171844,-0.007420739743457589,0.007771034995670217,-1.2694001524290475
spread,2.3000000000000003,AB,0.7218126961908198,-0.004397466079027896,0.7218260913060547,-0.006092178343006614
spread,2.3000000000000003,BC,0.0016526656660122369,-0.01190101229360378,0.012015215246350103,-1.4328111355082263
spread,2.3000000000000003,AC,0.0023068607595171844,-0.007420739743457589,0.007771034995670217,-1.2694001524290475
spread,2.4,AB,0.7013440687340629,-0.004156607981887232,0.701356385968193,-0.005926562298466094
spread,2.4,BC,0.0015735437657391047,-0.01227875520464659,0.012379170786378712,-1.4433393001219406
spread,2.4,AC,0.0023068607595171844,-0.007420739743457589,0.007771034995670217,-1.2694001524290475
spread,2.5,AB,0.6806467478023992,-0.0038842363887084813,0.6806578307683724,-0.005706622762935854
spread,2.5,BC,0.0014817712713004775,-0.01265933830576832,0.012745763705653128,-1.4542768641315347
spread,2.5,AC,0.0023068607595171844,-0.007420739743457589,0.007771034995670217,-1.2694001524290475
spread,2.6,AB,0.6597791204255437,-0.0035828206498739047,0.6597888483093005,-0.005430280107719416
spread,2.6,BC,0.001376845286740959,-0.013040223125561575,0.013112708420004301,-1.4656015896767876
spread,2.6,AC,0.0023068607595171844,-0.007420739743457589,0.007771034995670217,-1.2694001524290475
spread,2.7,AB,0.6387982524452983,-0.0032550153234462203,0.6388065454047281,-0.005095485374131985
spread,2.7,BC,0.0012583367370309802,-0.01341875660411056,0.013477627392984366,-1.477295292696307
spread,2.7,AC,0.0023068607595171844,-0.007420739743457589,0.007771034995670217,-1.2694001524290475
spread,2.8000000000000003,AB,0.617759632201482,-0.0029036276630196645,0.617766456058692,-0.004700220165340434
spread,2.8000000000000003,BC,0.0011258877398401266,-0.013792189988196396,0.013838068068672998,-1.489344665691474
spread,2.8000000000000003,AC,0.0023068607595171844,-0.007420739743457589,0.007771034995670217,-1.2694001524290475
spread,2.9,AB,0.5967169327016446,-0.002531583979467554,0.5967223028262846,-0.0042424953143606085
spread,2.9,BC,0.0009792090802038973,-0.014157699632023827,0.014191522444521636,-1.5017418792295147
spread,2.9,AC,0.0023068607595171844,-0.007420739743457589,0.007771034995670217,-1.2694001524290475
spread,3.0,AB,0.5757217936482159,-0.0021418952964338735,0.5757257779507357,-0.0037203479841694987
spread,3.0,BC,0.000818077888125096,-0.014512409515005674,0.0145354491283299,-1.514485001955089
spread,3.0,AC,0.0023068607595171844,-0.007420739743457589,0.007771034995670217,-1.2694001524290475
spread,3.1,AB,0.5548236244877691,-0.0017376227240025873,0.5548263454653861,-0.003131836796788391
spread,3.1,BC,0.0006423356065735036,-0.01485341525914712,0.014867297666090388,-1.527578277110214
spread,3.1,AC,0.0023068607595171844,-0.007420739743457589,0.007771034995670217,-1.2694001524290475
spread,3.2,AB,0.5340694294308413,-0.0013218429741253504,0.5340710652351732,-0.0024750345220461655
spread,3.2,BC,0.00045188632317525596,-0.01517780940200368,0.015184534879034792,-1.5410322902585458
spread,3.2,AC,0.0023068607595171844,-0.007420739743457589,0.007771034995670217,-1.2694001524290475
spread,3.3000000000000003,AB,0.5135036551696085,-0.0008976144351389628,0.5135044396928057,-0.0017480177830519967
spread,3.3000000000000003,BC,0.00024669552340192543,-0.015482707657467454,0.015484672908649633,-1.5548640586795004
spread,3.3000000000000003,AC,0.0023068607595171844,-0.007420739743457589,0.007771034995670217,-1.2694001524290475
spread,3.4,AB,0.49316806179706885,-0.00046794421117199794,0.49316828380225575,-0.0009488531536963237
spread,3.4,BC,2.6789306583748125e-05,-0.015765275876155095,0.01576529863714053,-1.5690970681831438
spread,3.4,AC,0.0023068607595171844,-0.007420739743457589,0.007771034995670217,-1.2694001524290475
spread,3.5,AB,0.4731016172076178,-3.575651560882654e-05,0.4731016185588375,-7.557893323592785e-05
spread,3.5,BC,-0.00020774591109713574,-0.01602275740027384,0.01602410412695848,-1.5837612781934733
spread,3.5,AC,0.0023068607595171844,-0.007420739743457589,0.007771034995670217,-1.2694001524290475
spread,3.6,AB,0.453340415037366,0.0003961372137021744,0.4533405881133337,0.0008738182163725736
spread,3.6,BC,-0.0004567632000002991,-0.016252500494827404,0.016258917705531308,-1.5988931110243465
spread,3.6,AC,0.0023068607595171844,-0.007420739743457589,0.007771034995670217,-1.2694001524290475
spread,3.7,AB,0.43391761598554696,0.0008250661358289004,0.43391840038964596,0.0019014326939165084
spread,3.7,BC,-0.0007200544377159081,-0.016451985528139392,0.016467735309124397,-1.614535436391431
spread,3.7,AC,0.0023068607595171844,-0.007420739743457589,0.007771034995670217,-1.2694001524290475
spread,3.8000000000000003,AB,0.4148634121480811,0.0012485254532447,0.4148652908534962,0.0030094764864918347
spread,3.8000000000000003,BC,-0.0009973491751850963,-0.016618851570106993,0.01664875169153802,-1.6307375573402358
spread,3.8000000000000003,AC,0.0023068607595171844,-0.007420739743457589,0.007771034995670217,-1.2694001524290475
spread,3.9,AB,0.3962050137929166,0.0016641992058783273,0.39620850888596787,0.004200323976050426
spread,3.9,BC,-0.0012883130929761824,-0.016750922076484296,0.01680039109776861,-1.6475551988275743
spread,3.9,AC,0.0023068607595171844,-0.007420739743457589,0.007771034995670217,-1.2694001524290475
spread,4.0,AB,0.3779666578161017,0.002069980172382262,0.3779723260221417,0.005476566344454603
spread,4.0,BC,-0.0015925461080743015,-0.01684622933189972,0.01692133699827827,-1.6650504950155876
spread,4.0,AC,0.0023068607595171844,-0.007420739743457589,0.007771034995670217,-1.2694001524290475
spread,4.1,AB,0.36016963693947546,0.0024639866782442165,0.36017806513371153,0.0068410770563393595
spread,4.1,BC,-0.0019095802059237044,-0.016903037333241163,0.01701056047435828,-1.6832919657196468
spread,4.1,AC,0.0023068607595171844,-0.007420739743457589,0.007771034995670217,-1.2694001524290475
spread,4.2,AB,0.34283234854701833,0.0028445761525512665,0.34284414946700187,0.008297090076683118
spread,4.2,BC,-0.002238877085316092,-0.016919862808435368,0.017067346837145714,-1.7023544661536714
spread,4.2,AC,0.0023068607595171844,-0.007420739743457589,0.007771034995670217,-1.2694001524290475
spread,4.3,AB,0.32597036190873946,0.0032103553190449326,0.32598617029590243,0.00984829267912326
spread,4.3,BC,-0.0025798257147963254,-0.016895494083380178,0.017091320049670213,-1.7223190868771918
spread,4.3,AC,0.0023068607595171844,-0.007420739743457589,0.007771034995670217,-1.2694001524290475
spread,4.4,AB,0.3095965024097143,0.003560186951990409,0.309616971814307,0.011498934926782023
spread,4.4,BC,-0.002931739908339077,-0.016829007531673115,0.017082464499926772,-1.7432729724086395
spread,4.4,AC,0.0023068607595171844,-0.007420739743457589,0.007771034995670217,-1.2694001524290475
spread,4.5,AB,0.2937209512885795,0.0038931931727211808,0.2937467517759953,0.013253958166493078
spread,4.5,BC,-0.0032938560349527204,-0.016719781367567483,0.01704114363997473,-1.765309017110479
spread,4.5,AC,0.0023068607595171844,-0.007420739743457589,0.007771034995670217,-1.2694001524290475
spread,4.6000000000000005,AB,0.2783513592952147,0.004208755307910303,0.2783831762925619,0.015119145178908031
spread,4.6000000000000005,BC,-0.0036653309814404663,-0.016567506571972698,0.016968114957645292,-1.7885253855578678
spread,4.6000000000000005,AC,0.0023068607595171844,-0.007420739743457589,0.007771034995670217,-1.2694001524290475
spread,4.7,AB,0.26349297260210025,0.00450651037506269,0.2635315071228708,0.01710129498293761
spread,4.7,BC,-0.0040452404896870985,-0.016372194773937247,0.01686454067963732,-1.8130247917569888
spread,4.7,AC,0.0023068607595171844,-0.007420739743457589,0.007771034995670217,-1.2694001524290475
spread,4.8,AB,0.2491487692482529,0.0047863443038359535,0.24919473973122713,0.019208425718862374
spread,4.8,BC,-0.004432577989472962,-0.01613418294550047,0.016731993513973115,-1.8389134577084292
spread,4.8,AC,0.0023068607595171844,-0.007420739743457589,0.007771034995670217,-1.2694001524290475
spread,4.9,AB,0.23531960435884242,0.005048382043018088,0.23537375035643715,0.021450009550195437
spread,4.9,BC,-0.004826254044922286,-0.01585413480561949,0.01657245662359338,-1.8662996578871376
spread,4.9,AC,0.0023068607595171844,-0.007420739743457589,0.007771034995670217,-1.2694001524290475
spread,5.0,AB,0.22200436236745183,0.00529297474178551,0.2220674503203836,0.02383724415542323
spread,5.0,BC,-0.00522509652728679,-0.015533038868577015,0.016388316881613827,-1.895291744015914
spread,5.0,AC,0.0023068607595171844,-0.007420739743457589,0.007771034995670217,-1.2694001524290475
spread,5.1000000000000005,AB,0.2092001144711283,0.005520684229736892,0.209272945812634,0.026383366159168226
spread,5.1000000000000005,BC,-0.005627851618910231,-0.015172203113331471,0.0161823502976748,-1.9259955369488668
spread,5.1000000000000005,AC,0.0023068607595171844,-0.007420739743457589,0.007771034995670217,-1.2694001524290475
spread,5.2,AB,0.19690227957033038,0.0057322650526931305,0.1969857014166939,0.029104012818230714
spread,5.2,BC,-0.006033185743015887,-0.014773246292135092,0.015957698337097783,-1.9585109738894555
spread,5.2,AC,0.0023068607595171844,-0.007420739743457589,0.007771034995670217,-1.2694001524290475
spread,5.3,AB,0.18510478698584404,0.00592864434996395,0.18519970569334893,0.03201763948112562
spread,5.3,BC,-0.006439688501552159,-0.014338085938854018,0.015717833705284786,-1.9929279154978616
spread,5.3,AC,0.0023068607595171844,-0.007420739743457589,0.007771034995670217,-1.2694001524290475
spread,5.4,AB,0.17380023930177324,0.006110899883356668,0.17390763720647248,0.03514600184135194
spread,5.4,BC,-0.006845876688900814,-0.013868923179205142,0.015466514080112856,-2.0293210561310944
spread,5.4,AC,0.0023068607595171844,-0.007420739743457589,0.007771034995670217,-1.2694001524290475
spread,5.5,AB,0.16298007375667894,0.006280236548345698,0.16310102946589788,0.03851471387937216
spread,5.5,BC,-0.007250199433016858,-0.013368224486002809,0.015207722305680198,-2.0677439496611116
spread,5.5,AC,0.0023068607595171844,-0.007420739743457589,0.007771034995670217,-1.2694001524290475
spread,5.6000000000000005,AB,0.15263472069256143,0.006437961713302997,0.1527704333695437,0.042153894726365146
spread,5.6000000000000005,BC,-0.007651044497776303,-0.012838700561921237,0.014945591792419253,-2.1082222701289237
spread,5.6000000000000005,AC,0.0023068607595171844,-0.007420739743457589,0.007771034995670217,-1.2694001524290475
spread,5.7,AB,0.1427537576722267,0.006585459743339737,0.1429055758519309,0.04609892059194083
spread,5.7,BC,-0.008046745761237544,-0.012283282569673485,0.014684316396497279,-2.1507465738543114
spread,5.7,AC,0.0023068607595171844,-0.007420739743457589,0.007771034995670217,-1.2694001524290475
spread,5.8,AB,0.1333260579881036,0.006724166071029074,0.13349551358752826,0.050391301504663616
spread,5.8,BC,-0.008435591864474297,-0.01170509596436109,0.014428044969395098,-2.1952650118908954
spread,5.8,AC,0.0023068607595171844,-0.007420739743457589,0.007771034995670217,-1.2694001524290475
spread,5.9,AB,0.12433993240813539,0.006855541177034677,0.12452878075404775,0.05507970706336192
spread,5.9,BC,-0.008815836004936416,-0.011107432214563753,0.014180762139852072,-2.2416766397010943
spread,5.9,AC,0.0023068607595171844,-0.007420739743457589,0.007771034995670217,-1.2694001524290475
spread,6.0,AB,0.1157832631352389,0.006981044839495006,0.11599353003204536,0.06022117084845291
spread,6.0,BC,-0.009185706827274216,-0.010493718727060437,0.013946158705510671,-2.2898261482634084
spread,6.0,AC,0.0023068607595171844,-0.007420739743457589,0.007771034995670217,-1.2694001524290475
spread,6.1000000000000005,AB,0.10764362909422173,0.0071021110020102005,0.10787766620232037,0.0658825097597582
spread,6.1000000000000005,BC,-0.009543420343569704,-0.009867487314490268,0.013727497140982637,-2.3395009448410837
spread,6.1000000000000005,AC,0.0023068607595171844,-0.007420739743457589,0.007771034995670217,-1.2694001524290475
spread,6.2,AB,0.09990842180217041,0.00722012359641451,0.1001689719012225,0.07214200247556604
spread,6.2,BC,-0.009887192794302734,-0.00923234156541498,0.013527479888441935,-2.3904314820859756
spread,6.2,AC,0.0023068607595171844,-0.007420739743457589,0.007771034995670217,-1.2694001524290475
spread,6.3,AB,0.09256495122334377,0.0073363936384207165,0.09285522530583765,0.07909138054718254
spread,6.3,BC,-0.010215254341491398,-0.0085919234918302,0.01334812985218613,-2.4422955213940747
spread,6.3,AC,0.0023068607595171844,-0.007420739743457589,0.007771034995670217,-1.2694001524290475
spread,6.4,AB,0.08560054115572718,0.007452137891983557,0.08592430974592977,0.08683819628230341
spread,6.4,BC,-0.010525863466624711,-0.007949879839950694,0.013190693355077256,-2.4947266060057243
spread,6.4,AC,0.0023068607595171844,-0.007420739743457589,0.007771034995670217,-1.2694001524290475
spread,6.5,AB,0.07900261384184876,0.007568459372188963,0.07936431547687378,0.09550864314690093
spread,6.5,BC,-0.010817321928582136,-0.007309828455887619,0.013055575274996055,-2.5473264534677185
spread,6.5,AC,0.0023068607595171844,-0.007420739743457589,0.007771034995670217,-1.2694001524290475
spread,6.6000000000000005,AB,0.07275876363951925,0.007686329927029179,0.07316363409576217,0.10525091595207631
spread,6.6000000000000005,BC,-0.011087990121019749,-0.0066753250985365185,0.012942313938974867,-2.5996803597889198
spread,6.6000000000000005,AC,0.0023068607595171844,-0.007420739743457589,0.007771034995670217,-1.2694001524290475
spread,6.7,AB,0.06685681972719312,0.0078065751060059875,0.06731104633654206,0.11623920751977922
spread,6.7,BC,-0.011336302654987238,-0.0060498310875644465,0.012849599763165073,-2.6513741835912903
spread,6.7,AC,0.0023068607595171844,-0.007420739743457589,0.007771034995670217,-1.2694001524290475
spread,6.8,AB,0.06128489795211792,0.007929861488592297,0.06179580422835976,0.12867844181614646
spread,6.8,BC,-0.011560783981085197,-0.005436682164857684,0.012775337146979635,-2.702011187651814
spread,6.8,AC,0.0023068607595171844,-0.007420739743457589,0.007771034995670217,-1.2694001524290475
spread,6.9,AB,0.05603144205591198,0.008056686608680405,0.056607708821109444,0.14280983326314203
spread,6.9,BC,-0.01176006385650942,-0.0048390589332697135,0.012716744601856116,-2.751227040419105
spread,6.9,AC,0.0023068607595171844,-0.007420739743457589,0.007771034995670217,-1.2694001524290475
spread,7.0,AB,0.05108525463038448,0.008187371572784746,0.05173718482795583,0.15891732479284768
spread,7.0,BC,-0.011932892456053633,-0.004259959217168922,0.012670484398778294,-2.7987016140034076
spread,7.0,AC,0.0023068607595171844,-0.007420739743457589,0.007771034995670217,-1.2694001524290475
spread,7.1000000000000005,AB,0.04643551826512232,0.008322056430493243,0.047175353520485915,0.1773348700942017
spread,7.1000000000000005,BC,-0.012078154922711318,-0.0037021726653653393,0.012632810802873363,-2.8441667631050085
spread,7.1000000000000005,AC,0.0023068607595171844,-0.007420739743457589,0.007771034995670217,-1.2694001524290475
spread,7.2,AB,0.04207180744660606,0.008460698316030526,0.04291410488195203,0.1984543493890869
spread,7.2,BC,-0.012194885153046325,-0.0031682578888043884,0.012599725471055348,-2.887409887233298
spread,7.2,AC,0.0023068607595171844,-0.007420739743457589,0.007771034995670217,-1.2694001524290475
spread,7.3,AB,0.03798409185553009,0.008603072340363987,0.03894616910278703,0.22273357918656184
spread,7.3,BC,-0.012282278615063359,-0.0026605223933176764,0.012567129639793945,-2.928273625476098
spread,7.3,AC,0.0023068607595171844,-0.007420739743457589,0.007771034995670217,-1.2694001524290475
spread,7.4,AB,0.034162731783909314,0.008748775174600178,0.03526518552333205,0.250703295355203
spread,7.4,BC,-0.012339704001928948,-0.0021810055321404833,0.012530964846588976,-2.966652413811332
spread,7.4,AC,0.0023068607595171844,-0.007420739743457589,0.007771034995670217,-1.2694001524290475
spread,7.5,AB,0.03059846645594149,0.008897231228019088,0.03186576333590982,0.2829710116584462
spread,7.5,BC,-0.012366713533553751,-0.0017314646643134595,0.012487336525646597,-3.0024868169183736
spread,7.5,AC,0.0023068607595171844,-0.007420739743457589,0.007771034995670217,-1.2694001524290475
spread,7.6000000000000005,AB,0.027282396086127685,0.009047701288491944,0.028743521614550537,0.320218101776833
spread,7.6000000000000005,BC,-0.012363051729681192,-0.0013133646640005603,0.012432617375734622,-3.035756551138531
spread,7.6000000000000005,AC,0.0023068607595171844,-0.007420739743457589,0.007771034995670217,-1.2694001524290475
spread,7.7,AB,0.02420595854466665,0.009199293459709214,0.02589508503990611,0.3631841633737545
spread,7.7,BC,-0.012328662492625661,-0.0009278708827262011,0.012363529562066242,-3.0664729954237577
spread,7.7,AC,0.0023068607595171844,-0.007420739743457589,0.007771034995670217,-1.2694001524290475
spread,7.8,AB,0.02136090152364221,0.009350976199058784,0.023317994548805093,0.41262974823534526
spread,7.8,BC,-0.012263694355010802,-0.0005758456221463008,0.012277206417327553,-3.094671802822818
spread,7.8,AC,0.0023068607595171844,-0.007420739743457589,0.007771034995670217,-1.2694001524290475
spread,7.9,AB,0.01873925110819029,0.0095015932325495,0.021010468963177414,0.46926557502759153
spread,7.9,BC,-0.012168503767576024,-0.0002578481298196834,0.012171235335805624,-3.120406026768496
spread,7.9,AC,0.0023068607595171844,-0.007420739743457589,0.007771034995670217,-1.2694001524290475
spread,8.0,AB,0.016333277654999638,0.009649880099232924,0.018970928941010826,0.5336354838298606
spread,8.0,BC,-0.012043656324110835,2.586191484467079e-05,0.012043684091337431,3.1394453094280066
spread,8.0,AC,0.0023068607595171844,-0.007420739743457589,0.007771034995670217,-1.2694001524290475
spread,8.1,AB,0.014135459866654286,0.00979448205744685,0.01719718303721404,0.6059460001228916
spread,8.1,BC,-0.011889925844566007,0.00027531750210720105,0.011893112978368835,3.1184412634892014
spread,8.1,AC,0.0023068607595171844,-0.007420739743457589,0.007771034995670217,-1.2694001524290475
spread,8.2,AB,0.012138447925094324,0.009933973069142015,0.015685207648248253,0.6858536422382239
spread,8.2,BC,-0.011708291263071092,0.0004908341022566449,0.011718575101813572,3.0996952617650795
spread,8.2,AC,0.0023068607595171844,-0.007420739743457589,0.007771034995670217,-1.2694001524290475
spread,8.3,AB,0.01033502651161226,0.010066875566753303,0.01442756932654364,0.7722554914823837
spread,8.3,BC,-0.011499931294621218,0.0006729963482249466,0.011519606931911026,3.0831375538347165
spread,8.3,AC,0.0023068607595171844,-0.007420739743457589,0.007771034995670217,-1.2694001524290475
spread,8.4,AB,0.008718078495187269,0.01019168069967264,0.013411757831556851,0.8631691202149434
spread,8.4,BC,-0.011266216882222383,0.0008226417936547789,0.01129621097350524,3.068703551914579
spread,8.4,AC,0.0023068607595171844,-0.007420739743457589,0.007771034995670217,-1.2694001524290475
spread,8.5,AB,0.007280550016563761,0.010306868754443255,0.012618952098530417,0.955802336294726
spread,8.5,BC,-0.011008701454921456,0.0009408419865858959,0.011048832126849999,3.0563363372131405
spread,8.5,AC,0.0023068607595171844,-0.007420739743457589,0.007771034995670217,-1.2694001524290475
spread,8.6,AB,0.006015417633362762,0.010410929444330266,0.012023838871117434,1.0468615717461751
spread,8.6,BC,-0.01072910905600093,0.001028881132577218,0.010778329069041016,3.0459887667963392
spread,8.6,AC,0.0023068607595171844,-0.007420739743457589,0.007771034995670217,-1.2694001524290475
spread,8.700000000000001,AB,0.004915658122802638,0.010502381769874867,0.011595849154782737,1.133032388321249
spread,8.700000000000001,BC,-0.010429320429285861,0.0010882326509508286,0.010485941775506618,3.0376253000843367
spread,8.700000000000001,AC,0.0023068607595171844,-0.007420739743457589,0.007771034995670217,-1.2694001524290475
spread,8.8,AB,0.003974221464480529,0.010579793162288199,0.011301613141739452,1.2114623626710352
spread,8.8,BC,-0.010111357179584921,0.0011205339535203867,0.010173256133320126,3.0312236521833107
spread,8.8,AC,0.0023068607595171844,-0.007420739743457589,0.007771034995670217,-1.2694001524290475
spread,8.9,AB,0.003184007447341174,0.010641797635907987,0.011107914311352104,1.2800752262023023
spread,8.9,BC,-0.009777364150367363,0.0011275597962985685,0.009842166469996217,3.0267763668854246
spread,8.9,AC,0.0023068607595171844,-0.007420739743457589,0.007771034995670217,-1.2694001524290475
spread,9.0,AB,0.0025378462636693913,0.010687112694187288,0.01098430887203559,1.3376469075228619
spread,9.0,BC,-0.009429590187468221,0.0011111945709762548,0.009494836727304164,3.024292386177867
spread,9.0,AC,0.0023068607595171844,-0.007420739743457589,0.007771034995670217,-1.2694001524290475
spread,9.1,AB,0.0020284833699169957,0.010714554755519669,0.010904880943461004,1.3836904212273895
spread,9.1,BC,-0.009070367481537778,0.0010734039142088385,0.009133660942534315,3.023798675120489
spread,9.1,AC,0.0023068607595171844,-0.007420739743457589,0.007771034995670217,-1.2694001524290475
spread,9.200000000000001,AB,0.001648568810631725,0.010723052890286983,0.010849038778218084,1.4182500927907598
spread,9.200000000000001,BC,-0.008702089703747938,0.0010162060187815613,0.008761223652246514,3.025341939473999
spread,9.200000000000001,AC,0.0023068607595171844,-0.007420739743457589,0.007771034995670217,-1.2694001524290475
spread,9.3,AB,0.001390651118877653,0.010711660688458798,0.010801554760269897,1.4416925212744127
spread,9.3,BC,-0.008327189168606704,0.0009416430314790618,0.008380260798357882,3.028990445771499
spread,9.3,AC,0.0023068607595171844,-0.007420739743457589,0.007771034995670217,-1.2694001524290475
spread,9.4,AB,0.0012471758254594904,0.01067956610745124,0.010752143032113729,1.4545414030718524
spread,9.4,BC,-0.007948113274308354,0.0008517529179500485,0.007993621685723755,3.0348359155098383
spread,9.4,AC,0.0023068607595171844,-0.007420739743457589,0.007771034995670217,-1.2694001524290475
spread,9.5,AB,0.001210488531060302,0.01062609918230968,0.010694824277009463,1.4573687421034098
spread,9.5,BC,-0.00756730048459558,0.000748542165109189,0.0076042325054608145,3.0429954110003665
spread,9.5,AC,0.0023068607595171844,-0.007420739743457589,0.007771034995670217,-1.2694001524290475
spread,9.6,AB,0.0012728424210735091,0.010550737514130087,0.010627238113496666,1.4507363985826947
spread,9.6,BC,-0.00718715612640199,0.0006339596767978967,0.0072150618886523315,3.053613052432764
spread,9.6,AC,0.0023068607595171844,-0.007420739743457589,0.007771034995670217,-1.2694001524290475
spread,9.700000000000001,AB,0.001426410033366101,0.01045310948747457,0.010549983106167438,1.4351760087956378
spread,9.700000000000001,BC,-0.006810028284394765,0.0005098721987522317,0.006829088877245422,3.066861294203765
spread,9.700000000000001,AC,0.0023068607595171844,-0.007420739743457589,0.007771034995670217,-1.2694001524290475
spread,9.8,AB,0.0016632990252677723,0.010332995202852038,0.010466009435769679,1.4111957232078607
spread,9.8,BC,-0.0064381840768081965,0.0003780415846838022,0.006449273575110367,3.0829413326749338
spread,9.8,AC,0.0023068607595171844,-0.007420739743457589,0.007771034995670217,-1.2694001524290475
spread,9.9,AB,0.001975571628449113,0.010190325145605111,0.01038005827692142,1.3793044117404667
spread,9.9,BC,-0.006073786596559242,0.00024010418681848418,0.006078530549488952,3.1020820075551687
spread,9.9,AC,0.0023068607595171844,-0.007420739743457589,0.007771034995670217,-1.2694001524290475
spread,10.0,AB,0.0023552674296301156,0.010025176647251855,0.010298128542297402,1.3400457240875858
spread,10.0,BC,-0.005718872797524056,9.755262196895148e-05,0.005719704764086486,3.124536292091057
spread,10.0,AC,0.0023068607595171844,-0.007420739743457589,0.007771034995670217,-1.2694001524290475
spread,10.1,AB,0.0027944290717274367,0.009837768228968336,0.0102269505505705,1.2940349873047403
spread,10.1,BC,-0.005375332598040829,-4.8279871397454224e-05,0.005375549412436139,-3.132611149225982
spread,10.1,AC,0.0023068607595171844,-0.007420739743457589,0.007771034995670217,-1.2694001524290475
spread,10.200000000000001,AB,0.0032851304344668863,0.00962845194897597,0.010173454128524871,1.241991617600078
spread,10.200000000000001,BC,-0.005044889462248419,-0.00019623230808083164,0.005048704467983828,-3.102715006601613
spread,10.200000000000001,AC,0.0023068607595171844,-0.007420739743457589,0.007771034995670217,-1.2694001524290475
spread,10.3,AB,0.0038195068258922342,0.009397703905649818,0.010144233391011033,1.184759345971722
spread,10.3,BC,-0.004729082704885722,-0.00034532592677534663,0.004741674095227603,-3.0687002715236855
spread,10.3,AC,0.0023068607595171844,-0.007420739743457589,0.007771034995670217,-1.2694001524290475
spread,10.4,AB,0.004389786696710556,0.009146113075756482,0.010145028912582786,1.1233072387918035
spread,10.4,BC,-0.004429251746822701,-0.0004947711625417836,0.0044568003702224425,-3.0303484684512974
spread,10.4,AC,0.0023068607595171844,-0.007420739743457589,0.007771034995670217,-1.2694001524290475
spread,10.5,AB,0.004988324378021552,0.008874368691964663,0.01018026521173622,1.0587072021567296
spread,10.5,BC,-0.004146522527080594,-0.0006439715707842646,0.00419623026674719,-2.987519490852671
spread,10.5,AC,0.0023068607595171844,-0.007420739743457589,0.007771034995670217,-1.2694001524290475
spread,10.6,AB,0.005607633339564417,0.00858324638529308,0.010252690875162535,0.9920885373381149
spread,10.6,BC,-0.0038817962526786565,-0.0007925246963737388,0.003961872984040799,-2.9401960653982475
spread,10.6,AC,0.0023068607595171844,-0.007420739743457589,0.007771034995670217,-1.2694001524290475
spread,10.700000000000001,AB,0.006240419469947033,0.008273593336161357,0.010363164663994662,0.924576009159372
spread,10.700000000000001,BC,-0.003635740640614349,-0.0009402199253822773,0.0037553459912371178,-2.8885319093852666
spread,10.700000000000001,AC,0.0023068607595171844,-0.007420739743457589,0.007771034995670217,-1.2694001524290475
spread,10.8,AB,0.006879613892062748,0.007946312691934312,0.01051061238472141,0.8572226045269548
spread,10.8,BC,-0.003408783776976124,-0.0010870333999248795,0.003577911185416409,-2.8328952387228012
spread,10.8,AC,0.0023068607595171844,-0.007420739743457589,0.007771034995670217,-1.2694001524290475
spread,10.9,AB,0.007518404845613783,0.007602347519098105,0.010692151290721897,0.7909495942477139
spread,10.9,BC,-0.003201110686970641,-0.0012331201182347222,0.0034304073892517293,-2.773895419201695
spread,10.9,AC,0.0023068607595171844,-0.007420739743457589,0.007771034995670217,-1.2694001524290475
spread,11.0,AB,0.008150268193827538,0.007242664564335961,0.010903350935506232,0.7265039908043559
spread,11.0,BC,-0.0030126626769151456,-0.0013788033817276305,0.0033131910856968516,-2.7123792240740023
spread,11.0,AC,0.0023068607595171844,-0.007420739743457589,0.007771034995670217,-1.2694001524290475
spread,11.1,AB,0.00876899614247097,0.006868238100699419,0.011138581056605456,0.6644382310307372
spread,11.1,BC,-0.002843139475421342,-0.0015245617878798159,0.003226101474188691,-2.6493869184509005
spread,11.1,AC,0.0023068607595171844,-0.007420739743457589,0.007771034995670217,-1.2694001524290475
spread,11.200000000000001,AB,0.009368723795474364,0.006480034132777581,0.011391392711949232,0.6051112128396822
spread,11.200000000000001,BC,-0.0026920041665163025,-0.001671014001718413,0.0031684655949655058,-2.586068116990359
spread,11.200000000000001,AC,0.0023068607595171844,-0.007420739743457589,0.007771034995670217,-1.2694001524290475
spread,11.3,AB,0.009943953212145907,0.006078995228291599,0.011654886892241336,0.5487057058706348
spread,11.3,BC,-0.0025584908727591432,-0.0018189015691279925,0.0031391525073127804,-2.5235703711796895
spread,11.3,AC,0.0023068607595171844,-0.007420739743457589,0.007771034995670217,-1.2694001524290475
spread,11.4,AB,0.010489574675330614,0.005666026232985868,0.011922039680449876,0.4952554776784161
spread,11.4,BC,-0.002441615111975238,-0.001969070061574237,0.003136673598322564,-2.4629238057358456
spread,11.4,AC,0.0023068607595171844,-0.007420739743457589,0.007771034995670217,-1.2694001524290475
spread,11.5,AB,0.011000884927144332,0.005241981111211841,0.012185968781782313,0.4446758937653818
spread,11.5,BC,-0.0023401867174974588,-0.002122448863868555,0.0031593136996012996,-2.4049471419269133
spread,11.5,AC,0.0023068607595171844,-0.007420739743457589,0.007771034995670217,-1.2694001524290475
spread,11.6,AB,0.011473602178286559,0.004807651136420933,0.012440138921857406,0.39679334172539654
spread,11.6,BC,-0.002252825179226381,-0.002280029933934199,0.0032052703143092883,-2.350192880302856
spread,11.6,AC,0.0023068607595171844,-0.007420739743457589,0.007771034995670217,-1.2694001524290475
spread,11.700000000000001,AB,0.011903877747584266,0.0043637546341714194,0.012678511739817272,0.35137070145424143
spread,11.700000000000001,BC,-0.002177977231834227,-0.0024428458759465812,0.003272778757572455,-2.2989364824332843
spread,11.700000000000001,AC,0.0023068607595171844,-0.007420739743457589,0.007771034995670217,-1.2694001524290475
spread,11.8,AB,0.012288304239535735,0.003910928455530084,0.012895649749728271,0.308127671542879
spread,11.8,BC,-0.0021139364874586037,-0.0026119476755381275,0.003360208049028787,-2.2512025112804883
spread,11.8,AC,0.0023068607595171844,-0.007420739743457589,0.007771034995670217,-1.2694001524290475
spread,11.9,AB,0.012623920218415307,0.0034497213312784476,0.013086784897154546,0.2667558547306956
spread,11.9,BC,-0.002058864883655421,-0.0027883824478882172,0.0034661219373877394,-2.206814200907623
spread,11.9,AC,0.0023068607595171844,-0.007420739743457589,0.007771034995670217,-1.2694001524290475
spread,12.0,AB,0.012908211387207599,0.002980589227520456,0.013247861463649403,0.22692912239265225
spread,12.0,BC,-0.0020108156935686405,-0.0029731715464418186,0.0035893075652656415,-2.165452337783883
spread,12.0,AC,0.0023068607595171844,-0.007420739743457589,0.007771034995670217,-1.2694001524290475
echo,0.0,AB,1.0,2.4456244684357855e-11,1.0,2.4456244684357855e-11
echo,0.0,BC,0.00230686075417591,-0.007420739779384018,0.007771035028391611,-1.2694001544577862
echo,0.0,AC,0.0023068607595171844,-0.007420739743457589,0.007771034995670217,-1.2694001524290475
echo,0.1,AB,0.9993803881228378,-0.0004670724860798808,0.9993804972688136,-0.0004673620351406652
echo,0.1,BC,0.0022068025291010944,-0.007403668174053019,0.007725560163116494,-1.2811122107334487
echo,0.1,AC,0.0023068607595171844,-0.007420739743457589,0.007771034995670217,-1.2694001524290475
echo,0.2,AB,0.997523929723158,-0.000930111836317929,0.9975243633507704,-0.0009324203049718039
echo,0.2,BC,0.002124310926558702,-0.007404488125561362,0.007703190333509611,-1.2914053666445529
echo,0.2,AC,0.0023068607595171844,-0.007420739743457589,0.007771034995670217,-1.2694001524290475
echo,0.3,AB,0.9944377412458494,-0.0013851242114474775,0.9944387058955559,-0.0013928708236246596
echo,0.3,BC,0.0020578804381924188,-0.007423833706241303,0.007703776917578773,-1.30038672973
echo,0.3,AC,0.0023068607595171844,-0.007420739743457589,0.007771034995670217,-1.2694001524290475
echo,0.4,AB,0.9901336327314814,-0.0018281940355736176,0.990135320529205,-0.0018464093103810128
echo,0.4,BC,0.002005934016058212,-0.0074622952322310485,0.00772720010157351,-1.308194663107096
echo,0.4,AC,0.0023068607595171844,-0.007420739743457589,0.007771034995670217,-1.2694001524290475
echo,0.5,AB,0.9846280322205572,-0.002255521966541811,0.9846306156188056,-0.0022907310654241434
echo,0.5,BC,0.001966840635722478,-0.007520408263936281,0.007773352078904589,-1.3149921644935179
echo,0.5,AC,0.0023068607595171844,-0.007420739743457589,0.007771034995670217,-1.2694001524290475
echo,0.6,AB,0.977941880825969,-0.002663461556894954,0.9779455078381918,-0.0027235309414565686
echo,0.6,BC,0.0019389323001634063,-0.007598641924032916,0.007842118180331613,-1.3209593575545837
echo,0.6,AC,0.0023068607595171844,-0.007420739743457589,0.007771034995670217,-1.2694001524290475
echo,0.7000000000000001,AB,0.9701004993691428,-0.003048554162274957,0.9701052894190096,-0.003142503409794882
echo,0.7000000000000001,BC,0.001920520310649979,-0.007697386714340752,0.007933357454049867,-1.3262855768198218
echo,0.7000000000000001,AC,0.0023068607595171844,-0.007420739743457589,0.007771034995670217,-1.2694001524290475
echo,0.8,AB,0.9611334277156213,-0.003407561700377208,0.9611394682090219,-0.003545342743306177
echo,0.8,BC,0.0019099106507695432,-0.00781694202926925,0.008046883954853519,-1.3311615498304181
echo,0.8,AC,0.0023068607595171844,-0.007420739743457589,0.007771034995670217,-1.2694001524290475
echo,0.9,AB,0.9510742381746381,-0.003737496890276582,0.9510815818858407,-0.0039297433375842005
echo,0.9,BC,0.001905418351286243,-0.007957503577027358,0.008182449649818908,-1.3357721552115727
echo,0.9,AC,0.0023068607595171844,-0.007420739743457589,0.007771034995670217,-1.2694001524290475
echo,1.0,AB,0.939960324542306,-0.004035650633221275,0.9399689878872125,-0.004293400190470282
echo,1.0,BC,0.0019053807261666432,-0.00811915093013418,0.008339729464313939,-1.3402901640114038
echo,1.0,AC,0.0023068607595171844,-0.007420739743457589,0.007771034995670217,-1.2694001524290475
echo,1.1,AB,0.927832668567249,-0.00429961623143086,0.9278426308164333,-0.0046340095583283294
echo,1.1,BC,0.0019081693935211527,-0.008301835433748506,0.00851830863513486,-1.344871263039275
echo,1.1,AC,0.0023068607595171844,-0.007420739743457589,0.007771034995670217,-1.2694001524290475
echo,1.2,AB,0.9147355857988968,-0.004527310180578402,0.9147467892615541,-0.004949269805291957
echo,1.2,BC,0.001912201018992728,-0.008505368703781133,0.00871767225377832,-1.349650528633731
echo,1.2,AC,0.0023068607595171844,-0.007420739743457589,0.007771034995670217,-1.2694001524290475
echo,1.3,AB,0.9007164529404916,-0.004716989313977087,0.9007288041280178,-0.005236882458905819
echo,1.3,BC,0.0019159467428923643,-0.008729411946548419,0.008937196699980488,-1.3547403857588323
echo,1.3,AC,0.0023068607595171844,-0.007420739743457589,0.007771034995670217,-1.2694001524290475
echo,1.4000000000000001,AB,0.8858254189695727,-0.004867264121482306,0.8858387907247273,-0.005494553482053825
echo,1.4000000000000001,BC,0.0019179402757563834,-0.008973466327803669,0.009176142590304205,-1.3602299678325451
echo,1.4000000000000001,AC,0.0023068607595171844,-0.007420739743457589,0.007771034995670217,-1.2694001524290475
echo,1.5,AB,0.8701151024070297,-0.004977108113179968,0.8701293369620209,-0.0057199947666555844
echo,1.5,BC,0.0019167846696191196,-0.009236864611338488,0.009433648886718446,-1.3661856999571653
echo,1.5,AC,0.0023068607595171844,-0.007420739743457589,0.007771034995670217,-1.2694001524290475
echo,1.6,AB,0.8536402772106784,-0.00504586314645433,0.8536551901155505,-0.005910925849148185
echo,1.6,BC,0.001911157793811227,-0.009518764276027877,0.009708727900988362,-1.372652868718559
echo,1.6,AC,0.0023068607595171844,-0.007420739743457589,0.007771034995670217,-1.2694001524290475
echo,1.7,AB,0.8364575498399205,-0.005073240684389695,0.836472934681837,-0.006065075841059369
echo,1.7,BC,0.0018998165641871088,-0.009818142305307441,0.010000261061833706,-1.379657915721037
echo,1.7,AC,0.0023068607595171844,-0.007420739743457589,0.007771034995670217,-1.2694001524290475
echo,1.8,AB,0.8186250300838779,-0.0050593190030259125,0.8186406638987611,-0.006180185559800452
echo,1.8,BC,0.0018815999930626515,-0.0101337918247798,0.01030699545366482,-1.3872111950004031
echo,1.8,AC,0.0023068607595171844,-0.007420739743457589,0.007771034995670217,-1.2694001524290475
echo,1.9000000000000001,AB,0.8002019982661781,-0.005004536414122825,0.8002176475271617,-0.006254009834917472
echo,1.9000000000000001,BC,0.0018554311435462893,-0.010464320742166331,0.010627541264251765,-1.3953099590984175
echo,1.9000000000000001,AC,0.0023068607595171844,-0.007420739743457589,0.007771034995670217,-1.2694001524290475
echo,2.0,AB,0.7812485714353159,-0.004909680618165548,0.7812639984880234,-0.006284319953163357
echo,2.0,BC,0.0018203180861498607,-0.010808152519416591,0.010960370377762582,-1.4039413767621094
echo,2.0,AC,0.0023068607595171844,-0.007420739743457589,0.007771034995670217,-1.2694001524290475
echo,2.1,AB,0.7618253711205254,-0.004775874348748739,0.761840340923688,-0.006268906191590985
echo,2.1,BC,0.0017753539673863736,-0.011163529179776158,0.011303816411160801,-1.4130854295024724
echo,2.1,AC,0.0023068607595171844,-0.007420739743457589,0.007771034995670217,-1.2694001524290475
echo,2.2,AB,0.7419931951798902,-0.004604557513624493,0.7420074822016007,-0.00620558037108653
echo,2.2,BC,0.0017197163093580856,-0.01152851662335228,0.011656076514830452,-1.422717578700279
echo,2.2,AC,0.0023068607595171844,-0.007420739743457589,0.007771034995670217,-1.2694001524290475
echo,2.3000000000000003,AB,0.7218126961908198,-0.004397466079027896,0.7218260913060547,-0.006092178343006614
echo,2.3000000000000003,BC,0.0016526656660122369,-0.01190101229360378,0.012015215246350103,-1.4328111355082263
echo,2.3000000000000003,AC,0.0023068607595171844,-0.007420739743457589,0.007771034995670217,-1.2694001524290475
echo,2.4,AB,0.7013440687340629,-0.004156607981887232,0.701356385968193,-0.005926562298466094
echo,2.4,BC,0.0015735437657391047,-0.01227875520464659,0.012379170786378712,-1.4433393001219406
echo,2.4,AC,0.0023068607595171844,-0.007420739743457589,0.007771034995670217,-1.2694001524290475
echo,2.5,AB,0.6806467478023992,-0.0038842363887084813,0.6806578307683724,-0.005706622762935854
echo,2.5,BC,0.0014817712713004775,-0.01265933830576832,0.012745763705653128,-1.4542768641315347
echo,2.5,AC,0.0023068607595171844,-0.007420739743457589,0.007771034995670217,-1.2694001524290475
echo,2.6,AB,0.6597791204255437,-0.0035828206498739047,0.6597888483093005,-0.005430280107719416
echo,2.6,BC,0.001376845286740959,-0.013040223125561575,0.013112708420004301,-1.4656015896767876
echo,2.6,AC,0.0023068607595171844,-0.007420739743457589,0.007771034995670217,-1.2694001524290475
echo,2.7,AB,0.6387982524452983,-0.0032550153234462203,0.6388065454047281,-0.005095485374131985
echo,2.7,BC,0.0012583367370309802,-0.01341875660411056,0.013477627392984366,-1.477295292696307
echo,2.7,AC,0.0023068607595171844,-0.007420739743457589,0.007771034995670217,-1.2694001524290475
echo,2.8000000000000003,AB,0.617759632201482,-0.0029036276630196645,0.617766456058692,-0.004700220165340434
echo,2.8000000000000003,BC,0.0011258877398401266,-0.013792189988196396,0.013838068068672998,-1.489344665691474
echo,2.8000000000000003,AC,0.0023068607595171844,-0.007420739743457589,0.007771034995670217,-1.2694001524290475
echo,2.9,AB,0.5967169327016446,-0.002531583979467554,0.5967223028262846,-0.0042424953143606085
echo,2.9,BC,0.0009792090802038973,-0.014157699632023827,0.014191522444521636,-1.5017418792295147
echo,2.9,AC,0.0023068607595171844,-0.007420739743457589,0.007771034995670217,-1.2694001524290475
echo,3.0,AB,0.5757217936482159,-0.0021418952964338735,0.5757257779507357,-0.0037203479841694987
echo,3.0,BC,0.000818077888125096,-0.014512409515005674,0.0145354491283299,-1.514485001955089
echo,3.0,AC,0.0023068607595171844,-0.007420739743457589,0.007771034995670217,-1.2694001524290475
echo,3.1,AB,0.5548236244877691,-0.0017376227240025873,0.5548263454653861,-0.003131836796788391
echo,3.1,BC,0.0006423356065735036,-0.01485341525914712,0.014867297666090388,-1.527578277110214
echo,3.1,AC,0.0023068607595171844,-0.007420739743457589,0.007771034995670217,-1.2694001524290475
echo,3.2,AB,0.5340694294308413,-0.0013218429741253504,0.5340710652351732,-0.0024750345220461655
echo,3.2,BC,0.00045188632317525596,-0.01517780940200368,0.015184534879034792,-1.5410322902585458
echo,3.2,AC,0.0023068607595171844,-0.007420739743457589,0.007771034995670217,-1.2694001524290475
echo,3.3000000000000003,AB,0.5135036551696085,-0.0008976144351389628,0.5135044396928057,-0.0017480177830519967
echo,3.3000000000000003,BC,0.00024669552340192543,-0.015482707657467454,0.015484672908649633,-1.5548640586795004
echo,3.3000000000000003,AC,0.0023068607595171844,-0.007420739743457589,0.007771034995670217,-1.2694001524290475
echo,3.4,AB,0.49316806179706885,-0.00046794421117199794,0.49316828380225575,-0.0009488531536963237
echo,3.4,BC,2.6789306583748125e-05,-0.015765275876155095,0.01576529863714053,-1.5690970681831438
echo,3.4,AC,0.0023068607595171844,-0.007420739743457589,0.007771034995670217,-1.2694001524290475
echo,3.5,AB,0.4731016172076178,-3.575651560882654e-05,0.4731016185588375,-7.557893323592785e-05
echo,3.5,BC,-0.00020774591109713574,-0.01602275740027384,0.01602410412695848,-1.5837612781934733
echo,3.5,AC,0.0023068607595171844,-0.007420739743457589,0.007771034995670217,-1.2694001524290475
echo,3.6,AB,0.453340415037366,0.0003961372137021744,0.4533405881133337,0.0008738182163725736
echo,3.6,BC,-0.0004567632000002991,-0.016252500494827404,0.016258917705531308,-1.5988931110243465
echo,3.6,AC,0.0023068607595171844,-0.007420739743457589,0.007771034995670217,-1.2694001524290475
echo,3.7,AB,0.43391761598554696,0.0008250661358289004,0.43391840038964596,0.0019014326939165084
echo,3.7,BC,-0.0007200544377159081,-0.016451985528139392,0.016467735309124397,-1.614535436391431
echo,3.7,AC,0.0023068607595171844,-0.007420739743457589,0.007771034995670217,-1.2694001524290475
echo,3.8000000000000003,AB,0.4148634121480811,0.0012485254532447,0.4148652908534962,0.0030094764864918347
echo,3.8000000000000003,BC,-0.0009973491751850963,-0.016618851570106993,0.01664875169153802,-1.6307375573402358
echo,3.8000000000000003,AC,0.0023068607595171844,-0.007420739743457589,0.007771034995670217,-1.2694001524290475
echo,3.9,AB,0.3962050137929166,0.0016641992058783273,0.39620850888596787,0.004200323976050426
echo,3.9,BC,-0.0012883130929761824,-0.016750922076484296,0.01680039109776861,-1.6475551988275743
echo,3.9,AC,0.0023068607595171844,-0.007420739743457589,0.007771034995670217,-1.2694001524290475
echo,4.0,AB,0.3779666578161017,0.002069980172382262,0.3779723260221417,0.005476566344454603
echo,4.0,BC,-0.0015925461080743015,-0.01684622933189972,0.01692133699827827,-1.6650504950155876
echo,4.0,AC,0.0023068607595171844,-0.007420739743457589,0.007771034995670217,-1.2694001524290475
echo,4.1,AB,0.36016963693947546,0.0024639866782442165,0.36017806513371153,0.0068410770563393595
echo,4.1,BC,-0.0019095802059237044,-0.016903037333241163,0.01701056047435828,-1.6832919657196468
echo,4.1,AC,0.0023068607595171844,-0.007420739743457589,0.007771034995670217,-1.2694001524290475
echo,4.2,AB,0.34283234854701833,0.0028445761525512665,0.34284414946700187,0.008297090076683118
echo,4.2,BC,-0.002238877085316092,-0.016919862808435368,0.017067346837145714,-1.7023544661536714
echo,4.2,AC,0.0023068607595171844,-0.007420739743457589,0.007771034995670217,-1.2694001524290475
echo,4.3,AB,0.32597036190873946,0.0032103553190449326,0.32598617029590243,0.00984829267912326
echo,4.3,BC,-0.0025798257147963254,-0.016895494083380178,0.017091320049670213,-1.7223190868771918
echo,4.3,AC,0.0023068607595171844,-0.007420739743457589,0.007771034995670217,-1.2694001524290475
echo,4.4,AB,0.3095965024097143,0.003560186951990409,0.309616971814307,0.011498934926782023
echo,4.4,BC,-0.002931739908339077,-0.016829007531673115,0.017082464499926772,-1.7432729724086395
echo,4.4,AC,0.0023068607595171844,-0.007420739743457589,0.007771034995670217,-1.2694001524290475
echo,4.5,AB,0.2937209512885795,0.0038931931727211808,0.2937467517759953,0.013253958166493078
echo,4.5,BC,-0.0032938560349527204,-0.016719781367567483,0.01704114363997473,-1.765309017110479
echo,4.5,AC,0.0023068607595171844,-0.007420739743457589,0.007771034995670217,-1.2694001524290475
echo,4.6000000000000005,AB,0.2783513592952147,0.004208755307910303,0.2783831762925619,0.015119145178908031
echo,4.6000000000000005,BC,-0.0036653309814404663,-0.016567506571972698,0.016968114957645292,-1.7885253855578678
echo,4.6000000000000005,AC,0.0023068607595171844,-0.007420739743457589,0.007771034995670217,-1.2694001524290475
echo,4.7,AB,0.26349297260210025,0.00450651037506269,0.2635315071228708,0.01710129498293761
echo,4.7,BC,-0.0040452404896870985,-0.016372194773937247,0.01686454067963732,-1.8130247917569888
echo,4.7,AC,0.0023068607595171844,-0.007420739743457589,0.007771034995670217,-1.2694001524290475
echo,4.8,AB,0.2491487692482529,0.0047863443038359535,0.24919473973122713,0.019208425718862374
echo,4.8,BC,-0.004432577989472962,-0.01613418294550047,0.016731993513973115,-1.8389134577084292
echo,4.8,AC,0.0023068607595171844,-0.007420739743457589,0.007771034995670217,-1.2694001524290475
echo,4.9,AB,0.23531960435884242,0.005048382043018088,0.23537375035643715,0.021450009550195437
echo,4.9,BC,-0.004826254044922286,-0.01585413480561949,0.01657245662359338,-1.8662996578871376
echo,4.9,AC,0.0023068607595171844,-0.007420739743457589,0.007771034995670217,-1.2694001524290475
echo,5.0,AB,0.22200436236745183,0.00529297474178551,0.2220674503203836,0.02383724415542323
echo,5.0,BC,-0.00522509652728679,-0.015533038868577015,0.016388316881613827,-1.895291744015914
echo,5.0,AC,0.0023068607595171844,-0.007420739743457589,0.007771034995670217,-1.2694001524290475
echo,5.1000000000000005,AB,0.2092001144711283,0.005520684229736892,0.209272945812634,0.026383366159168226
echo,5.1000000000000005,BC,-0.005627851618910231,-0.015172203113331471,0.0161823502976748,-1.9259955369488668
echo,5.1000000000000005,AC,0.0023068607595171844,-0.007420739743457589,0.007771034995670217,-1.2694001524290475
echo,5.2,AB,0.19690227957033038,0.0057322650526931305,0.1969857014166939,0.029104012818230714
echo,5.2,BC,-0.006033185743015887,-0.014773246292135092,0.015957698337097783,-1.9585109738894555
echo,5.2,AC,0.0023068607595171844,-0.007420739743457589,0.007771034995670217,-1.2694001524290475
echo,5.3,AB,0.18510478698584404,0.00592864434996395,0.18519970569334893,0.03201763948112562
echo,5.3,BC,-0.006439688501552159,-0.014338085938854018,0.015717833705284786,-1.9929279154978616
echo,5.3,AC,0.0023068607595171844,-0.007420739743457589,0.007771034995670217,-1.2694001524290475
echo,5.4,AB,0.17380023930177324,0.006110899883356668,0.17390763720647248,0.03514600184135194
echo,5.4,BC,-0.006845876688900814,-0.013868923179205142,0.015466514080112856,-2.0293210561310944
echo,5.4,AC,0.0023068607595171844,-0.007420739743457589,0.007771034995670217,-1.2694001524290475
echo,5.5,AB,0.16298007375667894,0.006280236548345698,0.16310102946589788,0.03851471387937216
echo,5.5,BC,-0.007250199433016858,-0.013368224486002809,0.015207722305680198,-2.0677439496611116
echo,5.5,AC,0.0023068607595171844,-0.007420739743457589,0.007771034995670217,-1.2694001524290475
echo,5.6000000000000005,AB,0.15263472069256143,0.006437961713302997,0.1527704333695437,0.042153894726365146
echo,5.6000000000000005,BC,-0.007651044497776303,-0.012838700561921237,0.014945591792419253,-2.1082222701289237
echo,5.6000000000000005,AC,0.0023068607595171844,-0.007420739743457589,0.007771034995670217,-1.2694001524290475
echo,5.7,AB,0.1427537576722267,0.006585459743339737,0.1429055758519309,0.04609892059194083
echo,5.7,BC,-0.008046745761237544,-0.012283282569673485,0.014684316396497279,-2.1507465738543114
echo,5.7,AC,0.0023068607595171844,-0.007420739743457589,0.007771034995670217,-1.2694001524290475
echo,5.8,AB,0.1333260579881036,0.006724166071029074,0.13349551358752826,0.050391301504663616
echo,5.8,BC,-0.008435591864474297,-0.01170509596436109,0.014428044969395098,-2.1952650118908954
echo,5.8,AC,0.0023068607595171844,-0.007420739743457589,0.007771034995670217,-1.2694001524290475
echo,5.9,AB,0.12433993240813539,0.006855541177034677,0.12452878075404775,0.05507970706336192
echo,5.9,BC,-0.008815836004936416,-0.011107432214563753,0.014180762139852072,-2.2416766397010943
echo,5.9,AC,0.0023068607595171844,-0.007420739743457589,0.007771034995670217,-1.2694001524290475
echo,6.0,AB,0.1157832631352389,0.006981044839495006,0.11599353003204536,0.06022117084845291
echo,6.0,BC,-0.009185706827274216,-0.010493718727060437,0.013946158705510671,-2.2898261482634084
echo,6.0,AC,0.0023068607595171844,-0.007420739743457589,0.007771034995670217,-1.2694001524290475
echo,6.1000000000000005,AB,0.12433993240813539,0.006855541177034677,0.12452878075404775,0.05507970706336192
echo,6.1000000000000005,BC,-0.008815836004936416,-0.011107432214563753,0.014180762139852072,-2.2416766397010943
echo,6.1000000000000005,AC,0.0023068607595171844,-0.007420739743457589,0.007771034995670217,-1.2694001524290475
echo,6.2,AB,0.1333260579881036,0.006724166071029077,0.13349551358752826,0.05039130150466363
echo,6.2,BC,-0.008435591864474299,-0.01170509596436109,0.0144280449693951,-2.1952650118908954
echo,6.2,AC,0.0023068607595171844,-0.007420739743457589,0.007771034995670217,-1.2694001524290475
echo,6.3,AB,0.1427537576722267,0.006585459743339738,0.1429055758519309,0.04609892059194084
echo,6.3,BC,-0.008046745761237543,-0.012283282569673485,0.014684316396497279,-2.150746573854311
echo,6.3,AC,0.0023068607595171844,-0.007420739743457589,0.007771034995670217,-1.2694001524290475
echo,6.4,AB,0.15263472069256143,0.006437961713302997,0.1527704333695437,0.042153894726365146
echo,6.4,BC,-0.007651044497776306,-0.012838700561921233,0.014945591792419251,-2.108222270128924
echo,6.4,AC,0.0023068607595171844,-0.007420739743457589,0.007771034995670217,-1.2694001524290475
echo,6.5,AB,0.16298007375667894,0.006280236548345701,0.16310102946589788,0.03851471387937218
echo,6.5,BC,-0.007250199433016858,-0.013368224486002807,0.015207722305680196,-2.067743949661112
echo,6.5,AC,0.0023068607595171844,-0.007420739743457589,0.007771034995670217,-1.2694001524290475
echo,6.6000000000000005,AB,0.17380023930177324,0.00611089988335667,0.17390763720647248,0.035146001841351956
echo,6.6000000000000005,BC,-0.0068458766889008165,-0.013868923179205144,0.015466514080112858,-2.0293210561310944
echo,6.6000000000000005,AC,0.0023068607595171844,-0.007420739743457589,0.007771034995670217,-1.2694001524290475
echo,6.7,AB,0.18510478698584404,0.00592864434996395,0.18519970569334893,0.03201763948112562
echo,6.7,BC,-0.00643968850155216,-0.01433808593885402,0.015717833705284786,-1.9929279154978616
echo,6.7,AC,0.0023068607595171844,-0.007420739743457589,0.007771034995670217,-1.2694001524290475
echo,6.8,AB,0.19690227957033038,0.00573226505269313,0.1969857014166939,0.02910401281823071
echo,6.8,BC,-0.006033185743015886,-0.014773246292135089,0.01595769833709778,-1.9585109738894555
echo,6.8,AC,0.0023068607595171844,-0.007420739743457589,0.007771034995670217,-1.2694001524290475
echo,6.9,AB,0.2092001144711283,0.005520684229736893,0.209272945812634,0.02638336615916823
echo,6.9,BC,-0.005627851618910232,-0.015172203113331473,0.016182350297674803,-1.9259955369488668
echo,6.9,AC,0.0023068607595171844,-0.007420739743457589,0.007771034995670217,-1.2694001524290475
echo,7.0,AB,0.22200436236745183,0.005292974741785509,0.2220674503203836,0.02383724415542322
echo,7.0,BC,-0.005225096527286793,-0.015533038868577015,0.01638831688161383,-1.8952917440159143
echo,7.0,AC,0.0023068607595171844,-0.007420739743457589,0.007771034995670217,-1.2694001524290475
echo,7.1000000000000005,AB,0.23531960435884242,0.005048382043018088,0.23537375035643715,0.021450009550195437
echo,7.1000000000000005,BC,-0.0048262540449222876,-0.015854134805619494,0.01657245662359338,-1.8662996578871376
echo,7.1000000000000005,AC,0.0023068607595171844,-0.007420739743457589,0.007771034995670217,-1.2694001524290475
echo,7.2,AB,0.2491487692482529,0.004786344303835957,0.24919473973122713,0.019208425718862387
echo,7.2,BC,-0.004432577989472962,-0.016134182945500473,0.016731993513973118,-1.8389134577084292
echo,7.2,AC,0.0023068607595171844,-0.007420739743457589,0.007771034995670217,-1.2694001524290475
echo,7.3,AB,0.26349297260210025,0.004506510375062692,0.2635315071228708,0.017101294982937616
echo,7.3,BC,-0.004045240489687097,-0.016372194773937247,0.01686454067963732,-1.8130247917569888
echo,7.3,AC,0.0023068607595171844,-0.007420739743457589,0.007771034995670217,-1.2694001524290475
echo,7.4,AB,0.2783513592952147,0.004208755307910302,0.2783831762925619,0.015119145178908028
echo,7.4,BC,-0.0036653309814404676,-0.016567506571972698,0.016968114957645292,-1.7885253855578678
echo,7.4,AC,0.0023068607595171844,-0.007420739743457589,0.007771034995670217,-1.2694001524290475
echo,7.5,AB,0.29372095128857945,0.0038931931727211808,0.2937467517759953,0.013253958166493081
echo,7.5,BC,-0.0032938560349527173,-0.01671978136756748,0.017041143639974728,-1.7653090171104788
echo,7.5,AC,0.0023068607595171844,-0.007420739743457589,0.007771034995670217,-1.2694001524290475
echo,7.6000000000000005,AB,0.3095965024097143,0.0035601869519904144,0.309616971814307,0.011498934926782039
echo,7.6000000000000005,BC,-0.0029317399083390776,-0.016829007531673115,0.017082464499926772,-1.7432729724086395
echo,7.6000000000000005,AC,0.0023068607595171844,-0.007420739743457589,0.007771034995670217,-1.2694001524290475
echo,7.7,AB,0.3259703619087394,0.0032103553190449344,0.3259861702959024,0.009848292679123266
echo,7.7,BC,-0.0025798257147963202,-0.016895494083380178,0.017091320049670213,-1.7223190868771916
echo,7.7,AC,0.0023068607595171844,-0.007420739743457589,0.007771034995670217,-1.2694001524290475
echo,7.8,AB,0.34283234854701833,0.00284457615255127,0.34284414946700187,0.008297090076683129
echo,7.8,BC,-0.0022388770853160964,-0.016919862808435368,0.017067346837145718,-1.7023544661536716
echo,7.8,AC,0.0023068607595171844,-0.007420739743457589,0.007771034995670217,-1.2694001524290475
echo,7.9,AB,0.36016963693947546,0.0024639866782442173,0.36017806513371153,0.006841077056339361
echo,7.9,BC,-0.0019095802059236988,-0.01690303733324116,0.017010560474358276,-1.6832919657196463
echo,7.9,AC,0.0023068607595171844,-0.007420739743457589,0.007771034995670217,-1.2694001524290475
echo,8.0,AB,0.3779666578161017,0.002069980172382261,0.3779723260221417,0.0054765663444546015
echo,8.0,BC,-0.0015925461080743024,-0.01684622933189972,0.01692133699827827,-1.6650504950155876
echo,8.0,AC,0.0023068607595171844,-0.007420739743457589,0.007771034995670217,-1.2694001524290475
echo,8.1,AB,0.39620501379291656,0.00166419920587833,0.3962085088859678,0.004200323976050433
echo,8.1,BC,-0.0012883130929761811,-0.016750922076484296,0.01680039109776861,-1.647555198827574
echo,8.1,AC,0.0023068607595171844,-0.007420739743457589,0.007771034995670217,-1.2694001524290475
echo,8.2,AB,0.4148634121480811,0.0012485254532447003,0.4148652908534962,0.0030094764864918356
echo,8.2,BC,-0.0009973491751850976,-0.016618851570106993,0.01664875169153802,-1.630737557340236
echo,8.2,AC,0.0023068607595171844,-0.007420739743457589,0.007771034995670217,-1.2694001524290475
echo,8.3,AB,0.4339176159855469,0.0008250661358288991,0.4339184003896459,0.0019014326939165058
echo,8.3,BC,-0.0007200544377159068,-0.016451985528139396,0.016467735309124397,-1.614535436391431
echo,8.3,AC,0.0023068607595171844,-0.007420739743457589,0.007771034995670217,-1.2694001524290475
echo,8.4,AB,0.453340415037366,0.0003961372137021779,0.4533405881133337,0.0008738182163725813
echo,8.4,BC,-0.0004567632000003017,-0.016252500494827404,0.016258917705531308,-1.5988931110243465
echo,8.4,AC,0.0023068607595171844,-0.007420739743457589,0.007771034995670217,-1.2694001524290475
echo,8.5,AB,0.4731016172076178,-3.57565156088248e-05,0.4731016185588375,-7.55789332359242e-05
echo,8.5,BC,-0.0002077459110971353,-0.016022757400273833,0.016024104126958472,-1.5837612781934733
echo,8.5,AC,0.0023068607595171844,-0.007420739743457589,0.007771034995670217,-1.2694001524290475
echo,8.6,AB,0.49316806179706885,-0.0004679442111719997,0.49316828380225575,-0.0009488531536963272
echo,8.6,BC,2.6789306583743355e-05,-0.0157652758761551,0.015765298637140532,-1.569097068183144
echo,8.6,AC,0.0023068607595171844,-0.007420739743457589,0.007771034995670217,-1.2694001524290475
echo,8.700000000000001,AB,0.5135036551696085,-0.0008976144351389597,0.5135044396928057,-0.0017480177830519908
echo,8.700000000000001,BC,0.00024669552340192934,-0.015482707657467456,0.015484672908649634,-1.5548640586795002
echo,8.700000000000001,AC,0.0023068607595171844,-0.007420739743457589,0.007771034995670217,-1.2694001524290475
echo,8.8,AB,0.5340694294308413,-0.0013218429741253474,0.5340710652351732,-0.00247503452204616
echo,8.8,BC,0.0004518863231752594,-0.015177809402003683,0.015184534879034796,-1.5410322902585456
echo,8.8,AC,0.0023068607595171844,-0.007420739743457589,0.007771034995670217,-1.2694001524290475
echo,8.9,AB,0.5548236244877691,-0.0017376227240025917,0.5548263454653861,-0.003131836796788399
echo,8.9,BC,0.000642335606573504,-0.014853415259147119,0.014867297666090386,-1.527578277110214
echo,8.9,AC,0.0023068607595171844,-0.007420739743457589,0.007771034995670217,-1.2694001524290475
echo,9.0,AB,0.5757217936482157,-0.002141895296433873,0.5757257779507355,-0.0037203479841694987
echo,9.0,BC,0.0008180778881250969,-0.014512409515005674,0.0145354491283299,-1.514485001955089
echo,9.0,AC,0.0023068607595171844,-0.007420739743457589,0.007771034995670217,-1.2694001524290475
echo,9.1,AB,0.5967169327016446,-0.002531583979467553,0.5967223028262846,-0.004242495314360607
echo,9.1,BC,0.0009792090802039,-0.014157699632023828,0.014191522444521638,-1.5017418792295145
echo,9.1,AC,0.0023068607595171844,-0.007420739743457589,0.007771034995670217,-1.2694001524290475
echo,9.200000000000001,AB,0.617759632201482,-0.002903627663019665,0.617766456058692,-0.004700220165340435
echo,9.200000000000001,BC,0.0011258877398401253,-0.013792189988196394,0.013838068068672996,-1.4893446656914742
echo,9.200000000000001,AC,0.0023068607595171844,-0.007420739743457589,0.007771034995670217,-1.2694001524290475
echo,9.3,AB,0.6387982524452983,-0.003255015323446222,0.6388065454047281,-0.005095485374131988
echo,9.3,BC,0.0012583367370309793,-0.01341875660411056,0.013477627392984366,-1.477295292696307
echo,9.3,AC,0.0023068607595171844,-0.007420739743457589,0.007771034995670217,-1.2694001524290475
echo,9.4,AB,0.6597791204255437,-0.0035828206498739012,0.6597888483093005,-0.005430280107719411
echo,9.4,BC,0.0013768452867409585,-0.013040223125561577,0.013112708420004303,-1.4656015896767876
echo,9.4,AC,0.0023068607595171844,-0.007420739743457589,0.007771034995670217,-1.2694001524290475
echo,9.5,AB,0.6806467478023992,-0.0038842363887084817,0.6806578307683724,-0.005706622762935855
echo,9.5,BC,0.0014817712713004754,-0.01265933830576832,0.012745763705653128,-1.454276864131535
echo,9.5,AC,0.0023068607595171844,-0.007420739743457589,0.007771034995670217,-1.2694001524290475
echo,9.6,AB,0.7013440687340629,-0.004156607981887232,0.701356385968193,-0.005926562298466094
echo,9.6,BC,0.0015735437657391025,-0.01227875520464659,0.01237917078637871,-1.4433393001219408
echo,9.6,AC,0.0023068607595171844,-0.007420739743457589,0.007771034995670217,-1.2694001524290475
echo,9.700000000000001,AB,0.7218126961908198,-0.004397466079027895,0.7218260913060547,-0.006092178343006613
echo,9.700000000000001,BC,0.0016526656660122282,-0.011901012293603776,0.012015215246350098,-1.432811135508227
echo,9.700000000000001,AC,0.0023068607595171844,-0.007420739743457589,0.007771034995670217,-1.2694001524290475
echo,9.8,AB,0.7419931951798902,-0.004604557513624494,0.7420074822016007,-0.006205580371086532
echo,9.8,BC,0.001719716309358083,-0.011528516623352279,0.011656076514830452,-1.4227175787002793
echo,9.8,AC,0.0023068607595171844,-0.007420739743457589,0.007771034995670217,-1.2694001524290475
echo,9.9,AB,0.7618253711205254,-0.004775874348748741,0.761840340923688,-0.006268906191590987
echo,9.9,BC,0.0017753539673863723,-0.011163529179776156,0.0113038164111608,-1.4130854295024724
echo,9.9,AC,0.0023068607595171844,-0.007420739743457589,0.007771034995670217,-1.2694001524290475
echo,10.0,AB,0.7812485714353159,-0.004909680618165548,0.7812639984880234,-0.006284319953163357
echo,10.0,BC,0.0018203180861498568,-0.010808152519416593,0.010960370377762584,-1.4039413767621098
echo,10.0,AC,0.0023068607595171844,-0.007420739743457589,0.007771034995670217,-1.2694001524290475
echo,10.1,AB,0.8002019982661781,-0.005004536414122824,0.8002176475271617,-0.00625400983491747
echo,10.1,BC,0.001855431143546287,-0.01046432074216633,0.010627541264251764,-1.3953099590984177
echo,10.1,AC,0.0023068607595171844,-0.007420739743457589,0.007771034995670217,-1.2694001524290475
echo,10.200000000000001,AB,0.818625030083878,-0.005059319003025911,0.8186406638987611,-0.006180185559800449
echo,10.200000000000001,BC,0.001881599993062648,-0.0101337918247798,0.010306995453664819,-1.3872111950004034
echo,10.200000000000001,AC,0.0023068607595171844,-0.007420739743457589,0.007771034995670217,-1.2694001524290475
echo,10.3,AB,0.8364575498399205,-0.005073240684389694,0.836472934681837,-0.0060650758410593685
echo,10.3,BC,0.001899816564187105,-0.009818142305307441,0.010000261061833706,-1.3796579157210371
echo,10.3,AC,0.0023068607595171844,-0.007420739743457589,0.007771034995670217,-1.2694001524290475
echo,10.4,AB,0.8536402772106784,-0.005045863146454331,0.8536551901155505,-0.005910925849148186
echo,10.4,BC,0.0019111577938112248,-0.009518764276027873,0.009708727900988359,-1.372652868718559
echo,10.4,AC,0.0023068607595171844,-0.007420739743457589,0.007771034995670217,-1.2694001524290475
echo,10.5,AB,0.8701151024070297,-0.004977108113179968,0.8701293369620209,-0.0057199947666555844
echo,10.5,BC,0.0019167846696191175,-0.009236864611338488,0.009433648886718446,-1.3661856999571655
echo,10.5,AC,0.0023068607595171844,-0.007420739743457589,0.007771034995670217,-1.2694001524290475
echo,10.6,AB,0.8858254189695727,-0.004867264121482305,0.8858387907247273,-0.005494553482053824
echo,10.6,BC,0.0019179402757563795,-0.008973466327803669,0.009176142590304203,-1.3602299678325456
echo,10.6,AC,0.0023068607595171844,-0.007420739743457589,0.007771034995670217,-1.2694001524290475
echo,10.700000000000001,AB,0.9007164529404916,-0.004716989313977087,0.9007288041280178,-0.005236882458905819
echo,10.700000000000001,BC,0.0019159467428923578,-0.008729411946548415,0.008937196699980483,-1.354740385758833
echo,10.700000000000001,AC,0.0023068607595171844,-0.007420739743457589,0.007771034995670217,-1.2694001524290475
echo,10.8,AB,0.9147355857988968,-0.004527310180578402,0.9147467892615541,-0.004949269805291957
echo,10.8,BC,0.0019122010189927246,-0.008505368703781133,0.008717672253778319,-1.3496505286337313
echo,10.8,AC,0.0023068607595171844,-0.007420739743457589,0.007771034995670217,-1.2694001524290475
echo,10.9,AB,0.927832668567249,-0.004299616231430857,0.9278426308164333,-0.004634009558328327
echo,10.9,BC,0.0019081693935211483,-0.008301835433748508,0.008518308635134862,-1.3448712630392756
echo,10.9,AC,0.0023068607595171844,-0.007420739743457589,0.007771034995670217,-1.2694001524290475
echo,11.0,AB,0.939960324542306,-0.004035650633221274,0.9399689878872125,-0.004293400190470281
echo,11.0,BC,0.0019053807261666398,-0.008119150930134178,0.008339729464313935,-1.340290164011404
echo,11.0,AC,0.0023068607595171844,-0.007420739743457589,0.007771034995670217,-1.2694001524290475
echo,11.1,AB,0.9510742381746381,-0.0037374968902765806,0.9510815818858407,-0.003929743337584199
echo,11.1,BC,0.001905418351286243,-0.007957503577027358,0.008182449649818908,-1.3357721552115727
echo,11.1,AC,0.0023068607595171844,-0.007420739743457589,0.007771034995670217,-1.2694001524290475
echo,11.200000000000001,AB,0.9611334277156213,-0.003407561700377207,0.9611394682090219,-0.003545342743306176
echo,11.200000000000001,BC,0.0019099106507695406,-0.007816942029269252,0.008046883954853519,-1.3311615498304186
echo,11.200000000000001,AC,0.0023068607595171844,-0.007420739743457589,0.007771034995670217,-1.2694001524290475
echo,11.3,AB,0.9701004993691428,-0.0030485541622749545,0.9701052894190096,-0.0031425034097948795
echo,11.3,BC,0.0019205203106499738,-0.007697386714340752,0.007933357454049867,-1.3262855768198225
echo,11.3,AC,0.0023068607595171844,-0.007420739743457589,0.007771034995670217,-1.2694001524290475
echo,11.4,AB,0.977941880825969,-0.0026634615568949522,0.9779455078381918,-0.002723530941456567
echo,11.4,BC,0.001938932300163401,-0.007598641924032914,0.00784211818033161,-1.3209593575545844
echo,11.4,AC,0.0023068607595171844,-0.007420739743457589,0.007771034995670217,-1.2694001524290475
echo,11.5,AB,0.9846280322205572,-0.0022555219665418087,0.9846306156188056,-0.002290731065424141
echo,11.5,BC,0.0019668406357224747,-0.0075204082639362835,0.007773352078904591,-1.3149921644935183
echo,11.5,AC,0.0023068607595171844,-0.007420739743457589,0.007771034995670217,-1.2694001524290475
echo,11.6,AB,0.9901336327314814,-0.0018281940355736178,0.990135320529205,-0.001846409310381013
echo,11.6,BC,0.0020059340160582095,-0.007462295232231048,0.007727200101573508,-1.3081946631070962
echo,11.6,AC,0.0023068607595171844,-0.007420739743457589,0.007771034995670217,-1.2694001524290475
echo,11.700000000000001,AB,0.9944377412458494,-0.0013851242114474751,0.9944387058955559,-0.0013928708236246572
echo,11.700000000000001,BC,0.0020578804381924196,-0.0074238337062413045,0.007703776917578775,-1.30038672973
echo,11.700000000000001,AC,0.0023068607595171844,-0.007420739743457589,0.007771034995670217,-1.2694001524290475
echo,11.8,AB,0.997523929723158,-0.0009301118363179293,0.9975243633507704,-0.0009324203049718041
echo,11.8,BC,0.002124310926558702,-0.007404488125561357,0.007703190333509606,-1.2914053666445529
echo,11.8,AC,0.0023068607595171844,-0.007420739743457589,0.007771034995670217,-1.2694001524290475
echo,11.9,AB,0.9993803881228378,-0.00046707248607987943,0.9993804972688136,-0.00046736203514066385
echo,11.9,BC,0.002206802529101085,-0.007403668174053023,0.007725560163116495,-1.28111221073345
echo,11.9,AC,0.0023068607595171844,-0.007420739743457589,0.007771034995670217,-1.2694001524290475
echo,12.0,AB,1.0,2.445624489656277e-11,1.0,2.445624489656277e-11
echo,12.0,BC,0.002306860754175904,-0.007420739779384017,0.007771035028391608,-1.269400154457787
echo,12.0,AC,0.0023068607595171844,-0.007420739743457589,0.007771034995670217,-1.2694001524290475
third,0.0,AB,1.0,2.4456244684357855e-11,1.0,2.4456244684357855e-11
third,0.0,BC,0.00230686075417591,-0.007420739779384018,0.007771035028391611,-1.2694001544577862
third,0.0,AC,0.0023068607595171844,-0.007420739743457589,0.007771034995670217,-1.2694001524290475
third,0.1,AB,1.0,2.4456244684357855e-11,1.0,2.4456244684357855e-11
third,0.1,BC,0.00230686075417591,-0.007420739779384018,0.007771035028391611,-1.2694001544577862
third,0.1,AC,0.0023068607595171844,-0.007420739743457589,0.007771034995670217,-1.2694001524290475
third,0.2,AB,1.0,2.4456244684357855e-11,1.0,2.4456244684357855e-11
third,0.2,BC,0.00230686075417591,-0.007420739779384018,0.007771035028391611,-1.2694001544577862
third,0.2,AC,0.0023068607595171844,-0.007420739743457589,0.007771034995670217,-1.2694001524290475
third,0.3,AB,1.0,2.4456244684357855e-11,1.0,2.4456244684357855e-11
third,0.3,BC,0.00230686075417591,-0.007420739779384018,0.007771035028391611,-1.2694001544577862
third,0.3,AC,0.0023068607595171844,-0.007420739743457589,0.007771034995670217,-1.2694001524290475
third,0.4,AB,1.0,2.4456244684357855e-11,1.0,2.4456244684357855e-11
third,0.4,BC,0.00230686075417591,-0.007420739779384018,0.007771035028391611,-1.2694001544577862
third,0.4,AC,0.0023068607595171844,-0.007420739743457589,0.007771034995670217,-1.2694001524290475
third,0.5,AB,1.0,2.4456244684357855e-11,1.0,2.4456244684357855e-11
third,0.5,BC,0.00230686075417591,-0.007420739779384018,0.007771035028391611,-1.2694001544577862
third,0.5,AC,0.0023068607595171844,-0.007420739743457589,0.007771034995670217,-1.2694001524290475
third,0.6,AB,1.0,2.4456244684357855e-11,1.0,2.4456244684357855e-11
third,0.6,BC,0.00230686075417591,-0.007420739779384018,0.007771035028391611,-1.2694001544577862
third,0.6,AC,0.0023068607595171844,-0.007420739743457589,0.007771034995670217,-1.2694001524290475
third,0.7000000000000001,AB,1.0,2.4456244684357855e-11,1.0,2.4456244684357855e-11
third,0.7000000000000001,BC,0.00230686075417591,-0.007420739779384018,0.007771035028391611,-1.2694001544577862
third,0.7000000000000001,AC,0.0023068607595171844,-0.007420739743457589,0.007771034995670217,-1.2694001524290475
third,0.8,AB,1.0,2.4456244684357855e-11,1.0,2.4456244684357855e-11
third,0.8,BC,0.00230686075417591,-0.007420739779384018,0.007771035028391611,-1.2694001544577862
third,0.8,AC,0.0023068607595171844,-0.007420739743457589,0.007771034995670217,-1.2694001524290475
third,0.9,AB,1.0,2.4456244684357855e-11,1.0,2.4456244684357855e-11
third,0.9,BC,0.00230686075417591,-0.007420739779384018,0.007771035028391611,-1.2694001544577862
third,0.9,AC,0.0023068607595171844,-0.007420739743457589,0.007771034995670217,-1.2694001524290475
third,1.0,AB,1.0,2.4456244684357855e-11,1.0,2.4456244684357855e-11
third,1.0,BC,0.00230686075417591,-0.007420739779384018,0.007771035028391611,-1.2694001544577862
third,1.0,AC,0.0023068607595171844,-0.007420739743457589,0.007771034995670217,-1.2694001524290475
third,1.1,AB,1.0,2.4456244684357855e-11,1.0,2.4456244684357855e-11
third,1.1,BC,0.00230686075417591,-0.007420739779384018,0.007771035028391611,-1.2694001544577862
third,1.1,AC,0.0023068607595171844,-0.007420739743457589,0.007771034995670217,-1.2694001524290475
third,1.2,AB,1.0,2.4456244684357855e-11,1.0,2.4456244684357855e-11
third,1.2,BC,0.00230686075417591,-0.007420739779384018,0.007771035028391611,-1.2694001544577862
third,1.2,AC,0.0023068607595171844,-0.007420739743457589,0.007771034995670217,-1.2694001524290475
third,1.3,AB,1.0,2.4456244684357855e-11,1.0,2.4456244684357855e-11
third,1.3,BC,0.00230686075417591,-0.007420739779384018,0.007771035028391611,-1.2694001544577862
third,1.3,AC,0.0023068607595171844,-0.007420739743457589,0.007771034995670217,-1.2694001524290475
third,1.4000000000000001,AB,1.0,2.4456244684357855e-11,1.0,2.4456244684357855e-11
third,1.4000000000000001,BC,0.00230686075417591,-0.007420739779384018,0.007771035028391611,-1.2694001544577862
third,1.4000000000000001,AC,0.0023068607595171844,-0.007420739743457589,0.007771034995670217,-1.2694001524290475
third,1.5,AB,1.0,2.4456244684357855e-11,1.0,2.4456244684357855e-11
third,1.5,BC,0.00230686075417591,-0.007420739779384018,0.007771035028391611,-1.2694001544577862
third,1.5,AC,0.0023068607595171844,-0.007420739743457589,0.007771034995670217,-1.2694001524290475
third,1.6,AB,1.0,2.4456244684357855e-11,1.0,2.4456244684357855e-11
third,1.6,BC,0.00230686075417591,-0.007420739779384018,0.007771035028391611,-1.2694001544577862
third,1.6,AC,0.0023068607595171844,-0.007420739743457589,0.007771034995670217,-1.2694001524290475
third,1.7,AB,1.0,2.4456244684357855e-11,1.0,2.4456244684357855e-11
third,1.7,BC,0.00230686075417591,-0.007420739779384018,0.007771035028391611,-1.2694001544577862
third,1.7,AC,0.0023068607595171844,-0.007420739743457589,0.007771034995670217,-1.2694001524290475
third,1.8,AB,1.0,2.4456244684357855e-11,1.0,2.4456244684357855e-11
third,1.8,BC,0.00230686075417591,-0.007420739779384018,0.007771035028391611,-1.2694001544577862
third,1.8,AC,0.0023068607595171844,-0.007420739743457589,0.007771034995670217,-1.2694001524290475
third,1.9000000000000001,AB,1.0,2.4456244684357855e-11,1.0,2.4456244684357855e-11
third,1.9000000000000001,BC,0.00230686075417591,-0.007420739779384018,0.007771035028391611,-1.2694001544577862
third,1.9000000000000001,AC,0.0023068607595171844,-0.007420739743457589,0.007771034995670217,-1.2694001524290475
third,2.0,AB,1.0,2.4456244684357855e-11,1.0,2.4456244684357855e-11
third,2.0,BC,0.00230686075417591,-0.007420739779384018,0.007771035028391611,-1.2694001544577862
third,2.0,AC,0.0023068607595171844,-0.007420739743457589,0.007771034995670217,-1.2694001524290475
third,2.1,AB,1.0,2.4456244684357855e-11,1.0,2.4456244684357855e-11
third,2.1,BC,0.00230686075417591,-0.007420739779384018,0.007771035028391611,-1.2694001544577862
third,2.1,AC,0.0023068607595171844,-0.007420739743457589,0.007771034995670217,-1.2694001524290475
third,2.2,AB,1.0,2.4456244684357855e-11,1.0,2.4456244684357855e-11
third,2.2,BC,0.00230686075417591,-0.007420739779384018,0.007771035028391611,-1.2694001544577862
third,2.2,AC,0.0023068607595171844,-0.007420739743457589,0.007771034995670217,-1.2694001524290475
third,2.3000000000000003,AB,1.0,2.4456244684357855e-11,1.0,2.4456244684357855e-11
third,2.3000000000000003,BC,0.00230686075417591,-0.007420739779384018,0.007771035028391611,-1.2694001544577862
third,2.3000000000000003,AC,0.0023068607595171844,-0.007420739743457589,0.007771034995670217,-1.2694001524290475
third,2.4,AB,1.0,2.4456244684357855e-11,1.0,2.4456244684357855e-11
third,2.4,BC,0.00230686075417591,-0.007420739779384018,0.007771035028391611,-1.2694001544577862
third,2.4,AC,0.0023068607595171844,-0.007420739743457589,0.007771034995670217,-1.2694001524290475
third,2.5,AB,1.0,2.4456244684357855e-11,1.0,2.4456244684357855e-11
third,2.5,BC,0.00230686075417591,-0.007420739779384018,0.007771035028391611,-1.2694001544577862
third,2.5,AC,0.0023068607595171844,-0.007420739743457589,0.007771034995670217,-1.2694001524290475
third,2.6,AB,1.0,2.4456244684357855e-11,1.0,2.4456244684357855e-11
third,2.6,BC,0.00230686075417591,-0.007420739779384018,0.007771035028391611,-1.2694001544577862
third,2.6,AC,0.0023068607595171844,-0.007420739743457589,0.007771034995670217,-1.2694001524290475
third,2.7,AB,1.0,2.4456244684357855e-11,1.0,2.4456244684357855e-11
third,2.7,BC,0.00230686075417591,-0.007420739779384018,0.007771035028391611,-1.2694001544577862
third,2.7,AC,0.0023068607595171844,-0.007420739743457589,0.007771034995670217,-1.2694001524290475
third,2.8000000000000003,AB,1.0,2.4456244684357855e-11,1.0,2.4456244684357855e-11
third,2.8000000000000003,BC,0.00230686075417591,-0.007420739779384018,0.007771035028391611,-1.2694001544577862
third,2.8000000000000003,AC,0.0023068607595171844,-0.007420739743457589,0.007771034995670217,-1.2694001524290475
third,2.9,AB,1.0,2.4456244684357855e-11,1.0,2.4456244684357855e-11
third,2.9,BC,0.00230686075417591,-0.007420739779384018,0.007771035028391611,-1.2694001544577862
third,2.9,AC,0.0023068607595171844,-0.007420739743457589,0.007771034995670217,-1.2694001524290475
third,3.0,AB,1.0,2.4456244684357855e-11,1.0,2.4456244684357855e-11
third,3.0,BC,0.00230686075417591,-0.007420739779384018,0.007771035028391611,-1.2694001544577862
third,3.0,AC,0.0023068607595171844,-0.007420739743457589,0.007771034995670217,-1.2694001524290475
third,3.1,AB,1.0,2.4456244684357855e-11,1.0,2.4456244684357855e-11
third,3.1,BC,0.00230686075417591,-0.007420739779384018,0.007771035028391611,-1.2694001544577862
third,3.1,AC,0.0023068607595171844,-0.007420739743457589,0.007771034995670217,-1.2694001524290475
third,3.2,AB,1.0,2.4456244684357855e-11,1.0,2.4456244684357855e-11
third,3.2,BC,0.00230686075417591,-0.007420739779384018,0.007771035028391611,-1.2694001544577862
third,3.2,AC,0.0023068607595171844,-0.007420739743457589,0.007771034995670217,-1.2694001524290475
third,3.3000000000000003,AB,1.0,2.4456244684357855e-11,1.0,2.4456244684357855e-11
third,3.3000000000000003,BC,0.00230686075417591,-0.007420739779384018,0.007771035028391611,-1.2694001544577862
third,3.3000000000000003,AC,0.0023068607595171844,-0.007420739743457589,0.007771034995670217,-1.2694001524290475
third,3.4,AB,1.0,2.4456244684357855e-11,1.0,2.4456244684357855e-11
third,3.4,BC,0.00230686075417591,-0.007420739779384018,0.007771035028391611,-1.2694001544577862
third,3.4,AC,0.0023068607595171844,-0.007420739743457589,0.007771034995670217,-1.2694001524290475
third,3.5,AB,1.0,2.4456244684357855e-11,1.0,2.4456244684357855e-11
third,3.5,BC,0.00230686075417591,-0.007420739779384018,0.007771035028391611,-1.2694001544577862
third,3.5,AC,0.0023068607595171844,-0.007420739743457589,0.007771034995670217,-1.2694001524290475
third,3.6,AB,1.0,2.4456244684357855e-11,1.0,2.4456244684357855e-11
third,3.6,BC,0.00230686075417591,-0.007420739779384018,0.007771035028391611,-1.2694001544577862
third,3.6,AC,0.0023068607595171844,-0.007420739743457589,0.007771034995670217,-1.2694001524290475
third,3.7,AB,1.0,2.4456244684357855e-11,1.0,2.4456244684357855e-11
third,3.7,BC,0.00230686075417591,-0.007420739779384018,0.007771035028391611,-1.2694001544577862
third,3.7,AC,0.0023068607595171844,-0.007420739743457589,0.007771034995670217,-1.2694001524290475
third,3.8000000000000003,AB,1.0,2.4456244684357855e-11,1.0,2.4456244684357855e-11
third,3.8000000000000003,BC,0.00230686075417591,-0.007420739779384018,0.007771035028391611,-1.2694001544577862
third,3.8000000000000003,AC,0.0023068607595171844,-0.007420739743457589,0.007771034995670217,-1.2694001524290475
third,3.9,AB,1.0,2.4456244684357855e-11,1.0,2.4456244684357855e-11
third,3.9,BC,0.00230686075417591,-0.007420739779384018,0.007771035028391611,-1.2694001544577862
third,3.9,AC,0.0023068607595171844,-0.007420739743457589,0.007771034995670217,-1.2694001524290475
third,4.0,AB,1.0,2.4456244684357855e-11,1.0,2.4456244684357855e-11
third,4.0,BC,0.00230686075417591,-0.007420739779384018,0.007771035028391611,-1.2694001544577862
third,4.0,AC,0.0023068607595171844,-0.007420739743457589,0.007771034995670217,-1.2694001524290475
third,4.1,AB,0.9901367892409387,-0.0013285670588308747,0.9901376805771938,-0.001341800724846297
third,4.1,BC,0.2005025833767466,-0.005820573984660312,0.2005870509835072,-0.029021769412305817
third,4.1,AC,0.10198238432865031,-0.0066513517189535215,0.10219905671309186,-0.06512835281166753
third,4.2,AB,0.9626813602118105,-0.0024113857879827063,0.9626843803036799,-0.0025048586628745196
third,4.2,BC,0.3833817082082588,-0.005120002061797451,0.3834158950927769,-0.013354047930714836
third,4.2,AC,0.19687406817653524,-0.006290559870381417,0.19697454115662233,-0.031941334229447206
third,4.3,AB,0.9231614729933643,-0.0034439684206349686,0.9231678970467725,-0.0037306067728254595
third,4.3,BC,0.5397232319762784,-0.005287599608751804,0.5397491323240289,-0.00979655893905622
third,4.3,AC,0.2829000809079044,-0.006380586320881296,0.2829720262843963,-0.02255038143662985
third,4.4,AB,0.8782706795892367,-0.004471459653939408,0.8782820620834609,-0.005091165086610011
third,4.4,BC,0.6649379596849176,-0.005448821203536308,0.6649602844399425,-0.00819429717794515
third,4.4,AC,0.35753326432291854,-0.006715362862656581,0.35759632435999544,-0.018780275890554775
third,4.5,AB,0.8336869802948793,-0.0053592260903699805,0.8337042055894177,-0.006428254726337746
third,4.5,BC,0.7605464465091888,-0.004957967103049431,0.7605626067165998,-0.00651886139904682
third,4.5,AC,0.4200046632015334,-0.0070222090271858375,0.42006336251886456,-0.01671780203819495
third,4.6000000000000005,AB,0.7930661056040182,-0.006026528477241813,0.7930890031411423,-0.007598877871227158
third,4.6000000000000005,BC,0.8313287080284316,-0.004142457512889726,0.8313390287641182,-0.004982894477408494
third,4.6000000000000005,AC,0.47088927746036907,-0.007214709201859692,0.47094454414083176,-0.015320256975222936
third,4.7,AB,0.7581741871444811,-0.006557483660316631,0.7582025446041117,-0.008648830658963122
third,4.7,BC,0.8826077451753571,-0.0036098962411599098,0.8826151274447996,-0.004090011822185078
third,4.7,AC,0.5114627959687006,-0.007393629542685689,0.5115162337775168,-0.01445484333558769
third,4.8,AB,0.729476479408131,-0.007045078017560682,0.7295104983027694,-0.009657417605160356
third,4.8,BC,0.9189905250116523,-0.003364749216126592,0.9189966847592432,-0.003661337183875778
third,4.8,AC,0.543215013784845,-0.007633131615152987,0.5432686406369538,-0.014050843750824217
third,4.9,AB,0.7066617532896227,-0.007470476686807118,0.7067012392689654,-0.010571108990720023
third,4.9,BC,0.9442889574732898,-0.0030094199100138617,0.9442937529255329,-0.003186958502049248
third,4.9,AC,0.5676311731795043,-0.007881507896101047,0.5676858875574209,-0.01388401806166319
third,5.0,AB,0.6889884405002409,-0.007763891295176851,0.689032182957369,-0.011268059439668049
third,5.0,BC,0.9616765137503819,-0.002348779112639202,0.9616793820512158,-0.002442374757775313
third,5.0,AC,0.586127245241938,-0.008046269671683341,0.5861824716507074,-0.01372699246381471
third,5.1000000000000005,AB,0.6755537993977176,-0.007904450254655151,0.6756000416034031,-0.011700162989677342
third,5.1000000000000005,BC,0.9735853525400475,-0.0015499365069757912,0.9735865862796715,-0.0015919869722093205
third,5.1000000000000005,AC,0.5999782672094933,-0.0080946377595822,0.6000328693364765,-0.013490733117555435
third,5.2,AB,0.6654795585377836,-0.007940415736546587,0.6655269288569116,-0.011931304038499357
third,5.2,BC,0.9817627435475287,-0.0008927071366019752,0.9817631494123226,-0.0009092898426189582
third,5.2,AC,0.6102609148834387,-0.00806686942251695,0.6103142294069929,-0.013217952225470937
third,5.3,AB,0.6579841547591564,-0.007939753773577496,0.6580320566690551,-0.012066200056240942
third,5.3,BC,0.9874890601012843,-0.0005059633188594757,0.9874891897223979,-0.0005123735492637192
third,5.3,AC,0.6178600183866259,-0.008023530577187438,0.6179121129769546,-0.01298527071633377
third,5.4,AB,0.652412213974868,-0.0079450041433788,0.6524605888744754,-0.012177288005114296
third,5.4,BC,0.9916497417715273,-0.0003456496406821401,0.9916498020113809,-0.00034856019431469106
third,5.4,AC,0.62348361216929,-0.008000626417145301,0.623534942618882,-0.012831431599428667
third,5.5,AB,0.6482617091240923,-0.007969113639515746,0.6483106896301254,-0.012292430873796226
third,5.5,BC,0.9947285255216719,-0.00031461429412511224,0.9947285752750211,-0.00031628155377308193
third,5.5,AC,0.6276599446995144,-0.008006180526789588,0.6277110044493605,-0.012754910394635435
third,5.6000000000000005,AB,0.6451843646087294,-0.008009401287321704,0.6452340775598816,-0.012413490345108672
third,5.6000000000000005,BC,0.9969195324050262,-0.0003327216526289051,0.9969195879279101,-0.00033374974555107367
third,5.6000000000000005,AC,0.6307501546889367,-0.008034178081061666,0.6308013202725211,-0.012736808013501992
third,5.7,AB,0.642941316127371,-0.008054992145693622,0.64299177201739,-0.012527691948745104
third,5.7,BC,0.9983428901595027,-0.00033724286102025284,0.9983429471202651,-0.00033780262424537236
third,5.7,AC,0.6329994980090023,-0.008071573063663132,0.6330509574839699,-0.01275061933453431
third,5.8,AB,0.6413471573245897,-0.00809300880401759,0.6413982171785589,-0.012618094886698225
third,5.8,BC,0.999171500764124,-0.0002994484158582322,0.9991715456359761,-0.0002996967053843402
third,5.8,AC,0.634596653377367,-0.008104093981421577,0.6346483977896846,-0.012769770262710142
third,5.9,AB,0.6402419902781535,-0.008117792402434994,0.6402934519958956,-0.012678577089010882
third,5.9,BC,0.999607743114024,-0.00023480088997366593,0.9996077706905697,-0.00023489302406146296
third,5.9,AC,0.6357032083397783,-0.008125188943985551,0.635755131940642,-0.012780722866425247
third,6.0,AB,0.6394900483813001,-0.008131479191528955,0.6395417444800299,-0.012714882751866465
third,6.0,BC,0.9998204936649402,-0.00016970294938390025,0.9998205080670709,-0.00016973341597765768
third,6.0,AC,0.6364557798054163,-0.00813640632963838,0.6365077853064184,-0.012783233949642508
third,6.1000000000000005,AB,0.638984299567765,-0.008138389922501746,0.6390361245537204,-0.012735758779753302
third,6.1000000000000005,BC,0.9999193426947706,-0.00011736601898532725,0.9999193495827173,-0.00011737548563671465
third,6.1000000000000005,AC,0.6369618105314262,-0.008141668792557472,0.6370138419580851,-0.012781339956216909
third,6.2,AB,0.638646212250719,-0.008141758186754555,0.6386981075974486,-0.01274777333423139
third,6.2,BC,0.999964080677021,-7.944570466010079e-05,0.9999640838329443,-7.94485582313684e-05
third,6.2,AC,0.6373000232201389,-0.008143939056445192,0.6373520560410428,-0.012778119420276499
third,6.3,AB,0.6384208745941107,-0.008143396344241988,0.638472809148149,-0.012754837848004477
third,6.3,BC,0.9999840700214188,-5.324593047901056e-05,0.9999840714390059,-5.324677864873266e-05
third,6.3,AC,0.6375254164461874,-0.008144846548767374,0.6375774424649822,-0.012775025513849547
third,6.4,AB,0.6382708918215816,-0.00814420727928415,0.6383228489243707,-0.01275910500397107
third,6.4,BC,0.9999929483531297,-3.5526889626884256e-05,0.9999929489842141,-3.552714013678373e-05
third,6.4,AC,0.6376754238112797,-0.008145171508970876,0.6377274417427917,-0.012772530149841962
third,6.5,AB,0.6381711268946213,-0.008144620948662685,0.6382230973980402,-0.01276174751621504
third,6.5,BC,0.9999968810839628,-2.3657033449978668e-05,0.9999968813637913,-2.3657107230096514e-05
third,6.5,AC,0.6377751996142602,-0.008145262025521486,0.6378272105644865,-0.012770674089744563
third,6.6000000000000005,AB,0.6381047843358473,-0.008144840012557119,0.6381567630379923,-0.012763417435146399
third,6.6000000000000005,BC,0.9999986210261986,-1.573904273336226e-05,0.9999986211500576,-1.5739064435820157e-05
third,6.6000000000000005,AC,0.6378415469814466,-0.008145266228880899,0.6378935525756819,-0.012769352435759943
third,6.7,AB,0.6380606728741391,-0.008144960821404194,0.6381126567114787,-0.012764489027620188
third,6.7,BC,0.9999993904109745,-1.0467087133169356e-05,0.9999993904657545,-1.0467093513412432e-05
third,6.7,AC,0.6378856605687168,-0.008145244186133731,0.637937662285305,-0.012768434904754098
third,6.8,AB,0.6380313446548511,-0.008145030143775227,0.6380833317664084,-0.012765184338513154
third,6.8,BC,0.999999730544679,-6.959818926093459e-06,0.9999997305688986,-6.959820801341831e-06
third,6.8,AC,0.6379149897275536,-0.008145218534544245,0.6379669887259687,-0.012767807714342324
third,6.9,AB,0.6380118458274397,-0.008145071367750771,0.638063835053925,-0.012765639026535576
third,6.9,BC,0.9999998808970659,-4.627396276573582e-06,0.9999998809077724,-4.627396827677093e-06
third,6.9,AC,0.6379344889702567,-0.008145196616273057,0.6379864860995571,-0.012767383140612522
third,7.0,AB,0.6379988822169569,-0.008145096624219536,0.6380508728221476,-0.012765937966159713
third,7.0,BC,0.999999947355622,-3.0765267969184983e-06,0.9999999473603546,-3.07652695887064e-06
third,7.0,AC,0.6379474527643012,-0.008145179893580821,0.6379994486235542,-0.012767097512531442
third,7.1000000000000005,AB,0.6379902635336181,-0.008145112464831879,0.6380422550433162,-0.01276613522881593
third,7.1000000000000005,BC,0.9999999767309413,-2.0453997326735803e-06,0.9999999767330332,-2.0453997802652555e-06
third,7.1000000000000005,AC,0.6379560715287751,-0.008145167825037311,0.6380080665315491,-0.012766906133795743
third,7.2,AB,0.6379845335333416,-0.008145122575939929,0.6380365256390363,-0.012766265720178527
third,7.2,BC,0.9999999897149968,-1.3598556405058325e-06,0.9999999897159214,-1.3598556544911141e-06
third,7.2,AC,0.6379618015649136,-0.008145159381216079,0.6380137959929202,-0.012766778243176685
third,7.3,AB,0.6379807240354329,-0.008145129112377594,0.6380327165350007,-0.012766352185410095
third,7.3,BC,0.9999999954539991,-9.040785095507275e-07,0.9999999954544078,-9.040785136604229e-07
third,7.3,AC,0.6379656110786733,-0.008145153581727783,0.6380176051221902,-0.012766692927487198
third,7.4,AB,0.6379781913543296,-0.008145133375908336,0.6380301841147118,-0.012766409542263884
third,7.4,BC,0.9999999979906556,-6.010615156097682e-07,0.9999999979908363,-6.010615168174354e-07
third,7.4,AC,0.6379681437667829,-0.00814514964393134,0.6380201375536328,-0.012766636078735188
third,7.5,AB,0.6379765075442596,-0.008145136174151229,0.6380285004775775,-0.012766447618368454
third,7.5,BC,0.9999999991118648,-3.996054931130287e-07,0.9999999991119446,-3.9960549346791114e-07
third,7.5,AC,0.6379698275799497,-0.008145146989663971,0.6380218211956971,-0.012766598227213112
third,7.6000000000000005,AB,0.6379753880919581,-0.008145138018473445,0.6380273811400452,-0.012766472907585442
third,7.6000000000000005,BC,0.999999999607442,-2.656708266281783e-07,0.9999999996074773,-2.6567082673246327e-07
third,7.6000000000000005,AC,0.6379709470336201,-0.00814514520897933,0.6380229405354085,-0.012766573037262195
third,7.7,AB,0.6379746438433607,-0.008145139237548872,0.6380266369676598,-0.012766489709623047
third,7.7,BC,0.9999999998264884,-1.7662665162569216e-07,0.9999999998265039,-1.766266516563371e-07
third,7.7,AC,0.6379716912828223,-0.008145144018031868,0.6380236847087568,-0.012766556279100446
third,7.8,AB,0.6379741490425306,-0.008145140044896127,0.638026142217458,-0.012766500875277725
third,7.8,BC,0.9999999999233076,-1.1742716699428752e-07,0.9999999999233145,-1.1742716700329275e-07
third,7.8,AC,0.6379721860839199,-0.008145143223117242,0.6380241794593845,-0.012766545132838997
third,7.9,AB,0.6379738200827587,-0.008145140580261747,0.6380258132913279,-0.012766508296408706
third,7.9,BC,0.9999999999661016,-7.806941431530466e-08,0.9999999999661046,-7.806941431795093e-08
third,7.9,AC,0.6379725150438099,-0.00814514269324687,0.6380245083857027,-0.012766537720279868
third,8.0,AB,0.637973601379553,-0.008145140935578037,0.6380255946104805,-0.012766513229263768
third,8.0,BC,0.9999999999850169,-5.19030949057204e-08,0.9999999999850182,-5.1903094906498024e-08
third,8.0,AC,0.637972733747068,-0.0081451423403595,0.6380247270666334,-0.012766532791213595
third,8.1,AB,0.637973601379553,-0.008145140935578037,0.6380255946104805,-0.012766513229263768
third,8.1,BC,0.9999999999850169,-5.19030949057204e-08,0.9999999999850182,-5.1903094906498024e-08
third,8.1,AC,0.637972733747068,-0.0081451423403595,0.6380247270666334,-0.012766532791213595
third,8.2,AB,0.637973601379553,-0.008145140935578037,0.6380255946104805,-0.012766513229263768
third,8.2,BC,0.9999999999850169,-5.19030949057204e-08,0.9999999999850182,-5.1903094906498024e-08
third,8.2,AC,0.637972733747068,-0.0081451423403595,0.6380247270666334,-0.012766532791213595
third,8.3,AB,0.637973601379553,-0.008145140935578037,0.6380255946104805,-0.012766513229263768
third,8.3,BC,0.9999999999850169,-5.19030949057204e-08,0.9999999999850182,-5.1903094906498024e-08
third,8.3,AC,0.637972733747068,-0.0081451423403595,0.6380247270666334,-0.012766532791213595
third,8.4,AB,0.637973601379553,-0.008145140935578037,0.6380255946104805,-0.012766513229263768
third,8.4,BC,0.9999999999850169,-5.19030949057204e-08,0.9999999999850182,-5.1903094906498024e-08
third,8.4,AC,0.637972733747068,-0.0081451423403595,0.6380247270666334,-0.012766532791213595
third,8.5,AB,0.637973601379553,-0.008145140935578037,0.6380255946104805,-0.012766513229263768
third,8.5,BC,0.9999999999850169,-5.19030949057204e-08,0.9999999999850182,-5.1903094906498024e-08
third,8.5,AC,0.637972733747068,-0.0081451423403595,0.6380247270666334,-0.012766532791213595
third,8.6,AB,0.637973601379553,-0.008145140935578037,0.6380255946104805,-0.012766513229263768
third,8.6,BC,0.9999999999850169,-5.19030949057204e-08,0.9999999999850182,-5.1903094906498024e-08
third,8.6,AC,0.637972733747068,-0.0081451423403595,0.6380247270666334,-0.012766532791213595
third,8.700000000000001,AB,0.637973601379553,-0.008145140935578037,0.6380255946104805,-0.012766513229263768
third,8.700000000000001,BC,0.9999999999850169,-5.19030949057204e-08,0.9999999999850182,-5.1903094906498024e-08
third,8.700000000000001,AC,0.637972733747068,-0.0081451423403595,0.6380247270666334,-0.012766532791213595
third,8.8,AB,0.637973601379553,-0.008145140935578037,0.6380255946104805,-0.012766513229263768
third,8.8,BC,0.9999999999850169,-5.19030949057204e-08,0.9999999999850182,-5.1903094906498024e-08
third,8.8,AC,0.637972733747068,-0.0081451423403595,0.6380247270666334,-0.012766532791213595
third,8.9,AB,0.637973601379553,-0.008145140935578037,0.6380255946104805,-0.012766513229263768
third,8.9,BC,0.9999999999850169,-5.19030949057204e-08,0.9999999999850182,-5.1903094906498024e-08
third,8.9,AC,0.637972733747068,-0.0081451423403595,0.6380247270666334,-0.012766532791213595
third,9.0,AB,0.637973601379553,-0.008145140935578037,0.6380255946104805,-0.012766513229263768
third,9.0,BC,0.9999999999850169,-5.19030949057204e-08,0.9999999999850182,-5.1903094906498024e-08
third,9.0,AC,0.637972733747068,-0.0081451423403595,0.6380247270666334,-0.012766532791213595
third,9.1,AB,0.637973601379553,-0.008145140935578037,0.6380255946104805,-0.012766513229263768
third,9.1,BC,0.9999999999850169,-5.19030949057204e-08,0.9999999999850182,-5.1903094906498024e-08
third,9.1,AC,0.637972733747068,-0.0081451423403595,0.6380247270666334,-0.012766532791213595
third,9.200000000000001,AB,0.637973601379553,-0.008145140935578037,0.6380255946104805,-0.012766513229263768
third,9.200000000000001,BC,0.9999999999850169,-5.19030949057204e-08,0.9999999999850182,-5.1903094906498024e-08
third,9.200000000000001,AC,0.637972733747068,-0.0081451423403595,0.6380247270666334,-0.012766532791213595
third,9.3,AB,0.637973601379553,-0.008145140935578037,0.6380255946104805,-0.012766513229263768
third,9.3,BC,0.9999999999850169,-5.19030949057204e-08,0.9999999999850182,-5.1903094906498024e-08
third,9.3,AC,0.637972733747068,-0.0081451423403595,0.6380247270666334,-0.012766532791213595
third,9.4,AB,0.637973601379553,-0.008145140935578037,0.6380255946104805,-0.012766513229263768
third,9.4,BC,0.9999999999850169,-5.19030949057204e-08,0.9999999999850182,-5.1903094906498024e-08
third,9.4,AC,0.637972733747068,-0.0081451423403595,0.6380247270666334,-0.012766532791213595
third,9.5,AB,0.637973601379553,-0.008145140935578037,0.6380255946104805,-0.012766513229263768
third,9.5,BC,0.9999999999850169,-5.19030949057204e-08,0.9999999999850182,-5.1903094906498024e-08
third,9.5,AC,0.637972733747068,-0.0081451423403595,0.6380247270666334,-0.012766532791213595
third,9.6,AB,0.637973601379553,-0.008145140935578037,0.6380255946104805,-0.012766513229263768
third,9.6,BC,0.9999999999850169,-5.19030949057204e-08,0.9999999999850182,-5.1903094906498024e-08
third,9.6,AC,0.637972733747068,-0.0081451423403595,0.6380247270666334,-0.012766532791213595
third,9.700000000000001,AB,0.637973601379553,-0.008145140935578037,0.6380255946104805,-0.012766513229263768
third,9.700000000000001,BC,0.9999999999850169,-5.19030949057204e-08,0.9999999999850182,-5.1903094906498024e-08
third,9.700000000000001,AC,0.637972733747068,-0.0081451423403595,0.6380247270666334,-0.012766532791213595
third,9.8,AB,0.637973601379553,-0.008145140935578037,0.6380255946104805,-0.012766513229263768
third,9.8,BC,0.9999999999850169,-5.19030949057204e-08,0.9999999999850182,-5.1903094906498024e-08
third,9.8,AC,0.637972733747068,-0.0081451423403595,0.6380247270666334,-0.012766532791213595
third,9.9,AB,0.637973601379553,-0.008145140935578037,0.6380255946104805,-0.012766513229263768
third,9.9,BC,0.9999999999850169,-5.19030949057204e-08,0.9999999999850182,-5.1903094906498024e-08
third,9.9,AC,0.637972733747068,-0.0081451423403595,0.6380247270666334,-0.012766532791213595
third,10.0,AB,0.637973601379553,-0.008145140935578037,0.6380255946104805,-0.012766513229263768
third,10.0,BC,0.9999999999850169,-5.19030949057204e-08,0.9999999999850182,-5.1903094906498024e-08
third,10.0,AC,0.637972733747068,-0.0081451423403595,0.6380247270666334,-0.012766532791213595
third,10.1,AB,0.637973601379553,-0.008145140935578037,0.6380255946104805,-0.012766513229263768
third,10.1,BC,0.9999999999850169,-5.19030949057204e-08,0.9999999999850182,-5.1903094906498024e-08
third,10.1,AC,0.637972733747068,-0.0081451423403595,0.6380247270666334,-0.012766532791213595
third,10.200000000000001,AB,0.637973601379553,-0.008145140935578037,0.6380255946104805,-0.012766513229263768
third,10.200000000000001,BC,0.9999999999850169,-5.19030949057204e-08,0.9999999999850182,-5.1903094906498024e-08
third,10.200000000000001,AC,0.637972733747068,-0.0081451423403595,0.6380247270666334,-0.012766532791213595
third,10.3,AB,0.637973601379553,-0.008145140935578037,0.6380255946104805,-0.012766513229263768
third,10.3,BC,0.9999999999850169,-5.19030949057204e-08,0.9999999999850182,-5.1903094906498024e-08
third,10.3,AC,0.637972733747068,-0.0081451423403595,0.6380247270666334,-0.012766532791213595
third,10.4,AB,0.637973601379553,-0.008145140935578037,0.6380255946104805,-0.012766513229263768
third,10.4,BC,0.9999999999850169,-5.19030949057204e-08,0.9999999999850182,-5.1903094906498024e-08
third,10.4,AC,0.637972733747068,-0.0081451423403595,0.6380247270666334,-0.012766532791213595
third,10.5,AB,0.637973601379553,-0.008145140935578037,0.6380255946104805,-0.012766513229263768
third,10.5,BC,0.9999999999850169,-5.19030949057204e-08,0.9999999999850182,-5.1903094906498024e-08
third,10.5,AC,0.637972733747068,-0.0081451423403595,0.6380247270666334,-0.012766532791213595
third,10.6,AB,0.637973601379553,-0.008145140935578037,0.6380255946104805,-0.012766513229263768
third,10.6,BC,0.9999999999850169,-5.19030949057204e-08,0.9999999999850182,-5.1903094906498024e-08
third,10.6,AC,0.637972733747068,-0.0081451423403595,0.6380247270666334,-0.012766532791213595
third,10.700000000000001,AB,0.637973601379553,-0.008145140935578037,0.6380255946104805,-0.012766513229263768
third,10.700000000000001,BC,0.9999999999850169,-5.19030949057204e-08,0.9999999999850182,-5.1903094906498024e-08
third,10.700000000000001,AC,0.637972733747068,-0.0081451423403595,0.6380247270666334,-0.012766532791213595
third,10.8,AB,0.637973601379553,-0.008145140935578037,0.6380255946104805,-0.012766513229263768
third,10.8,BC,0.9999999999850169,-5.19030949057204e-08,0.9999999999850182,-5.1903094906498024e-08
third,10.8,AC,0.637972733747068,-0.0081451423403595,0.6380247270666334,-0.012766532791213595
third,10.9,AB,0.637973601379553,-0.008145140935578037,0.6380255946104805,-0.012766513229263768
third,10.9,BC,0.9999999999850169,-5.19030949057204e-08,0.9999999999850182,-5.1903094906498024e-08
third,10.9,AC,0.637972733747068,-0.0081451423403595,0.6380247270666334,-0.012766532791213595
third,11.0,AB,0.637973601379553,-0.008145140935578037,0.6380255946104805,-0.012766513229263768
third,11.0,BC,0.9999999999850169,-5.19030949057204e-08,0.9999999999850182,-5.1903094906498024e-08
third,11.0,AC,0.637972733747068,-0.0081451423403595,0.6380247270666334,-0.012766532791213595
third,11.1,AB,0.637973601379553,-0.008145140935578037,0.6380255946104805,-0.012766513229263768
third,11.1,BC,0.9999999999850169,-5.19030949057204e-08,0.9999999999850182,-5.1903094906498024e-08
third,11.1,AC,0.637972733747068,-0.0081451423403595,0.6380247270666334,-0.012766532791213595
third,11.200000000000001,AB,0.637973601379553,-0.008145140935578037,0.6380255946104805,-0.012766513229263768
third,11.200000000000001,BC,0.9999999999850169,-5.19030949057204e-08,0.9999999999850182,-5.1903094906498024e-08
third,11.200000000000001,AC,0.637972733747068,-0.0081451423403595,0.6380247270666334,-0.012766532791213595
third,11.3,AB,0.637973601379553,-0.008145140935578037,0.6380255946104805,-0.012766513229263768
third,11.3,BC,0.9999999999850169,-5.19030949057204e-08,0.9999999999850182,-5.1903094906498024e-08
third,11.3,AC,0.637972733747068,-0.0081451423403595,0.6380247270666334,-0.012766532791213595
third,11.4,AB,0.637973601379553,-0.008145140935578037,0.6380255946104805,-0.012766513229263768
third,11.4,BC,0.9999999999850169,-5.19030949057204e-08,0.9999999999850182,-5.1903094906498024e-08
third,11.4,AC,0.637972733747068,-0.0081451423403595,0.6380247270666334,-0.012766532791213595
third,11.5,AB,0.637973601379553,-0.008145140935578037,0.6380255946104805,-0.012766513229263768
third,11.5,BC,0.9999999999850169,-5.19030949057204e-08,0.9999999999850182,-5.1903094906498024e-08
third,11.5,AC,0.637972733747068,-0.0081451423403595,0.6380247270666334,-0.012766532791213595
third,11.6,AB,0.637973601379553,-0.008145140935578037,0.6380255946104805,-0.012766513229263768
third,11.6,BC,0.9999999999850169,-5.19030949057204e-08,0.9999999999850182,-5.1903094906498024e-08
third,11.6,AC,0.637972733747068,-0.0081451423403595,0.6380247270666334,-0.012766532791213595
third,11.700000000000001,AB,0.637973601379553,-0.008145140935578037,0.6380255946104805,-0.012766513229263768
third,11.700000000000001,BC,0.9999999999850169,-5.19030949057204e-08,0.9999999999850182,-5.1903094906498024e-08
third,11.700000000000001,AC,0.637972733747068,-0.0081451423403595,0.6380247270666334,-0.012766532791213595
third,11.8,AB,0.637973601379553,-0.008145140935578037,0.6380255946104805,-0.012766513229263768
third,11.8,BC,0.9999999999850169,-5.19030949057204e-08,0.9999999999850182,-5.1903094906498024e-08
third,11.8,AC,0.637972733747068,-0.0081451423403595,0.6380247270666334,-0.012766532791213595
third,11.9,AB,0.637973601379553,-0.008145140935578037,0.6380255946104805,-0.012766513229263768
third,11.9,BC,0.9999999999850169,-5.19030949057204e-08,0.9999999999850182,-5.1903094906498024e-08
third,11.9,AC,0.637972733747068,-0.0081451423403595,0.6380247270666334,-0.012766532791213595
third,12.0,AB,0.637973601379553,-0.008145140935578037,0.6380255946104805,-0.012766513229263768
third,12.0,BC,0.9999999999850169,-5.19030949057204e-08,0.9999999999850182,-5.1903094906498024e-08
third,12.0,AC,0.637972733747068,-0.0081451423403595,0.6380247270666334,-0.012766532791213595
shared,0.0,AB,1.0,2.4456244684357855e-11,1.0,2.4456244684357855e-11
shared,0.0,BC,0.00230686075417591,-0.007420739779384018,0.007771035028391611,-1.2694001544577862
shared,0.0,AC,0.0023068607595171844,-0.007420739743457589,0.007771034995670217,-1.2694001524290475
shared,0.1,AB,1.0,1.6259312559534135e-11,1.0,1.6259312559534135e-11
shared,0.1,BC,0.0023068607550710144,-0.007420739773363337,0.00777103502290804,-1.2694001541178037
shared,0.1,AC,0.0023068607586220757,-0.007420739749478268,0.0077710350011537845,-1.2694001527690306
shared,0.2,AB,1.0,1.080971051746664e-11,1.0,1.080971051746664e-11
shared,0.2,BC,0.0023068607556661156,-0.007420739769360587,0.007771035019262381,-1.269400153891771
shared,0.2,AC,0.0023068607580269762,-0.007420739753481016,0.007771035004799444,-1.269400152995063
shared,0.3,AB,1.0,7.186643819365822e-12,1.0,7.186643819365822e-12
shared,0.3,BC,0.0023068607560617557,-0.007420739766699425,0.007771035016838622,-1.2694001537414974
shared,0.3,AC,0.0023068607576313474,-0.00742073975614217,0.007771035007223197,-1.269400153145335
shared,0.4,AB,1.0,4.777913011131241e-12,1.0,4.777913011131241e-12
shared,0.4,BC,0.0023068607563247866,-0.007420739764930203,0.007771035015227234,-1.2694001536415913
shared,0.4,AC,0.002306860757368299,-0.007420739757911387,0.007771035008834576,-1.269400153245243
shared,0.5,AB,1.0,3.1765089514039585e-12,1.0,3.1765089514039585e-12
shared,0.5,BC,0.002306860756499671,-0.007420739763753971,0.007771035014155938,-1.2694001535751689
shared,0.5,AC,0.002306860757193421,-0.00742073975908762,0.007771035009905874,-1.2694001533116646
shared,0.6,AB,1.0,2.111852641138133e-12,1.0,2.111852641138133e-12
shared,0.6,BC,0.0023068607566159244,-0.00742073976297197,0.0077710350134436975,-1.2694001535310109
shared,0.6,AC,0.002306860757077163,-0.007420739759869628,0.00777103501061812,-1.2694001533558232
shared,0.7000000000000001,AB,1.0,1.404027571711809e-12,1.0,1.404027571711809e-12
shared,0.7000000000000001,BC,0.0023068607566932298,-0.0074207397624520555,0.007771035012970167,-1.2694001535016508
shared,0.7000000000000001,AC,0.0023068607569998708,-0.007420739760389525,0.007771035011091637,-1.2694001533851813
shared,0.8,AB,1.0,9.334495777987115e-13,1.0,9.334495777987115e-13
shared,0.8,BC,0.002306860756744609,-0.007420739762106412,0.007771035012655357,-1.2694001534821335
shared,0.8,AC,0.0023068607569484856,-0.0074207397607351745,0.007771035011406452,-1.2694001534046995
shared,0.9,AB,1.0,6.206054843798439e-13,1.0,6.206054843798439e-13
shared,0.9,BC,0.002306860756778783,-0.007420739761876605,0.007771035012446054,-1.2694001534691555
shared,0.9,AC,0.0023068607569143177,-0.0074207397609649724,0.007771035011615748,-1.2694001534176764
shared,1.0,AB,1.0,4.1259494542373044e-13,1.0,4.1259494542373044e-13
shared,1.0,BC,0.0023068607568014887,-0.00742073976172383,0.007771035012306905,-1.2694001534605295
shared,1.0,AC,0.002306860756891604,-0.00742073976111775,0.007771035011754897,-1.2694001534263035
shared,1.1,AB,1.0,2.743037493027862e-13,1.0,2.743037493027862e-13
shared,1.1,BC,0.002306860756816591,-0.007420739761622264,0.007771035012214401,-1.2694001534547938
shared,1.1,AC,0.0023068607568764972,-0.0074207397612193115,0.007771035011847395,-1.2694001534320396
shared,1.2,AB,1.0,1.8236778364740018e-13,1.0,1.8236778364740018e-13
shared,1.2,BC,0.0023068607568266213,-0.007420739761554732,0.00777103501215289,-1.2694001534509816
shared,1.2,AC,0.002306860756866468,-0.007420739761286838,0.007771035011908901,-1.2694001534358514
shared,1.3,AB,1.0,1.2125011814865775e-13,1.0,1.2125011814865775e-13
shared,1.3,BC,0.0023068607568333087,-0.007420739761509835,0.007771035012112002,-1.2694001534484447
shared,1.3,AC,0.002306860756859785,-0.00742073976133174,0.007771035011949794,-1.269400153438388
shared,1.4000000000000001,AB,1.0,8.062846104842768e-14,1.0,8.062846104842768e-14
shared,1.4000000000000001,BC,0.002306860756837748,-0.007420739761479992,0.007771035012084823,-1.2694001534467592
shared,1.4000000000000001,AC,0.0023068607568553457,-0.007420739761361585,0.007771035011976977,-1.2694001534400736
shared,1.5,AB,1.0,5.362409112074537e-14,1.0,5.362409112074537e-14
shared,1.5,BC,0.002306860756840691,-0.007420739761460151,0.007771035012066749,-1.2694001534456396
shared,1.5,AC,0.0023068607568523976,-0.007420739761381419,0.007771035011995041,-1.2694001534411934
shared,1.6,AB,1.0,3.5662001841419624e-14,1.0,3.5662001841419624e-14
shared,1.6,BC,0.0023068607568426606,-0.007420739761446959,0.007771035012054737,-1.2694001534448935
shared,1.6,AC,0.002306860756850432,-0.007420739761394613,0.007771035012007058,-1.269400153441939
shared,1.7,AB,1.0,2.3741663598835195e-14,1.0,2.3741663598835195e-14
shared,1.7,BC,0.0023068607568439573,-0.0074207397614381955,0.007771035012046753,-1.2694001534443995
shared,1.7,AC,0.0023068607568491363,-0.0074207397614033735,0.007771035012015038,-1.2694001534424328
shared,1.8,AB,1.0,1.581183849587237e-14,1.0,1.581183849587237e-14
shared,1.8,BC,0.0023068607568448272,-0.007420739761432365,0.007771035012041444,-1.26940015344407
shared,1.8,AC,0.002306860756848263,-0.0074207397614092065,0.007771035012020349,-1.269400153442763
shared,1.9000000000000001,AB,1.0,1.056359435627535e-14,1.0,1.056359435627535e-14
shared,1.9000000000000001,BC,0.00230686075684541,-0.0074207397614284906,0.0077710350120379175,-1.2694001534438504
shared,1.9000000000000001,AC,0.002306860756847688,-0.007420739761413082,0.007771035012023879,-1.2694001534429817
shared,2.0,AB,1.0,7.066092475351144e-15,1.0,7.066092475351144e-15
shared,2.0,BC,0.002306860756845789,-0.0074207397614259015,0.007771035012035557,-1.2694001534437047
shared,2.0,AC,0.0023068607568473027,-0.007420739761415667,0.007771035012026233,-1.2694001534431278
shared,2.1,AB,1.0,4.740942910015495e-15,1.0,4.740942910015495e-15
shared,2.1,BC,0.00230686075684604,-0.007420739761424176,0.007771035012033984,-1.2694001534436081
shared,2.1,AC,0.0023068607568470477,-0.00742073976141738,0.007771035012027794,-1.2694001534432247
shared,2.2,AB,1.0,3.2196248455322077e-15,1.0,3.2196248455322077e-15
shared,2.2,BC,0.002306860756846208,-0.007420739761423051,0.00777103501203296,-1.2694001534435444
shared,2.2,AC,0.002306860756846875,-0.007420739761418521,0.007771035012028832,-1.2694001534432895
shared,2.3000000000000003,AB,1.0,2.177706319545621e-15,1.0,2.177706319545621e-15
shared,2.3000000000000003,BC,0.002306860756846326,-0.007420739761422299,0.007771035012032277,-1.2694001534435013
shared,2.3000000000000003,AC,0.0023068607568467615,-0.007420739761419279,0.007771035012029522,-1.2694001534433323
shared,2.4,AB,1.0,1.4668090435870683e-15,1.0,1.4668090435870683e-15
shared,2.4,BC,0.0023068607568464006,-0.007420739761421815,0.007771035012031836,-1.2694001534434736
shared,2.4,AC,0.0023068607568466756,-0.007420739761419779,0.007771035012029973,-1.2694001534433619
shared,2.5,AB,1.0,1.0321210325662469e-15,1.0,1.0321210325662469e-15
shared,2.5,BC,0.0023068607568464536,-0.007420739761421498,0.007771035012031549,-1.269400153443455
shared,2.5,AC,0.0023068607568466236,-0.007420739761420096,0.007771035012030261,-1.2694001534433805
shared,2.6,AB,1.0,7.246944543842427e-16,1.0,7.246944543842427e-16
shared,2.6,BC,0.0023068607568464856,-0.0074207397614212784,0.007771035012031349,-1.2694001534434427
shared,2.6,AC,0.002306860756846595,-0.007420739761420313,0.00777103501203046,-1.2694001534433923
shared,2.7,AB,1.0,5.178845178740782e-16,1.0,5.178845178740782e-16
shared,2.7,BC,0.0023068607568465047,-0.007420739761421144,0.007771035012031227,-1.2694001534434352
shared,2.7,AC,0.0023068607568465724,-0.00742073976142045,0.007771035012030584,-1.2694001534434003
shared,2.8000000000000003,AB,1.0,3.9634165592508027e-16,1.0,3.9634165592508027e-16
shared,2.8000000000000003,BC,0.0023068607568465264,-0.007420739761421047,0.007771035012031141,-1.2694001534434287
shared,2.8000000000000003,AC,0.0023068607568465533,-0.007420739761420546,0.007771035012030671,-1.2694001534434063
shared,2.9,AB,1.0,3.157108625228244e-16,1.0,3.157108625228244e-16
shared,2.9,BC,0.0023068607568465307,-0.007420739761420979,0.007771035012031077,-1.2694001534434256
shared,2.9,AC,0.00230686075684655,-0.0074207397614206114,0.007771035012030731,-1.2694001534434092
shared,3.0,AB,1.0,2.6710028357205545e-16,1.0,2.6710028357205545e-16
shared,3.0,BC,0.0023068607568465386,-0.007420739761420932,0.007771035012031035,-1.269400153443423
shared,3.0,AC,0.0023068607568465472,-0.007420739761420652,0.0077710350120307695,-1.2694001534434112
shared,3.1,AB,1.0,2.284704526574616e-16,1.0,2.284704526574616e-16
shared,3.1,BC,0.002306860756846541,-0.007420739761420902,0.007771035012031006,-1.2694001534434214
shared,3.1,AC,0.002306860756846549,-0.007420739761420679,0.0077710350120307956,-1.2694001534434118
shared,3.2,AB,1.0,1.9769320611651115e-16,1.0,1.9769320611651115e-16
shared,3.2,BC,0.0023068607568465455,-0.007420739761420881,0.007771035012030988,-1.26940015344342
shared,3.2,AC,0.0023068607568465464,-0.0074207397614206964,0.007771035012030811,-1.269400153443413
shared,3.3000000000000003,AB,1.0,1.7599462414035483e-16,1.0,1.7599462414035483e-16
shared,3.3000000000000003,BC,0.0023068607568465464,-0.00742073976142087,0.007771035012030977,-1.2694001534434196
shared,3.3000000000000003,AC,0.0023068607568465472,-0.007420739761420711,0.007771035012030826,-1.2694001534434134
shared,3.4,AB,1.0,1.613997170635712e-16,1.0,1.613997170635712e-16
shared,3.4,BC,0.002306860756846548,-0.007420739761420861,0.00777103501203097,-1.269400153443419
shared,3.4,AC,0.0023068607568465472,-0.00742073976142072,0.007771035012030834,-1.2694001534434136
shared,3.5,AB,1.0,1.5636682596199846e-16,1.0,1.5636682596199846e-16
shared,3.5,BC,0.002306860756846548,-0.007420739761420856,0.007771035012030965,-1.2694001534434187
shared,3.5,AC,0.0023068607568465464,-0.007420739761420724,0.007771035012030838,-1.269400153443414
shared,3.6,AB,1.0,1.52874575294918e-16,1.0,1.52874575294918e-16
shared,3.6,BC,0.002306860756846548,-0.0074207397614208526,0.007771035012030961,-1.2694001534434187
shared,3.6,AC,0.0023068607568465455,-0.007420739761420728,0.0077710350120308415,-1.2694001534434143
shared,3.7,AB,1.0,1.5197538364695854e-16,1.0,1.5197538364695854e-16
shared,3.7,BC,0.002306860756846548,-0.007420739761420851,0.0077710350120309595,-1.2694001534434185
shared,3.7,AC,0.002306860756846548,-0.00742073976142073,0.007771035012030844,-1.269400153443414
shared,3.8000000000000003,AB,1.0,1.5124043036398273e-16,1.0,1.5124043036398273e-16
shared,3.8000000000000003,BC,0.00230686075684655,-0.00742073976142085,0.0077710350120309595,-1.2694001534434183
shared,3.8000000000000003,AC,0.0023068607568465472,-0.0074207397614207285,0.007771035012030842,-1.269400153443414
shared,3.9,AB,1.0,1.50743916855659e-16,1.0,1.50743916855659e-16
shared,3.9,BC,0.0023068607568465516,-0.00742073976142085,0.0077710350120309595,-1.269400153443418
shared,3.9,AC,0.0023068607568465472,-0.0074207397614207285,0.007771035012030842,-1.269400153443414
shared,4.0,AB,1.0,1.506330283314626e-16,1.0,1.506330283314626e-16
shared,4.0,BC,0.0023068607568465516,-0.00742073976142085,0.0077710350120309595,-1.269400153443418
shared,4.0,AC,0.002306860756846549,-0.0074207397614207285,0.007771035012030842,-1.2694001534434138
shared,4.1,AB,0.9930656605189558,-0.0011083414184071736,0.9930662790179968,-0.0011160802374654822
shared,4.1,BC,0.19271300356830806,-0.005885262929011311,0.19280284765548023,-0.03052951410090922
shared,4.1,AC,0.11011473450774932,-0.006575162517696133,0.11031086763255123,-0.05964110626741896
shared,4.2,AB,0.9816787098583311,-0.0016586056391499904,0.9816801110146745,-0.0016895589608592542
shared,4.2,BC,0.35761031992493075,-0.005245978677440374,0.3576487959005252,-0.01466848726192304
shared,4.2,AC,0.22716812182026702,-0.0060183682412002365,0.2272478301934572,-0.026486818346886126
shared,4.3,AB,0.9727889745968201,-0.001986942024652539,0.9727910037802272,-0.002042518278314267
shared,4.3,BC,0.4959382490567591,-0.005386135298804872,0.4959674962444021,-0.010860068886566172
shared,4.3,AC,0.34428692656490023,-0.005885074594600144,0.344337221203995,-0.01709185292159236
shared,4.4,AB,0.9680800323055332,-0.0022391503353394755,0.9680826218577143,-0.0023129764767054785
shared,4.4,BC,0.608995454277913,-0.0056594455036634295,0.6090217505595105,-0.009292815821765046
shared,4.4,AC,0.4548766386127937,-0.00602279126441421,0.4549165092303079,-0.013239720040579378
shared,4.5,AB,0.9670953671466725,-0.0024140972276304744,0.9670983802188803,-0.0024962297364115467
shared,4.5,BC,0.6995999855680874,-0.0055218355509649465,0.6996217767299129,-0.007892682968128414
shared,4.5,AC,0.554797543587088,-0.0061188027691257965,0.5548312843717397,-0.011028445904410092
shared,4.6000000000000005,AB,0.9687234375368545,-0.002475890290986832,0.9687266015063037,-0.0025558222336953093
shared,4.6000000000000005,BC,0.7712229301006128,-0.004989577813834281,0.7712390704572318,-0.006469605615509088
shared,4.6000000000000005,AC,0.642038893920668,-0.005981210625507149,0.6420667536848653,-0.009315693582387149
shared,4.7,AB,0.9718653557789878,-0.0024364579147010193,0.9718684098634901,-0.0025069859686314053
shared,4.7,BC,0.82723926453693,-0.0044553018429614125,0.8272512620154246,-0.005385695478279477
shared,4.7,AC,0.7161633514825594,-0.005670342343290388,0.7161857990696422,-0.007917500729153414
shared,4.8,AB,0.9756802338423183,-0.002348345308080574,0.9756830599309834,-0.0024068754207897266
shared,4.8,BC,0.8705556319508925,-0.0041583174582451215,0.8705655632550034,-0.004776588285083274
shared,4.8,AC,0.7777230487645179,-0.005351118184688123,0.7777414577129107,-0.006880384672698629
shared,4.9,AB,0.9796127005260619,-0.0022507393055877676,0.9796152861503262,-0.0022975767300002204
shared,4.9,BC,0.9035969557426533,-0.003984475332699554,0.9036057406142722,-0.004409542863707257
shared,4.9,AC,0.8278173836026073,-0.0050891906778514386,0.827833026918123,-0.006147643992109924
shared,5.0,AB,0.9833286228288975,-0.0021429746152757997,0.983330957925549,-0.0021793032084451683
shared,5.0,BC,0.9284699653820756,-0.0036934524600206638,0.9284773116278432,-0.003977977872844283
shared,5.0,AC,0.8678369139924973,-0.004817322132547216,0.8678502842544616,-0.00555089623055196
shared,5.1000000000000005,AB,0.9866424057055302,-0.002001536982012602,0.9866444358970897,-0.002028631877936889
shared,5.1000000000000005,BC,0.9470355709928784,-0.0031778095993587395,0.9470409026011797,-0.0033555209221415175
shared,5.1000000000000005,AC,0.8993102880066308,-0.00443837119848182,0.8993212402992964,-0.0049352656393510325
shared,5.2,AB,0.9894728589193935,-0.0018109000671067677,0.9894745160423138,-0.001830164444543669
shared,5.2,BC,0.9608306359831744,-0.0025211519672380107,0.960833943640145,-0.0026239235998473096
shared,5.2,AC,0.9237526038961174,-0.003922544441080379,0.9237609320380189,-0.004246289373088768
shared,5.3,AB,0.991812522395473,-0.0015798371791801375,0.9918137806392808,-0.0015928774918190572
shared,5.3,BC,0.971057120760949,-0.0018929189573295227,0.9710589657290247,-0.001949335954824771
shared,5.3,AC,0.9425446777508408,-0.003325100480070623,0.9425505428620997,-0.0035277762048812255
shared,5.4,AB,0.9936959276575714,-0.0013353644890100069,0.9936968249126894,-0.001343835320243075
shared,5.4,BC,0.9786665749756459,-0.001413942747189998,0.9786675963822721,-0.001444763517576145
shared,5.4,AC,0.9568907511659845,-0.0027370597792722912,0.9568946656572173,-0.0028603602985690538
shared,5.5,AB,0.9951765142777881,-0.0011059949725713558,0.9951771288544407,-0.0011113551227965406
shared,5.5,BC,0.9844067003304111,-0.00110562657171809,0.9844073212169462,-0.0011231395585302119
shared,5.5,AC,0.9678139175049847,-0.0022278711251253495,0.967816481739227,-0.0023019582066930245
shared,5.6000000000000005,AB,0.9963172739127163,-0.00091007523315204,0.9963176895618167,-0.00091343892539837
shared,5.6000000000000005,BC,0.9888103366247787,-0.0009274663260741118,0.9888107715886767,-0.0009379615278433226
shared,5.6000000000000005,AC,0.9761461066914793,-0.0018245379290846948,0.9761478118336319,-0.001869121632337865
shared,5.7,AB,0.9971871375097952,-0.0007539359788742348,0.9971874225211825,-0.0007560625351620212
shared,5.7,BC,0.9921965886848674,-0.0008290029331321964,0.9921969350102584,-0.0008355226672594646
shared,5.7,AC,0.9825173157429903,-0.0015226256121359154,0.982518495563094,-0.0015497176169960993
shared,5.8,AB,0.9978538060691895,-0.0006350973168986016,0.9978540081772331,-0.0006364632046092968
shared,5.8,BC,0.9947369910007338,-0.0007688947576391166,0.994737288164238,-0.0007729627142293318
shared,5.8,AC,0.9873729989724438,-0.0013025459525987128,0.987373858133684,-0.0013192027717478909
shared,5.9,AB,0.9983731827050513,-0.0005454434704437102,0.9983733317017203,-0.0005463321988457949
shared,5.9,BC,0.9965558435888116,-0.0007115988901105224,0.9965560976502971,-0.000714058096939953
shared,5.9,AC,0.9910270510553707,-0.0011373371826158337,0.9910277036790502,-0.0011476343477093767
shared,6.0,AB,0.9987831869162651,-0.0004745320003864714,0.9987832996437367,-0.000475110084848624
shared,6.0,BC,0.9977916711250782,-0.0006358668436397092,0.9977918737358101,-0.000637274068286903
shared,6.0,AC,0.9937219731122073,-0.000999857693304277,0.9937224761277292,-0.0010061741442213648
shared,6.1000000000000005,AB,0.9991062460856825,-0.00041373168342304035,0.9991063317491939,-0.0004141017648473577
shared,6.1000000000000005,BC,0.998595816112783,-0.0005440243710529077,0.9985959643021153,-0.0005447893015908215
shared,6.1000000000000005,AC,0.9956649394901832,-0.0008729169826600933,0.9956653221409536,-0.0008767173819096282
shared,6.2,AB,0.9993563816579316,-0.00035842236119908307,0.9993564459325924,-0.0003586531815969924
shared,6.2,BC,0.9991054993001658,-0.0004505649269048484,0.9991056008954143,-0.0004509682878097405
shared,6.2,AC,0.9970368506838121,-0.0007518349945059632,0.997037134151659,-0.0007540692718502774
shared,6.3,AB,0.9995450097092586,-0.00030727724028232345,0.9995450569403984,-0.00030741710239934957
shared,6.3,BC,0.9994258475227612,-0.0003667749473334386,0.9994259148233307,-0.00036698563658023065
shared,6.3,AC,0.9979894677958925,-0.0006386677739480763,0.9979896721550049,-0.0006399543355618823
shared,6.4,AB,0.9996833327749939,-0.00026053810485061527,0.9996833667257964,-0.00026062062896311535
shared,6.4,BC,0.9996280866769329,-0.00029669487004638305,0.9996281307072303,-0.0002968052471598758
shared,6.4,AC,0.9986428545727902,-0.0005364223169780399,0.9986429986427547,-0.0005371512577596535
shared,6.5,AB,0.9997822759087257,-0.0002187602194397433,0.999782299841953,-0.00021880785569010168
shared,6.5,BC,0.9997570875481189,-0.00023986638974013414,0.9997571163230508,-0.00023992466582643286
shared,6.5,AC,0.9990871550787703,-0.0004467519559128677,0.9990872549635997,-0.0004471601139755457
shared,6.6000000000000005,AB,0.9998516532668197,-0.00018224770717180778,0.999851669876397,-0.00018227474501643462
shared,6.6000000000000005,BC,0.9998402999206153,-0.00019424327239747708,0.9998403187888528,-0.0001942742955741603
shared,6.6000000000000005,AC,0.9993874912602183,-0.00036983397061392763,0.9993875596907131,-0.0003700606190950849
shared,6.7,AB,0.9998995762092978,-0.0001509360059197027,0.9998995876012807,-0.0001509511638613665
shared,6.7,BC,0.9998944985689612,-0.00015763319049144539,0.9998945109943833,-0.0001576498214673028
shared,6.7,AC,0.9995896914302889,-0.00030487591107567185,0.9995897379240251,-0.0003050010461649254
shared,6.8,AB,0.9999323241527993,-0.00012447246307783046,0.9999323319000206,-0.00012448088678438323
shared,6.8,BC,0.9999300652068623,-0.00012816728189974578,0.9999300734208628,-0.00012817624517704425
shared,6.8,AC,0.9997254484511425,-0.00025060349566003815,0.9997254798608216,-0.0002506723128827712
shared,6.9,AB,0.9999545339885576,-0.00010234238858708561,0.9999545392257779,-0.00010234704154150476
shared,6.9,BC,0.9999535326031084,-0.00010436464883476243,0.9999535380493514,-0.00010436949823471251
shared,6.9,AC,0.9998164263617152,-0.00020558867334999944,0.9998164474989465,-0.0002056264180421048
shared,7.0,AB,0.9999695189256406,-8.397395390218075e-05,0.9999695224515606,-8.39765133991338e-05
shared,7.0,BC,0.9999690760775496,-8.507490891626729e-05,0.9999690796965315,-8.507753964224274e-05
shared,7.0,AC,0.9998773190846573,-0.0001684361006572028,0.9998773332717577,-0.00016845676549411394
shared,7.1000000000000005,AB,0.9999795937649387,-6.880612784133607e-05,0.9999795961321286,-6.88075318354177e-05
shared,7.1000000000000005,BC,0.9999793982370047,-6.940337908342727e-05,0.9999794006454688,-6.940480883341027e-05
shared,7.1000000000000005,AC,0.9999180410637172,-0.0001378742828085863,0.9999180505691551,-0.0001378855828905135
shared,7.2,AB,0.9999863514135909,-5.6325026458371505e-05,0.9999863529998668,-5.6325795166288385e-05
shared,7.2,BC,0.9999862651765017,-5.66482567597045e-05,0.9999862667810362,-5.664903476360144e-05
shared,7.2,AC,0.9999452584738122,-0.0001127900735708274,0.9999452648349607,-0.00011279624773123401
shared,7.3,AB,0.9999908769265766,-4.6078949259289305e-05,0.9999908779882211,-4.6079369612148305e-05
shared,7.3,BC,0.9999908389194004,-4.625360275914412e-05,0.9999908399891081,-4.625402646302307e-05
shared,7.3,AC,0.9999634429250845,-9.223248743113821e-05,0.9999634471786559,-9.223585904279259e-05
shared,7.4,AB,0.9999939044254456,-3.768093990508036e-05,0.9999939051353766,-3.768116957562479e-05
shared,7.4,BC,0.9999938876826769,-3.7775211702424454e-05,0.9999938883961647,-3.777544257994831e-05
shared,7.4,AC,0.999975589211155,-7.540152205968605e-05,0.9999755920539192,-7.540336257234535e-05
shared,7.5,AB,0.9999959283647188,-3.080490884179357e-05,0.999995928839192,-3.080503425891379e-05
shared,7.5,BC,0.9999959209916433,-3.085575739355107e-05,0.9999959214676841,-3.0855883245164245e-05
shared,7.5,AC,0.9999837009355645,-6.163085001575293e-05,0.9999837028347763,-6.163185447928573e-05
shared,7.6000000000000005,AB,0.9999972807810698,-2.517896545869107e-05,0.9999972810980607,-2.5179033920675734e-05
shared,7.6000000000000005,BC,0.9999972775348615,-2.520637930177386e-05,0.9999972778525431,-2.5206447920111174e-05
shared,7.6000000000000005,AC,0.9999891176216007,-5.036907442618237e-05,0.9999891188901363,-5.036962252487741e-05
shared,7.7,AB,0.9999981842029826,-2.057797625292118e-05,0.9999981844147096,-2.0578013615512314e-05
shared,7.7,BC,0.999998182773952,-2.059275113635668e-05,0.9999981829859832,-2.0592788555197572e-05
shared,7.7,AC,0.9999927343947118,-4.116184997526299e-05,0.9999927352418669,-4.1162149019943436e-05
shared,7.8,AB,0.999998787572069,-1.6816369192902252e-05,0.9999987877134642,-1.6816389579977507e-05
shared,7.8,BC,0.9999987869430486,-1.6824330540805386e-05,0.9999987870845778,-1.682435094811383e-05
shared,7.8,AC,0.9999951492266368,-3.363585644241606e-05,0.999995149792325,-3.363601959043894e-05
shared,7.9,AB,0.9999991904908176,-1.3741638051146671e-05,0.999999190585234,-1.37416491742729e-05
shared,7.9,BC,0.9999991902139577,-1.374592736657809e-05,0.999999190308433,-1.3745938496981454e-05
shared,7.9,AC,0.999996761497063,-2.7484923186688072e-05,0.9999967618747747,-2.7485012190059833e-05
shared,8.0,AB,0.99999945952878,-1.1228696995076402e-05,0.9999994595918218,-1.1228703063395327e-05
shared,8.0,BC,0.9999994594069267,-1.123100772152179e-05,0.9999994594699945,-1.1231013792457842e-05
shared,8.0,AC,0.9999978379104111,-2.245826331483962e-05,0.9999978381625984,-2.245831186794609e-05
shared,8.1,AB,0.9999997611079021,-7.465340617062084e-06,0.9999997611357678,-7.465342400334707e-06
shared,8.1,BC,0.9999992630625484,-1.311262850109188e-05,0.999999263148519,-1.3112638163534497e-05
shared,8.1,AC,0.9999981850330972,-2.0576944009771965e-05,0.999998185244803,-2.0576981353407903e-05
shared,8.2,AB,0.9999998944086221,-4.9632421642092165e-06,0.999999894420939,-4.963242688244096e-06
shared,8.2,BC,0.9999991157258057,-1.4363582383560567e-05,0.9999991158289621,-1.4363595083929241e-05
shared,8.2,AC,0.9999983990149842,-1.9326123385935815e-05,0.9999983992017341,-1.9326154324413198e-05
shared,8.3,AB,0.9999999533282585,-3.299737150162725e-06,0.9999999533337027,-3.299737304155235e-06
shared,8.3,BC,0.9999990103457439,-1.5195249723467944e-05,0.9999990104611919,-1.5195264760356879e-05
shared,8.3,AC,0.9999985338525115,-1.8494514947884195e-05,0.9999985340235352,-1.849454206150192e-05
shared,8.4,AB,0.999999979370958,-2.193776409036692e-06,0.9999999793733644,-2.1937764542886794e-06
shared,8.4,BC,0.9999989370034756,-1.5748164872336973e-05,0.9999989371274781,-1.5748181611297414e-05
shared,8.4,AC,0.9999986202150805,-1.7941625834014592e-05,0.9999986203760317,-1.794165058770835e-05
shared,8.5,AB,0.9999999908819095,-1.458495169970516e-06,0.9999999908829731,-1.4584951832681728e-06
shared,8.5,BC,0.9999988867924361,-1.6115758630977147e-05,0.9999988869222951,-1.6115776569786338e-05
shared,8.5,AC,0.9999986761811303,-1.7574043582945014e-05,0.999998676335554,-1.757406684601709e-05
shared,8.6,AB,0.9999999959697812,-9.69655487325264e-07,0.9999999959702512,-9.696554912328839e-07
shared,8.6,BC,0.9999988527692891,-1.6360145859605263e-05,0.9999988529031165,-1.6360164627028934e-05
shared,8.6,AC,0.999998712748007,-1.7329661440704274e-05,0.9999987128981658,-1.7329683746639412e-05
shared,8.700000000000001,AB,0.9999999982186333,-6.44658701482975e-07,0.999999998218841,-6.446587026312592e-07
shared,8.700000000000001,BC,0.9999988298661764,-1.652262195214063e-05,0.9999988300026751,-1.6522641284338507e-05
shared,8.700000000000001,AC,0.9999987367754547,-1.7167187596367294e-05,0.999998736922811,-1.7167209280720968e-05
shared,8.8,AB,0.9999999992126316,-4.285901696314436e-07,0.9999999992127234,-4.285901699688757e-07
shared,8.8,BC,0.9999988145141705,-1.6630641126365642e-05,0.9999988146524598,-1.6630660840245175e-05
shared,8.8,AC,0.9999987526244195,-1.7059169415849456e-05,0.9999987527699273,-1.705919069341252e-05
shared,8.9,AB,0.9999999996519813,-2.849407398153362e-07,0.9999999996520218,-2.8494073991449324e-07
shared,8.9,BC,0.9999988042522867,-1.670245569264367e-05,0.9999988043917729,-1.6702475663037574e-05
shared,8.9,AC,0.9999987631059601,-1.698735528879149e-05,0.9999987632502455,-1.6987376298741965e-05
shared,9.0,AB,0.9999999998461748,-1.894379053700983e-07,0.9999999998461927,-1.8943790539923636e-07
shared,9.0,BC,0.9999987974053783,-1.675020031247005e-05,0.9999987975456631,-1.6750220454628545e-05
shared,9.0,AC,0.9999987700499575,-1.6939610863102162e-05,0.999998770193433,-1.6939631696382606e-05
shared,9.1,AB,0.9999999999320089,-1.2594450264455115e-07,0.9999999999320168,-1.259445026531136e-07
shared,9.1,BC,0.9999987928425129,-1.6781942472690047e-05,0.9999987929833299,-1.6781962729586546e-05
shared,9.1,AC,0.9999987746557364,-1.6907868788693547e-05,0.9999987747986746,-1.6907889505067774e-05
shared,9.200000000000001,AB,0.9999999999699478,-8.373201586567667e-08,0.9999999999699513,-8.373201586819281e-08
shared,9.200000000000001,BC,0.99999878980419,-1.6803045687303392e-05,0.9999987899453614,-1.6803066020722077e-05
shared,9.200000000000001,AC,0.9999987777130273,-1.6886765612008155e-05,0.9999987778556089,-1.688678625090184e-05
shared,9.3,AB,0.9999999999867168,-5.566777688386966e-08,0.9999999999867184,-5.566777688460905e-08
shared,9.3,BC,0.9999987877821004,-1.681707578891014e-05,0.9999987879235076,-1.681709617330977e-05
shared,9.3,AC,0.9999987797435007,-1.6872735527165403e-05,0.9999987798858455,-1.6872756114654548e-05
shared,9.4,AB,0.9999999999941288,-3.700975486134733e-08,0.9999999999941295,-3.7009754861564604e-08
shared,9.4,BC,0.9999987864368151,-1.6826403456488146e-05,0.9999987865783792,-1.6826423874828684e-05
shared,9.4,AC,0.9999987810924917,-1.6863407866992395e-05,0.9999987812346791,-1.68634284203534e-05
shared,9.5,AB,0.9999999999974049,-2.4605292891699395e-08,0.9999999999974051,-2.4605292891763243e-08
shared,9.5,BC,0.9999987855420126,-1.6832604793482653e-05,0.9999987856836811,-1.683262523440905e-05
shared,9.5,AC,0.9999987819889321,-1.685720653327285e-05,0.999998782131015,-1.6857227063965237e-05
shared,9.6,AB,0.999999999998853,-1.635840172407528e-08,0.9999999999988531,-1.635840172409404e-08
shared,9.6,BC,0.9999987849469363,-1.6836727644346428e-05,0.9999987850886741,-1.6836748100297855e-05
shared,9.6,AC,0.9999987825847324,-1.6853083683846005e-05,0.9999987827267458,-1.6853104199476788e-05
shared,9.700000000000001,AB,0.9999999999994931,-1.0875599333122466e-08,0.9999999999994931,-1.0875599333127979e-08
shared,9.700000000000001,BC,0.9999987845512295,-1.683946864998725e-05,0.9999987846930135,-1.683948911593188e-05
shared,9.700000000000001,AC,0.9999987829807593,-1.685034267884271e-05,0.9999987831227265,-1.6850363184464117e-05
shared,9.8,AB,0.999999999999776,-7.230453375332501e-09,0.999999999999776,-7.230453375334121e-09
shared,9.8,BC,0.9999987842881151,-1.684129095992178e-05,0.9999987844299297,-1.6841311432512015e-05
shared,9.8,AC,0.9999987832440151,-1.6848520369185857e-05,0.9999987833859516,-1.6848540868154513e-05
shared,9.9,AB,0.999999999999901,-4.807041377121082e-09,0.999999999999901,-4.807041377121559e-09
shared,9.9,BC,0.9999987841131722,-1.6842502491008065e-05,0.9999987842550073,-1.6842522968017313e-05
shared,9.9,AC,0.9999987834190204,-1.684730883823283e-05,0.9999987835609364,-1.6847329332779316e-05
shared,10.0,AB,0.9999999999999563,-3.1958779932601577e-09,0.9999999999999563,-3.1958779932602975e-09
shared,10.0,BC,0.9999987839968575,-1.6843307956398332e-05,0.9999987841387062,-1.684332843634584e-05
shared,10.0,AC,0.9999987835353628,-1.684650337289643e-05,0.9999987836772652,-1.684652386450326e-05
shared,10.1,AB,0.9999999999999807,-2.1247239960015174e-09,0.9999999999999807,-2.1247239960015583e-09
shared,10.1,BC,0.9999987839195246,-1.6843843456067733e-05,0.9999987840613822,-1.6843863937968844e-05
shared,10.1,AC,0.9999987836127079,-1.684596787324628e-05,0.9999987837546014,-1.684598836289889e-05
shared,10.200000000000001,AB,0.9999999999999916,-1.4125858613782824e-09,0.9999999999999916,-1.4125858613782944e-09
shared,10.200000000000001,BC,0.9999987838681098,-1.6844199473724854e-05,0.9999987840099734,-1.6844219956924853e-05
shared,10.200000000000001,AC,0.999998783664128,-1.684561185559804e-05,0.9999987838060155,-1.684563234395149e-05
shared,10.3,AB,0.9999999999999962,-9.391331688345506e-10,0.9999999999999962,-9.391331688345541e-10
shared,10.3,BC,0.999998783833927,-1.6844436165880882e-05,0.9999987839757947,-1.6844456649944454e-05
shared,10.3,AC,0.9999987836983132,-1.6845375163441558e-05,0.9999987838401967,-1.6845395650931314e-05
shared,10.4,AB,0.9999999999999983,-6.243663877299716e-10,0.9999999999999983,-6.243663877299726e-10
shared,10.4,BC,0.999998783811201,-1.6844593526553382e-05,0.9999987839530714,-1.6844614011191097e-05
shared,10.4,AC,0.9999987837210405,-1.6845217802777738e-05,0.9999987838629213,-1.6845238289693294e-05
shared,10.5,AB,0.9999999999999993,-4.150991553418913e-10,0.9999999999999993,-4.1509915534189153e-10
shared,10.5,BC,0.9999987837960918,-1.684469814506099e-05,0.9999987839379638,-1.6844718630080427e-05
shared,10.5,AC,0.9999987837361501,-1.6845113184264856e-05,0.9999987838780292,-1.6845133670798672e-05
shared,10.6,AB,0.9999999999999998,-2.759714570775217e-10,0.9999999999999998,-2.7597145707752175e-10
shared,10.6,BC,0.9999987837860465,-1.6844767698863827e-05,0.9999987839279197,-1.6844788184137044e-05
shared,10.6,AC,0.9999987837461954,-1.6845043630472108e-05,0.9999987838880733,-1.6845064116752132e-05
shared,10.700000000000001,AB,1.0,-1.8347482976053183e-10,1.0,-1.8347482976053183e-10
shared,10.700000000000001,BC,0.9999987837793682,-1.684481394049703e-05,0.9999987839212423,-1.684483442593897e-05
shared,10.700000000000001,AC,0.9999987837528739,-1.6844997388837516e-05,0.999998783894751,-1.6845017874948814e-05
shared,10.8,AB,1.0,-1.219800471197893e-10,1.0,-1.219800471197893e-10
shared,10.8,BC,0.9999987837749282,-1.684484468345315e-05,0.9999987839168027,-1.684486516900726e-05
shared,10.8,AC,0.9999987837573139,-1.6844966645881886e-05,0.9999987838991905,-1.684498713188101e-05
shared,10.9,AB,1.0,-8.10963105315021e-11,1.0,-8.10963105315021e-11
shared,10.9,BC,0.9999987837719764,-1.684486512236857e-05,0.9999987839138513,-1.6844885607997255e-05
shared,10.9,AC,0.9999987837602657,-1.6844946206965227e-05,0.999998783902142,-1.6844966692889775e-05
shared,11.0,AB,1.0,-5.391547131357669e-11,1.0,-5.391547131357669e-11
shared,11.0,BC,0.9999987837700138,-1.6844878710827263e-05,0.999998783911889,-1.684489919650553e-05
shared,11.0,AC,0.9999987837622283,-1.6844932618515438e-05,0.9999987839041043,-1.6844953104390404e-05
shared,11.1,AB,1.0,-3.584476644324155e-11,1.0,-3.584476644324155e-11
shared,11.1,BC,0.9999987837687091,-1.6844887744876006e-05,0.9999987839105844,-1.6844908230587238e-05
shared,11.1,AC,0.999998783763533,-1.684492358446235e-05,0.999998783905409,-1.6844944070304354e-05
shared,11.200000000000001,AB,1.0,-2.3830784947458936e-11,1.0,-2.3830784947458936e-11
shared,11.200000000000001,BC,0.9999987837678417,-1.6844893750998418e-05,0.9999987839097171,-1.6844914236731564e-05
shared,11.200000000000001,AC,0.9999987837644004,-1.6844917578344195e-05,0.9999987839062763,-1.684493806416428e-05
shared,11.3,AB,1.0,-1.584348577683648e-11,1.0,-1.584348577683648e-11
shared,11.3,BC,0.999998783767265,-1.684489774407369e-05,0.9999987839091405,-1.6844918229821405e-05
shared,11.3,AC,0.9999987837649772,-1.684491358526722e-05,0.9999987839068529,-1.6844934071072737e-05
shared,11.4,AB,1.0,-1.0533261492790333e-11,1.0,-1.0533261492790333e-11
shared,11.4,BC,0.9999987837668816,-1.6844900398799305e-05,0.9999987839087571,-1.6844920884556707e-05
shared,11.4,AC,0.9999987837653606,-1.6844910930536036e-05,0.9999987839072363,-1.6844931416331866e-05
shared,11.5,AB,1.0,-7.0028572914270775e-12,1.0,-7.0028572914270775e-12
shared,11.5,BC,0.9999987837666267,-1.68449021637407e-05,0.9999987839085022,-1.684492264950454e-05
shared,11.5,AC,0.9999987837656155,-1.6844909165591e-05,0.9999987839074911,-1.684492965138039e-05
shared,11.6,AB,1.0,-4.655729066477335e-12,1.0,-4.655729066477335e-12
shared,11.6,BC,0.9999987837664572,-1.684490333713967e-05,0.9999987839083329,-1.6844923822907794e-05
shared,11.6,AC,0.9999987837657849,-1.6844907992192678e-05,0.9999987839076605,-1.6844928477977787e-05
shared,11.700000000000001,AB,1.0,-3.0952708131352437e-12,1.0,-3.0952708131352437e-12
shared,11.700000000000001,BC,0.9999987837663444,-1.684490411725528e-05,0.9999987839082201,-1.684492460302625e-05
shared,11.700000000000001,AC,0.9999987837658976,-1.6844907212079473e-05,0.9999987839077732,-1.6844927697861737e-05
shared,11.8,AB,1.0,-2.057840385875616e-12,1.0,-2.057840385875616e-12
shared,11.8,BC,0.9999987837662696,-1.684490463589431e-05,0.9999987839081452,-1.6844925121667176e-05
shared,11.8,AC,0.9999987837659725,-1.6844906693434908e-05,0.9999987839078481,-1.6844927179215278e-05
shared,11.9,AB,1.0,-1.3681150100888697e-12,1.0,-1.3681150100888697e-12
shared,11.9,BC,0.9999987837662199,-1.6844904980712815e-05,0.9999987839080955,-1.6844925466486936e-05
shared,11.9,AC,0.9999987837660222,-1.684490634862593e-05,0.9999987839078979,-1.684492683440504e-05
shared,12.0,AB,1.0,-9.095727370876122e-13,1.0,-9.095727370876122e-13
shared,12.0,BC,0.9999987837661868,-1.6844905209954045e-05,0.9999987839080624,-1.6844925695729e-05
shared,12.0,AC,0.9999987837660554,-1.684490611939296e-05,0.9999987839079311,-1.6844926605171237e-05
